-0.736506 -0.091369 -0.315343 0.437625 0.019951 0.055511 -0.259207 -0.580970 
-0.000192 -0.482635 -0.442974 -0.064636 0.217281 -0.578224 0.436890 0.100857 
-0.650738 -0.108150 0.159474 0.110466 -0.165872 0.054123 -0.546156 -0.224343 
0.139191 -0.449891 0.221964 0.173741 -0.042622 -0.431374 -0.204835 -0.266357 
-2.255483 -3.922901 -1.055674 -1.491036 -0.294476 0.299617 1.007683 0.611667 
-2.663102 -10.736569 -3.810772 -2.077401 0.670773 -0.104253 -0.007063 0.219269 
-3.291368 -5.132798 -3.946256 -1.297884 2.164295 3.561953 0.044785 0.341339 
-1.026941 -1.524608 1.070873 0.930072 1.435682 2.601641 -0.155945 0.290005 
1.226977 0.258657 2.435506 0.024851 1.189710 -0.841784 -0.777072 0.019581 
-0.138725 -0.560247 0.061344 -0.038481 0.077124 -0.920493 0.270577 -3.071888 
0.812356 0.293335 -0.299713 0.424138 0.291962 -1.012859 -0.347011 -0.451655 
-0.712083 0.248336 0.517143 -0.080171 -0.198690 0.659268 0.433197 0.085122 
0.067741 0.302448 -0.052860 -0.360732 0.164948 -0.181693 0.265238 -0.367432 
0.133318 0.413042 0.083201 0.032439 -0.404552 0.846414 0.454729 0.038985 
0.006327 0.013650 -0.317395 -0.068961 -0.274196 -0.095079 0.267069 0.324561 
-0.295227 0.362840 1.092604 1.732742 1.974759 0.070293 0.191859 0.562950 
1.016659 0.219255 3.229985 0.727551 0.368197 0.452743 0.309469 0.671617 
-0.034642 -0.138960 0.280127 1.718981 -0.082421 0.349843 4.787800 1.766770 
-0.220173 0.225328 2.771158 2.703848 1.066386 0.595749 -0.171727 -0.123033 
0.545150 1.236823 1.506001 0.810223 1.099509 5.708312 1.520243 1.081974 
0.254107 0.550077 -0.258539 0.644561 -0.207873 0.536146 0.826752 0.384005 
0.543954 -0.059816 0.299286 -0.342896 0.397888 0.612870 0.184517 0.849920 
0.783422 0.281653 0.365378 0.324614 -0.210566 0.042534 -0.027807 0.283386 
0.360221 0.494308 -0.169581 0.083082 0.113242 -0.096313 0.378777 0.499277 
0.198181 -0.300682 -0.002130 0.292898 0.200227 0.203308 -0.192730 0.040173 
-0.173413 -0.250385 -0.209992 0.176597 -0.109741 -0.083484 -0.046021 0.088226 
-0.323280 -0.380829 -0.562328 -0.515312 0.308777 -0.468891 0.292754 -0.294556 
-0.583676 -0.835202 -0.082714 0.889712 0.792073 0.040117 0.616282 0.228181 
0.048325 -0.689014 0.446901 0.051825 0.827769 0.767259 1.124440 0.831324 
-0.474569 -0.052154 0.286370 -0.114788 1.735721 1.524049 1.421706 2.032210 
-0.447629 0.458329 -0.917461 -0.527240 -0.310078 -0.637183 3.226388 0.195801 
0.198246 0.609023 0.442338 -0.024550 -0.855112 -0.051934 0.246550 0.241653 
0.696660 -0.599137 0.014813 -0.333862 -0.484680 0.288855 0.196838 -0.540042 
-0.451281 0.081464 0.399287 0.596369 -0.078972 -0.223400 -0.196808 0.524084 
-0.090302 0.233899 0.009915 -0.323216 0.040650 0.431462 -0.046753 -0.219645 
0.106553 0.444183 -0.341293 0.092007 0.077935 -0.236519 -0.121276 0.467902 
0.117877 -0.129865 -0.213734 0.044026 -0.571517 0.104275 -0.314709 -0.004730 
0.488910 -0.194685 -0.481842 -0.807967 -0.895990 1.409510 0.391472 -0.188260 
0.360435 -0.894270 0.016081 -0.240307 1.499358 2.862239 2.196635 0.998715 
0.113312 -1.061465 0.031281 0.370276 -0.077424 1.953944 0.597012 0.180296 
-0.744426 -0.845341 -0.358599 0.298553 -0.483719 -2.612642 0.169742 0.399739 
0.292872 -0.050285 -0.148341 0.323275 -0.311873 -1.219424 1.080896 2.715703 
0.100963 -0.196567 -0.476732 -0.225119 -0.187430 -0.467808 0.537200 -0.279967 
-0.373837 0.216986 -0.702191 0.641118 0.028015 -0.050262 0.143414 -0.227814 
-0.245104 0.376888 -0.026119 0.200794 0.138832 -0.461834 0.371122 -0.312877 
-0.050564 0.436646 -0.122528 -0.041916 -0.337780 -0.036252 -0.005729 -0.382477 
-0.247428 -0.338745 0.488892 -0.084173 0.066861 -0.252302 0.132903 -0.016531 
-0.417744 0.333020 -0.162081 0.426868 0.026276 -0.276306 0.031365 0.282336 
-0.321838 -0.296975 -0.211728 0.408508 -0.131273 -0.387528 0.265664 0.435057 
0.552447 -0.022180 -1.323298 -0.372288 -0.724678 0.690921 1.626173 1.230101 
1.350331 -0.672471 -0.787134 -0.510016 0.247650 0.410170 1.481662 1.669035 
0.873081 -0.668083 -0.021494 0.425110 0.469732 0.688565 1.255247 0.666614 
0.814995 0.405568 -0.320190 0.389404 0.372351 0.237102 -0.235839 0.650413 
0.222690 0.183207 0.248755 0.460531 0.425788 0.196822 -0.443065 0.182007 
0.237616 0.421190 0.056596 -0.156227 -0.507329 0.442139 -0.489197 -0.293009 
-0.394897 -0.190472 0.379811 -0.013271 0.096714 0.391210 -0.421267 -0.122447 
-0.813250 -0.005141 -0.072174 -0.343133 0.628252 0.362344 -0.361952 -0.383324 
0.299622 0.090308 0.332492 -0.123810 -0.105277 -0.095003 0.139888 -0.173913 
0.152053 -0.174763 0.145349 0.367559 -0.043823 -0.046526 -0.373945 0.142332 
-0.396431 0.096529 -0.338699 -0.141775 -0.299042 -0.158205 -0.847007 0.586077 
0.359608 0.273089 0.013820 0.556574 -0.051546 0.403210 -3.496262 0.265606 
0.611865 1.581513 0.210570 0.743210 0.334208 0.458612 0.532197 1.895770 
1.017334 2.680784 0.659796 -0.383480 -0.085363 0.007529 1.776803 1.812408 
1.648741 1.837894 0.259857 0.042090 -0.048316 0.581287 0.779948 -0.575124 
0.719820 -2.967561 0.610512 0.926186 0.971882 -0.089868 0.376413 -0.037721 
0.974949 0.287643 -0.013554 -0.188419 0.836577 -0.424035 -0.379272 -0.071808 
0.331238 -0.268280 0.414713 0.488469 0.425818 0.513310 -0.877706 0.234375 
0.289818 -0.091906 -0.293130 -0.291901 0.227142 0.157705 -0.163291 -0.449034 
0.072847 0.169403 0.324629 -0.114643 0.403320 0.062043 -0.604822 0.368550 
-0.218908 0.414186 -0.351193 -0.289946 -0.602877 0.261731 0.174713 0.342651 
0.276561 -0.043061 0.310089 0.403574 0.238979 0.448364 0.251739 0.743204 
0.277337 0.772454 -0.328720 0.571481 -0.875655 -0.947523 0.660943 -1.406474 
-0.346234 0.075803 -0.041469 0.199949 0.295331 -0.424647 -0.156834 0.344558 
-0.324757 2.694634 1.161678 1.461758 0.027056 -0.301636 0.575509 0.399125 
-0.122765 1.338788 1.040325 0.385161 -0.473542 0.384790 -0.492412 -0.422903 
1.520722 0.935986 2.014888 0.098740 -0.412691 -0.074561 -1.000790 -0.633805 
0.010419 0.483119 0.107941 0.354289 0.124226 0.422596 -0.551829 0.001526 
0.276794 0.276978 0.246155 0.229828 0.181763 0.186305 0.167502 0.702594 
0.357289 -0.205889 -0.242973 -0.112085 0.389618 -0.127513 0.164586 -0.655658 
0.122626 0.335123 -0.031311 0.130728 -0.091246 -0.431305 0.435202 -0.097331 
0.111553 0.409402 0.015053 -0.019938 -0.424110 -0.298483 -0.254928 0.011556 
0.075847 -0.381450 0.086655 -0.216644 0.244355 -0.252202 -0.498566 -0.112252 
-1.245352 -0.243004 -0.362943 0.120887 0.417169 -0.636743 -0.234197 -0.433289 
-3.559530 -1.076592 0.198132 -0.495639 0.104037 -0.519827 -0.439884 -0.159393 
-0.685798 -2.875919 -1.216239 -0.717010 0.208536 0.304273 -0.275002 0.420868 
0.241371 -0.034844 -0.849100 -0.695336 0.101636 -0.208367 0.375216 -1.275762 
-0.074708 0.181379 -0.420008 -0.249605 0.416246 0.304889 -0.534419 -0.204289 
-0.609083 0.248780 -0.401470 0.281506 -0.469106 0.326950 -0.185402 0.230081 
-0.238068 0.232452 0.105501 -0.152796 -0.150849 0.112130 -0.432730 0.136311 
-0.090442 -0.181710 0.575883 -0.168802 0.356456 -0.159363 0.147461 0.501975 
-0.471427 -0.288824 0.437814 0.434143 -0.115526 -0.006557 -0.483002 0.551682 
-0.123898 -0.344761 0.086800 0.557735 -0.292028 -0.273626 0.044336 0.366302 
-0.243317 -0.375397 -0.380306 -0.124937 -0.016022 0.023257 -0.225816 0.268616 
0.587098 0.509769 0.142649 -0.234370 0.305117 -0.404150 0.165935 -0.295262 
0.145158 1.000517 1.894630 1.086269 0.691473 -0.214665 0.444771 0.264803 
-0.078369 -0.284156 1.574061 2.144376 1.096914 -1.074712 0.006806 0.345604 
0.241552 0.368762 0.156699 0.175733 0.745718 0.315633 -0.239220 0.414185 
-0.117771 0.403725 0.193612 1.247819 0.780287 -0.102463 0.451331 0.330601 
-0.246624 -0.083339 0.370079 0.141665 0.462124 -0.417301 -0.039754 0.428462 
0.353725 -0.285553 0.391449 0.453352 0.445343 -0.056706 0.176086 -0.415951 
0.691283 0.425131 0.134114 -0.239755 -0.391589 0.609145 0.426697 0.291516 
-0.095299 -0.034338 0.290799 -0.369264 -0.046082 0.610106 0.455313 0.487732 
0.456434 1.321902 0.300772 -0.278093 0.947332 -0.181167 0.154833 0.109028 
0.262492 -0.213384 0.140994 -0.068416 0.313894 0.478770 -0.227452 -0.249493 
0.310364 -0.604498 -0.272172 -0.517089 -0.505350 0.232328 -0.125796 0.490768 
-0.008872 -0.993790 1.155893 2.311214 -0.179570 -0.526232 -0.928940 1.369851 
0.046217 -0.462418 1.458476 2.921983 -0.935017 -1.122339 -1.249714 0.354536 
0.132213 -0.416232 1.691002 2.624991 1.975971 0.079075 -0.398148 -0.296724 
0.740794 0.524325 -0.186531 0.957916 1.865349 3.442745 0.865919 1.177972 
0.849701 0.379242 0.288912 -0.739551 -0.252800 -0.438806 -0.146099 -0.312870 
0.610452 -0.120800 -0.042999 0.289551 0.294092 -0.139641 0.014183 -0.361326 
0.116549 0.943513 -0.136911 -0.132113 -0.070758 -0.125046 -0.394455 -0.391266 
-0.184103 -0.277318 -0.032882 0.009156 -0.483126 0.252289 0.605515 -0.473399 
0.380188 0.090861 0.177117 0.392691 -0.849100 0.045325 -0.516522 -0.460529 
0.192515 0.064586 0.284997 -0.145966 0.197949 0.246375 -0.164667 0.377032 
0.497790 -0.169617 -21.837212 -32.445915 -33.070271 -15.416175 -0.545274 -0.127883 
0.385314 -0.102350 -36.335793 -63.489067 -61.138134 -30.034998 -0.431774 0.322959 
-0.579479 0.495929 -37.454659 -62.525375 -57.737370 -30.785187 -0.455838 -0.929781 
0.464336 -0.314250 -19.935459 -33.208294 -31.690845 -17.248569 0.826283 0.659520 
0.007151 1.113958 0.676328 -0.242253 1.058460 -0.228621 0.319252 0.348425 
0.726470 2.122958 0.007679 0.489558 0.401509 -0.051573 0.053049 -0.014164 
0.351005 0.409121 0.281185 0.498505 0.143188 0.337496 -0.459901 0.042100 
0.221727 0.047884 -0.345721 -0.022438 0.206431 0.328809 -0.473651 0.382854 
0.214417 -0.467655 -0.224229 0.329444 -0.120983 -0.265936 -0.076477 0.365464 
-0.316215 0.443115 0.051169 0.534355 -0.218782 0.632091 0.191106 -0.154076 
-0.456935 -0.211165 -0.297182 0.437650 -0.493084 0.374931 -0.034660 0.316162 
0.498274 -0.298243 0.062103 2.789633 3.574950 3.443343 1.617209 0.293807 
-0.108977 -0.415066 0.428602 4.356717 7.321679 5.757568 2.495559 -0.403436 
-0.377808 -0.352298 0.218214 3.830822 5.977144 6.369226 2.465816 0.343944 
-0.410517 -0.247310 0.275749 1.995473 3.502515 3.265947 1.074009 -0.410317 
-0.974951 0.252679 -0.402938 -0.209292 -0.310821 -0.297622 -1.003408 -1.190699 
-0.008515 0.030323 -0.226553 -0.052352 0.088978 0.068463 -0.458938 0.269882 
-0.491208 -0.273267 -0.364706 -0.263664 -0.343262 -0.237091 -0.270447 0.269623 
-0.130188 0.079315 -0.270402 0.220713 -0.469187 0.207517 -0.325666 -0.739718 
-0.266233 -0.281097 -0.045634 -0.114140 -0.527427 0.299426 -0.437153 -0.170197 
0.101186 -0.104898 0.094849 -0.010862 -0.266545 0.385644 0.241187 0.163269 
-0.296075 0.272884 0.394115 0.269876 -0.343100 0.155283 -0.046349 -0.502322 
0.476111 -0.012851 0.065564 -0.103729 0.482695 0.778700 1.960387 0.668545 
0.080342 0.040056 1.054779 0.369063 0.977073 3.543987 2.687223 2.772154 
0.017670 0.054006 1.085583 0.184561 1.695599 0.116488 2.285411 2.028433 
0.701455 1.250324 -0.032461 -0.325751 0.486850 2.232944 0.964385 2.087364 
1.070736 0.753942 0.509056 -0.354809 -0.069643 -0.228152 -1.202097 0.598246 
0.479521 -1.129056 -0.512108 -0.281192 0.267501 0.157336 -0.447538 -0.176645 
0.190821 0.751961 0.734664 -0.815811 -0.186535 0.139282 0.367279 -0.124828 
0.035715 0.442612 -0.134903 -0.227512 -0.686310 0.375319 0.129914 -0.032861 
0.213171 -0.510092 0.493866 0.043296 -0.459462 -0.079694 0.446594 -0.223562 
-0.453827 0.233296 0.385603 -0.209625 0.099193 0.112457 0.456265 -0.299556 
0.496767 0.005003 0.198832 0.418317 0.469908 -0.253160 -0.255515 0.462184 
-0.181819 -0.148887 0.003910 -0.869873 -0.328461 0.115024 0.284779 1.676235 
-0.407128 0.116591 -0.145686 -0.276497 -0.642067 0.581365 -3.649395 4.993753 
1.233036 -0.483728 0.496555 0.561850 -0.175874 -0.331590 -2.049556 0.554793 
-0.088829 -3.392370 1.378309 0.698193 -0.174244 0.423151 -0.246305 -2.137141 
-4.277266 -1.886162 0.130978 -0.167277 -0.482112 0.685131 -0.392081 -1.178641 
-0.698212 -1.177840 1.225331 0.052621 -0.433521 -0.167053 -0.591489 -0.237666 
0.304574 -0.104111 -0.238287 -0.361989 -0.327584 0.268711 0.183685 0.467407 
-0.343209 0.107474 0.277972 0.487520 -0.327839 0.516560 -0.342577 -0.030265 
-0.157776 -0.247540 0.345705 -0.480347 -0.247494 -0.455166 0.064970 -1.036297 
-0.364958 0.493774 -0.108680 0.125586 0.489716 -0.280366 -0.957482 0.482254 
0.162546 0.257488 -0.390964 0.514550 0.345020 -0.340638 0.161302 -0.536673 
-0.277546 -0.378860 -0.002632 -0.309243 0.479054 0.163300 -0.372382 0.007901 
-0.549578 0.520028 -0.186422 -0.061857 -0.940299 -0.272846 0.577135 -3.115189 
-3.974047 -0.791348 0.956560 -0.248561 -0.788234 0.280910 0.041170 -5.617654 
-5.344452 0.661702 1.398013 0.684648 0.671738 0.254944 -0.160660 1.077302 
-4.023341 0.937262 -0.201963 0.273394 0.400169 -0.852152 -0.720617 -0.121002 
-1.147181 1.424559 -0.828271 0.023406 -0.376441 -0.767124 0.221954 -0.078778 
0.339135 0.565341 -0.071335 0.595329 0.066496 -0.670392 -0.120649 0.264008 
0.412170 0.285462 -0.262418 0.553579 0.116647 -0.834306 -1.666326 -0.473399 
-0.432335 0.262534 0.238398 -0.261751 0.317535 -0.479167 0.043510 -0.353622 
-0.014977 -0.467041 -0.037720 -0.181043 -0.001516 -0.041595 0.258569 0.599758 
-0.082157 0.069972 -0.165341 -0.488689 0.165801 0.084681 0.136892 -0.303837 
0.190162 -0.253631 0.380705 0.236206 0.122742 0.028473 0.273010 0.061452 
-0.041266 -0.163633 -0.846391 -0.092751 0.003883 0.236633 0.103087 0.095323 
-0.901488 0.588431 0.339418 -0.022158 0.436441 0.269135 -0.123596 0.289681 
-0.474737 0.058200 1.552614 0.770065 0.276616 -0.096053 0.386720 -0.247369 
-0.338113 0.149116 1.089291 0.583539 0.392260 0.269805 -0.449431 0.402604 
-0.291593 0.714654 0.908222 -2.630615 -0.539315 0.008284 -0.034457 -0.459501 
0.482176 0.270367 0.161675 0.133213 0.153020 -0.124098 0.258519 -0.205502 
0.475891 -0.109100 -0.460785 0.341968 -0.215132 0.077103 0.208918 -0.029445 
-0.482565 0.205825 0.227695 -0.063269 0.494544 0.161835 -0.228424 -0.081596 
-0.243145 0.185558 -0.179481 0.195648 -0.212321 -0.305157 -0.339874 -0.437063 
-0.103546 0.225013 -0.040364 0.286655 -0.018913 -0.398333 0.191023 -0.222026 
0.093090 0.389406 -0.053152 0.467903 0.222536 0.400159 0.282379 0.048920 
1.102260 2.011720 1.954658 0.819034 0.420855 0.026777 1.890013 0.904634 
2.231229 4.795653 4.613145 -0.584820 1.217622 -0.248229 0.584188 -0.134475 
1.898769 2.613314 -0.067693 -2.647863 1.811654 -1.674019 0.142388 0.045728 
1.431206 0.818816 0.665137 2.948306 2.793107 0.545377 0.378379 -0.105537 
0.138435 -0.255641 0.707113 0.782281 1.936402 0.186329 0.344780 -0.002096 
0.456866 -0.068104 0.478861 0.498573 0.030790 0.162890 0.633717 0.023129 
0.149028 0.109192 -0.498688 0.456280 -0.379902 -0.589536 0.419813 0.282454 
-0.457598 -0.309356 -0.438449 -0.432957 -0.368899 0.326435 -0.215851 0.409352 
0.186746 -0.037671 0.362022 0.136314 -0.083649 0.246182 -0.510839 -0.307465 
-0.081586 -0.279454 0.143535 0.032954 -0.081033 -0.012799 -0.242156 0.023321 
-0.267881 0.087886 -0.039646 -0.288766 0.195412 -0.279480 0.272095 -0.086035 
0.276428 -0.123903 1.299136 -1.501746 1.054808 0.282126 -0.249017 -0.283420 
-0.398171 -0.602871 -2.059558 -0.380975 0.024784 -0.186168 -0.453518 -0.417549 
-0.197548 -0.174744 1.177774 -2.396596 -1.873669 -0.681934 -1.254517 0.414635 
-0.039214 -0.519182 0.079477 -2.391309 -3.479770 -2.085387 -0.973374 -0.335402 
-0.082154 -0.813844 -0.049322 -0.138207 -1.744553 3.468757 2.427473 0.066958 
-0.170297 -0.579903 -0.174993 -0.367977 -0.518469 -0.067303 0.166400 -0.452847 
0.006125 -0.562317 -0.086487 -0.287170 0.185547 -0.456742 0.382457 0.164140 
0.100652 -0.555963 0.287750 -0.256530 -0.136336 0.231310 -0.299572 0.099518 
0.150414 0.041179 0.311738 0.385660 0.160737 0.401611 -0.520270 0.178780 
-0.112518 0.292707 0.477011 -0.638192 -0.458169 0.481302 0.015342 -0.073902 
-0.435432 -0.614383 0.074609 0.458475 0.485164 -0.185050 0.462585 0.364367 
-0.042621 0.271362 0.408195 -0.161511 0.846536 0.628851 -0.227672 0.448056 
-0.048572 -0.047334 0.979292 -2.818935 2.013109 0.850445 0.370642 -0.274330 
-0.463911 -0.400389 0.850993 1.758699 2.297601 1.313906 -0.861639 -1.178301 
-0.436220 -0.496200 0.997205 0.465728 1.006691 0.036377 -1.016634 -0.058504 
-0.372718 0.581670 0.209525 -0.500224 -0.362085 -1.092190 -2.299075 -0.197319 
0.541950 0.102712 -0.189915 -0.254097 0.387886 0.228109 -0.079605 0.281374 
0.437984 0.292777 -0.234852 0.472809 0.006287 -0.300440 -0.322598 0.213129 
-0.149072 0.569393 0.064838 0.468363 0.100379 -0.032897 -0.189329 -0.225237 
-0.221375 0.139160 0.769864 0.120627 0.412951 0.343750 0.316223 0.199121 
0.109575 0.154236 0.809808 -0.385483 0.448840 0.194653 -0.235242 0.260109 
-0.231165 -0.194526 -0.397516 -0.263885 -0.114410 -0.431396 -0.347473 -0.135010 
-0.365875 -0.481754 -0.493378 0.192305 -0.557041 1.005308 -0.502969 0.009492 
-0.486770 -0.466361 -0.312195 0.064203 -1.286793 -0.747513 -1.217957 -0.364088 
0.020444 -0.029996 -0.343175 -0.036438 -0.511835 0.253745 -1.021781 -0.824503 
-1.731206 -0.950052 -0.735021 0.374787 -0.055351 -0.566722 -0.089617 -0.898836 
-0.288171 0.386711 0.166480 0.149810 -0.193115 -0.377118 -0.139317 -0.526945 
0.138584 -0.046014 -0.132572 -0.124129 -0.340472 0.107794 -0.069412 0.481411 
0.818240 0.331792 0.340795 0.304994 -0.255707 -0.039429 0.333801 -0.289036 
-0.053092 0.163964 -0.329209 0.407401 -0.428355 -0.300563 -0.556838 -0.008850 
0.196490 0.072632 -0.104647 -0.033330 -0.308682 -0.338151 0.278782 0.261963 
0.438216 -0.403733 0.204102 0.233119 -0.032030 -0.644739 -0.215457 0.365024 
-0.325911 0.190260 -0.345218 -0.149570 0.278268 -0.595974 -0.424919 0.228169 
-0.187317 0.425641 0.192249 -0.385834 0.448593 0.800159 -0.324215 0.317938 
-0.123343 0.124042 -0.397685 -0.210115 0.541046 -0.619157 -0.909908 -0.481938 
0.066811 -1.135878 -1.456772 0.057620 0.176709 -0.038763 -1.934725 -1.197819 
-0.907972 -0.302361 -0.770312 -0.018897 -0.229679 0.348928 0.306532 -0.825851 
-2.182686 0.207732 -0.340597 -0.011754 0.103858 0.137686 -0.902513 -1.115793 
-0.816767 0.669295 -0.375060 -0.343859 -0.153327 -0.144605 0.649642 -0.024535 
-0.031734 -0.665298 0.028425 -0.222993 0.318978 0.491730 0.396454 -0.099179 
0.320555 -0.376912 -0.482269 -0.313825 -0.384602 -0.115456 0.199791 0.388196 
-0.446393 0.537238 -0.017700 -0.311493 -0.502333 0.458139 0.302693 -0.144030 
0.234406 -0.214249 -0.516342 0.267944 0.093950 -0.392190 0.439439 -0.581187 
-0.410965 -0.508456 0.227743 0.189039 -0.366121 -0.227333 -0.067161 0.469656 
-0.144276 -0.016663 0.070605 -0.071672 -0.058960 -0.364981 -0.638541 -0.578405 
-0.460418 -0.122091 -0.024047 -0.129634 0.348156 -0.140374 -2.912958 1.129738 
0.384337 -0.120322 -0.499560 -0.796487 -0.039624 -0.395751 1.722913 2.107851 
-0.367756 -0.137666 -0.213260 0.261392 -0.052876 0.388928 -0.564062 -2.132078 
-2.086235 -0.756034 -0.014215 -0.240214 0.204243 0.055069 -0.122737 -1.884917 
-4.436634 -0.437955 0.948722 0.478883 0.672089 -0.351339 -0.375579 0.357107 
-0.044989 0.233273 -0.831723 -0.128023 -0.234838 0.345748 -0.126831 -0.305908 
0.406400 0.321472 -0.737589 0.176651 0.638944 -0.747052 -0.138405 -0.429630 
0.462985 0.397197 -0.489277 -0.038605 -0.141207 0.565831 -0.401763 0.393782 
0.082640 0.198700 0.133266 0.095647 0.119537 0.389096 -0.140295 -0.421999 
0.028919 0.088594 0.502135 0.311880 0.090030 -0.353346 0.227280 0.101790 
0.098550 -0.257807 -0.314492 0.152614 -0.266565 -0.483795 -0.291058 -0.411816 
-0.417896 -0.501972 0.118141 -0.325396 1.491109 0.192713 -0.424592 -1.137933 
-1.348850 -1.200547 0.231414 0.380034 1.591966 0.081306 -0.119145 -2.472343 
-1.988551 -0.050025 -0.048016 -0.493855 0.063192 0.106625 -0.423134 -1.256183 
-2.263720 -1.621754 -1.575417 -0.080597 0.430406 -0.302177 0.056189 -0.464433 
-0.357288 -1.677593 -0.601451 -0.426923 -0.248452 0.141306 0.409820 -0.018115 
-0.140182 -0.225384 0.316930 -0.412597 -0.218150 -0.649519 -0.061230 0.134888 
-0.118866 0.101960 0.352814 0.201798 0.031343 -0.145011 -0.203469 -0.171148 
0.531887 0.057900 0.465238 0.307149 -0.330597 -0.265299 -0.523415 -0.314865 
0.460247 -0.218029 -0.382172 -0.199003 0.174003 -0.044647 -0.374553 0.338596 
0.590153 -0.174756 0.171113 0.152084 0.077523 0.031607 -0.326213 -0.275452 
-0.130075 -0.627374 0.435655 -0.216919 -0.113190 -0.307921 -0.188019 -0.368733 
-0.195869 -0.053102 -0.426358 0.223558 -0.065301 0.415599 0.127003 -0.141133 
2.428770 2.295347 -0.224687 -0.267219 0.834847 0.601289 -0.031597 0.025327 
1.326649 3.301735 -0.209807 -0.662958 -0.595882 0.652323 0.158586 0.495941 
-0.462998 -5.838548 -3.103127 -2.569074 -3.602599 0.082189 -0.182366 0.743605 
0.078104 -4.519852 -1.617293 -4.665596 0.012791 0.099646 -0.218398 0.402136 
-0.030672 -0.152130 -0.057754 0.031593 0.219735 -0.840306 0.694796 0.197785 
0.031677 0.359406 0.068302 0.256134 0.413647 0.485905 0.624433 0.323484 
-0.519144 -0.016572 0.032860 -0.149141 -0.143026 0.153625 -0.420546 0.008840 
0.154984 -0.221036 0.253118 0.303345 -0.050542 0.465875 0.273438 -0.322998 
0.439028 -0.240113 -0.096091 0.281324 -0.057399 -0.326104 0.716981 0.246880 
-0.306909 0.060574 0.706083 0.361627 0.274693 -0.491332 0.343280 0.377350 
-0.033335 -0.702379 0.809457 0.224275 0.121962 -0.295446 1.449900 0.096665 
-0.307752 -0.954936 0.556165 0.371550 0.247248 0.129306 4.481048 -0.292053 
0.042918 1.232065 1.410833 0.827586 0.595131 1.432130 0.534999 -0.465113 
-0.382733 2.378526 2.661996 -0.171165 2.540547 1.003104 0.041780 -0.165592 
0.249824 0.137395 0.746249 -1.126852 -1.705095 0.401961 0.286819 -0.107927 
-0.140226 0.269830 -0.477587 -0.464894 -0.408943 0.363394 1.311095 0.209464 
-0.488521 -0.446930 0.009827 -0.000680 -0.088135 0.278909 0.213871 -0.333334 
0.290802 -0.893221 0.094940 -0.779079 0.410719 0.314548 0.055237 0.523309 
0.036923 0.032080 0.305977 -0.165456 0.220856 -0.135411 1.022061 0.148315 
-0.231012 0.883479 -0.073238 -0.121332 -0.283564 0.040175 -0.119486 0.341602 
-0.304239 0.412498 -0.048077 0.158512 -0.406965 0.318603 0.386222 -0.031185 
0.088531 0.472587 -0.196029 -0.848390 -0.100037 -0.328944 0.112868 0.669129 
-0.718985 -0.050814 0.586767 8.015698 18.376936 -0.083562 -0.738299 0.023082 
-0.006334 0.180949 -1.149319 7.445983 21.715452 -0.723315 -0.467461 -0.691907 
-0.204843 -0.213905 -1.313360 3.173539 4.807589 -2.931524 -0.618636 0.497626 
0.590297 -0.883181 -0.790758 5.437166 5.854154 -0.761300 -0.255725 0.669041 
0.709068 -0.072983 -0.553216 -0.580814 0.152219 0.048784 -0.494694 -1.017692 
0.215917 0.237593 -0.406982 0.201874 -0.391729 -0.225723 -0.493233 -0.284483 
0.227019 0.222635 -0.291787 0.323179 0.216627 -0.108073 0.059181 0.315308 
0.107366 -0.064530 0.361491 -0.065930 0.068622 0.184448 0.007095 -0.035647 
0.030670 -0.015369 -0.053625 -0.092261 -0.252852 -0.460551 -0.083668 -0.446701 
-0.194388 0.469364 -0.494737 -0.037390 -0.444152 0.315080 0.480836 0.488220 
-0.387329 -0.279327 0.068307 0.649983 0.347130 -0.183884 -0.398416 0.013958 
1.492445 0.147393 0.468266 1.595158 1.686660 1.305950 -0.211988 0.365595 
1.203315 0.431554 1.013382 0.939674 1.713964 0.724055 0.618601 1.302678 
0.333345 0.138355 0.127980 0.740247 1.100903 0.957705 -0.261559 0.118188 
-0.113204 -0.262592 -0.036273 0.440132 0.018439 0.214303 -0.281553 0.329136 
0.608604 -0.521080 0.034293 -0.311544 -0.217459 0.153325 -0.377808 -0.293944 
0.120958 0.515046 -0.009434 -0.324432 -0.254028 -0.083588 0.392212 -0.196732 
-0.362475 0.070298 0.160726 -0.158199 -0.162798 0.120846 -0.263118 -0.636206 
0.211792 -0.333927 0.278140 0.116577 0.137229 -0.296677 -0.472290 -0.049017 
0.222049 -0.279572 -0.428691 -0.250977 -0.045244 -0.030056 -0.074059 0.113561 
0.436889 -0.113398 0.283940 0.105094 0.177849 0.440755 0.019704 0.259983 
0.118183 0.172138 -0.395905 0.215477 -0.149177 0.237414 0.486059 -0.420622 
-0.041023 -0.371045 -0.614013 -0.164191 2.001143 2.843739 2.180717 1.172839 
0.635686 -0.940959 0.312965 0.282529 -1.228477 3.910440 1.663306 2.313540 
3.194482 0.534496 0.014433 0.284139 0.946212 0.205792 -0.210566 0.756662 
1.290611 0.306066 -0.236536 -0.198204 0.627372 -0.496054 0.483933 -2.521059 
-1.964156 -1.176149 0.010432 -0.080398 -0.052802 0.572336 1.366922 0.281606 
-0.044914 0.817661 -1.268977 -0.175635 -0.451843 0.379456 0.101897 -0.008392 
0.391028 0.471049 -0.802290 -0.514967 0.777931 -0.273876 0.134469 -0.535477 
0.492086 -0.294891 -0.177154 0.465882 -0.448823 0.038490 -0.453193 0.156189 
-0.231355 0.036896 0.284790 0.409747 -0.252161 -0.435179 0.191036 0.346088 
0.357674 0.190302 0.260139 0.103272 0.236170 -0.287062 0.314617 0.312943 
-0.366144 0.021709 0.072192 -0.398285 0.046854 -0.387010 -0.331152 -1.137290 
-0.680444 -0.432606 -0.841897 -1.015141 0.260749 -3.427287 -2.468882 -1.512220 
-0.796062 -0.236518 -0.499864 -0.823778 0.348236 -1.377060 -1.646058 -1.851223 
-0.119649 -0.784512 -0.437033 -0.398909 0.397771 -0.373524 -0.268027 -0.415527 
0.879565 0.572250 0.522813 -0.229111 -1.123520 0.297034 -1.244129 -0.506269 
-1.958184 -0.372723 -0.244914 -0.089585 0.385384 0.217787 -0.544682 -0.518032 
-0.029037 -0.033507 -0.352905 -0.412277 -0.387958 -0.305450 -0.220093 0.244934 
0.200592 0.223528 0.038385 -0.184412 0.037818 0.309710 -0.367720 -0.073499 
-0.004470 0.205780 -0.183655 -0.386771 0.012758 -0.364180 -0.006612 0.059950 
-0.320068 0.366594 0.191420 -0.271667 0.460696 -0.553460 -0.024329 -0.295930 
0.252545 0.029947 0.241342 -0.383374 0.371608 0.167313 -0.180587 0.365464 
0.124154 0.357361 0.233991 0.154352 0.345062 -0.290317 0.713941 -0.291554 
0.439145 0.213161 0.408461 -0.561975 -0.952007 0.220056 -0.993356 -0.891522 
-0.080068 -0.038200 -0.054553 -0.275422 -0.755634 0.110413 0.289192 -1.322194 
-0.807359 -1.098208 -0.556789 -0.200395 -0.500837 -0.033483 -0.372300 -0.693236 
-0.603969 -0.596247 0.032516 0.480698 0.023477 -0.915897 0.015656 0.632216 
-0.045560 -0.508325 -0.207167 0.170979 -0.022566 -0.802535 -0.150550 0.666169 
-0.609742 -0.517771 -0.309945 -0.455688 -0.361181 -0.340205 0.408783 -0.333160 
-0.419803 0.410889 0.141809 0.138783 -0.286305 0.274143 0.552983 0.376328 
0.570433 0.070475 0.372156 0.423431 0.503798 -0.218009 -0.087037 -0.128790 
0.244030 -0.091522 0.247348 -0.074963 -0.015137 0.217063 -0.498236 0.267164 
-0.017112 -0.045928 -0.288539 -0.291666 -0.047659 -0.085131 0.463299 0.224099 
-0.454819 0.153543 0.176591 -0.501765 0.485255 -0.094727 0.109025 0.095257 
0.526326 0.396196 -0.207941 -0.188352 1.468383 0.164498 0.463579 2.220550 
0.967172 0.592776 0.039533 -0.850237 0.079651 -0.230946 0.444092 -0.365974 
2.400373 2.543012 0.860865 0.651019 0.294365 -0.072269 0.347840 0.083491 
-0.311813 2.777133 0.009695 0.858358 0.454831 0.938834 0.970495 0.994380 
-0.200600 1.570741 0.506408 1.302824 1.472263 1.747307 0.545371 0.103727 
0.213243 -0.078838 0.894019 2.800077 2.848813 1.165599 0.249141 0.328064 
0.096954 0.325685 0.131612 2.145514 1.454786 0.907020 0.934076 0.357590 
-0.377670 0.169141 -0.346554 0.236713 0.248627 0.117465 0.922475 0.470104 
0.271376 -0.328307 -0.325958 -0.175905 -0.587056 -0.396729 0.640700 -0.800949 
-0.507534 -0.177031 0.337016 0.716967 -0.384008 -0.313681 0.546384 -0.127224 
0.576545 -0.192681 0.299044 0.273046 0.292438 -0.609919 -0.333954 0.559696 
-0.222838 -1.392427 0.157146 0.356271 0.714836 0.055282 0.121523 -0.400840 
-4.395439 -2.671868 -0.659972 0.378421 3.614122 5.030527 0.026199 0.011441 
-0.994371 -2.922972 -2.395204 1.234886 4.348769 3.403514 -0.063722 -0.371170 
0.686961 -0.917598 -3.540519 1.016362 -0.018441 0.459841 0.105186 -1.352275 
-0.784008 -0.742987 0.091044 -2.600936 0.229683 -0.023258 0.781695 -0.356975 
0.094798 -0.210767 0.536827 -0.665110 -0.234631 0.323906 -0.638575 -0.472978 
0.052521 -0.108826 -0.164959 -0.491820 -0.171820 -0.431110 -0.599132 0.439105 
-0.736930 0.326789 -0.022683 0.387988 -0.575377 0.236694 -0.243135 -0.239225 
-0.063041 -0.323995 0.182560 0.048798 -0.310014 0.053008 0.151703 -0.246928 
1.237721 0.059575 0.713786 0.617243 -0.296854 -0.434974 0.328052 -0.433753 
0.403306 0.450693 0.546313 -0.636892 0.305420 -0.374357 -0.298528 0.420868 
0.133107 -0.286056 -0.351056 -0.132025 -0.233248 -0.057153 2.770867 2.469026 
-0.665566 4.765515 0.029434 -0.516380 0.373107 0.007018 -0.190351 1.041367 
-0.456291 3.707371 -0.162839 -1.621595 -1.089522 1.704811 -0.293835 0.305167 
-0.307358 -0.235611 2.120970 1.066158 2.369315 0.465215 -0.113891 -0.074525 
1.423360 0.917980 2.075054 0.151182 3.202305 -1.034035 0.292855 -0.609518 
0.246964 0.363681 -0.328777 0.570446 0.969845 -0.420970 0.579129 -1.697107 
0.367681 0.001404 0.065796 0.348336 -0.397125 -0.611270 -0.454241 -0.097656 
0.185691 -0.504988 -0.034705 -0.271543 0.218569 -0.234903 -0.197571 0.034177 
-0.435352 -0.397614 0.249662 0.101854 0.345551 0.192178 -0.095248 0.183228 
-0.029500 0.432901 0.077855 0.300338 -0.208377 -0.275677 -0.008828 -0.312913 
0.179376 0.412076 0.375520 0.483129 -0.463661 0.119751 0.414146 0.502246 
0.447906 -0.284224 -0.390875 -0.273585 -0.958108 0.064816 -0.610895 -0.727438 
0.240525 -0.700969 3.021606 -1.960877 -2.282624 0.023182 -2.717791 -3.911160 
0.292498 -0.829573 0.824332 -2.364685 -3.369568 -2.520531 -3.262228 -2.514565 
0.069264 -1.015995 -1.723499 -1.823126 -2.003998 -0.406630 -0.339886 -0.042972 
0.273397 0.428741 -0.286877 0.734632 -0.239340 7.249068 0.227284 0.920704 
0.983712 -0.262794 0.115022 0.401141 0.455535 1.355446 -0.263246 -0.149575 
-0.025956 0.297796 -0.223785 0.489624 -0.391231 -0.503015 -0.407447 -0.456437 
-0.314950 -0.193678 -0.160862 -0.309254 -0.398540 -0.043110 0.307845 -0.132507 
-0.105489 -0.556998 0.310420 0.356796 -0.295907 0.157135 -0.414506 0.563274 
0.398804 0.163435 0.229426 0.240864 0.273857 -0.716227 0.616876 -0.175293 
0.073177 0.124498 0.082301 0.441693 -0.355779 -0.052559 0.428630 0.360401 
-0.520552 -0.163177 0.472376 -0.866188 -1.752923 -0.006866 -0.080054 0.055420 
1.310389 -0.065959 0.615007 -5.041362 -5.873463 -1.493257 0.215662 -0.158129 
0.761791 -0.288305 -0.280929 0.135179 -3.083900 -2.986407 -1.368435 -0.978822 
0.142009 0.468051 -0.569524 -0.267641 -0.266011 -0.142157 -1.419792 -0.019370 
-0.252310 -0.221204 -0.605073 -0.050146 -0.709682 2.108965 2.114266 -0.247719 
-0.494993 -0.178514 -0.104197 -0.069571 0.687485 0.140763 0.315630 -0.635396 
-0.341882 -1.225626 -0.259779 0.338654 -0.437012 -0.185178 0.321289 -0.128434 
0.078808 -0.518780 0.000144 0.653797 0.211457 -0.068957 0.054901 -0.620825 
0.026825 0.238171 -0.010695 -0.120001 0.256968 -0.359442 -0.095428 -0.180043 
0.209069 -0.273163 0.569470 -0.090812 0.211559 0.401419 -0.295583 -0.296570 
0.095725 0.490562 0.356612 0.367969 0.173230 0.067742 0.399890 -0.102637 
-0.238327 -0.156370 0.463287 0.091225 0.114969 -1.008766 0.055162 0.250506 
0.240736 1.442577 1.877687 -0.800648 -1.389634 -3.448864 -1.727713 -0.048011 
-0.522186 0.672592 -0.758617 -1.204226 -2.260910 -4.102169 -4.461197 -0.667222 
-5.930564 -1.358312 -1.176305 -0.344517 -1.267653 -3.137006 -2.523338 -1.791751 
-0.839432 0.038695 0.066416 1.058474 -0.312199 -0.985063 -3.592055 -2.081844 
-0.812781 -0.741237 0.047622 1.292651 0.357425 -0.199373 -0.693675 0.439421 
-0.107967 -0.225090 -0.270266 -0.234861 0.072876 -0.170166 0.194583 0.451537 
-0.290494 0.209566 -0.253610 -0.520538 -0.299896 0.300349 0.457470 -0.321271 
-0.121072 -0.108917 0.225938 -0.623549 -0.830538 -0.273263 -0.389167 0.243958 
0.195944 -0.388840 0.224030 -0.617169 -0.253038 0.527188 -0.058828 0.464133 
0.486540 -0.340694 0.219890 -0.303274 -0.178974 0.113275 -0.163358 0.217984 
-0.362120 0.020029 -0.098934 0.043976 -0.484189 -1.318665 -0.675472 -0.464983 
0.434948 -0.405543 0.109992 -0.234876 0.479401 -5.719328 -1.369647 -0.526577 
0.664512 0.491996 0.477470 -0.478753 -0.407166 -1.347487 -1.434238 -0.881586 
1.341451 1.653911 0.663412 -0.151150 0.319513 2.441384 2.191315 0.167332 
-0.202999 1.551779 -0.337301 -0.401986 -0.108154 0.418443 0.301346 0.804683 
0.492032 -0.102138 0.006539 0.310509 -0.641272 0.070913 -0.146928 0.200785 
-0.076912 0.008273 0.191949 -0.070602 0.330391 -0.395996 -0.100647 0.463767 
0.052338 0.182162 -0.046534 -0.276550 0.004957 -0.113346 -0.038734 -0.366908 
0.109893 -0.352086 0.463196 0.466336 -0.191282 -0.286494 0.400559 -0.345600 
0.039154 -0.239500 0.472911 0.298981 -0.212346 0.274639 -0.160517 0.589600 
-0.164232 0.174722 0.373176 0.429095 -0.442575 0.326192 -0.349301 -0.494583 
-0.399668 0.132767 -0.459579 0.230626 0.466248 0.430780 0.527051 -1.167401 
-0.157143 -0.405829 0.024610 1.349785 0.237509 0.884567 -1.613039 -0.955726 
-0.807346 0.111718 0.505516 1.444541 -0.267578 0.387879 -1.988970 -1.139106 
0.286892 0.265153 0.330906 -0.203251 0.227442 0.266244 -0.004082 -0.801749 
-0.917522 -1.836115 -0.109454 -0.351986 -0.274573 -0.587148 0.152590 -0.881862 
0.030913 -0.782565 -0.620818 -0.119202 -0.253942 -0.053536 0.281264 0.037362 
0.797348 -0.129683 -0.906579 -0.899601 0.008388 0.104184 -0.102142 0.183533 
-0.230927 -0.274434 -0.446412 -0.503342 -0.028028 0.263808 -0.136283 -0.491987 
0.281822 0.290501 -0.248351 -0.371033 -0.011128 0.128077 -0.476511 -0.121051 
-0.102766 -0.247772 -0.561819 0.387140 -0.412720 -0.426596 -0.849251 0.068899 
-0.222294 0.082821 0.003577 -0.092533 -0.476788 0.093444 -0.002194 0.327592 
0.093727 0.316823 -0.479516 0.185274 -0.115807 0.389862 -0.162304 -0.204107 
0.444244 0.766080 0.459504 -0.288809 0.639661 0.501324 -0.108507 -0.962781 
-1.368847 -0.131794 -0.244605 -0.409081 0.075937 -0.279200 0.419129 0.037017 
-1.156678 -1.714885 -0.146587 -1.295491 -0.425786 0.364643 0.437218 -0.271073 
-1.173931 -2.324988 -1.254163 -1.825085 0.381406 -0.366656 0.453572 -0.095273 
-0.684143 -0.486517 -0.382641 -0.952704 -0.343679 -0.033023 0.455106 0.330106 
-0.373076 -0.495930 -0.546995 -1.271867 -1.079342 -1.713384 0.299026 -0.015839 
-0.436340 -0.352905 0.041662 -1.813283 -0.170678 0.428372 0.205464 0.271303 
0.179100 -0.605074 0.128091 -0.147516 0.293121 0.158057 0.287886 0.543939 
0.475722 -0.405639 -0.148956 -0.288962 0.178195 0.169464 -0.138761 0.509530 
0.358878 0.095296 0.210688 0.380787 -0.145373 0.187631 -0.153619 0.492936 
-0.202480 -0.475847 0.246547 -0.236525 0.212880 0.332382 -0.229309 0.676184 
0.008764 0.521749 0.604502 -0.058021 0.267428 -0.281997 -0.292060 1.067683 
1.496277 1.478973 1.128152 0.432791 0.214020 -0.540455 -0.325543 1.215322 
2.122063 2.936595 0.746324 0.326131 -0.522748 -0.598141 0.364906 0.661599 
0.706466 2.576588 1.943750 -0.256005 0.684948 -0.043032 0.199307 -0.137439 
0.128930 -0.287757 0.383443 1.737286 1.670046 0.013866 -0.457471 -0.011029 
-0.548107 0.221595 0.191553 0.506455 0.495906 0.232472 1.385937 0.071026 
0.439880 0.494232 -0.229572 -0.322968 -0.136961 0.465701 0.639516 -0.267439 
-0.123047 0.014817 -0.411344 0.426363 0.167949 -0.319641 0.030524 0.610421 
-0.089395 0.114743 -0.482195 0.494019 0.404596 -0.804073 -0.460052 0.110549 
-0.080036 0.247703 0.161739 0.157724 0.105417 -0.493990 -0.314281 -0.044959 
0.005441 -0.492666 -0.282243 0.109739 -0.330048 0.250763 -0.379346 -0.226715 
-0.350598 -0.542593 0.446417 0.144346 0.489410 -0.144889 -0.561586 -0.014194 
0.133308 -2.700070 -0.536534 0.492032 1.183558 0.295642 0.059837 -0.009272 
-0.110626 -0.660110 -2.193738 -0.253049 1.658141 1.384969 -0.444475 0.189268 
0.184224 -0.285435 0.033813 -0.228516 -0.886020 0.434361 -0.192520 0.341288 
-0.062988 -0.420082 -0.113244 -0.845980 -0.541351 -0.254421 0.163109 -0.236889 
0.033762 0.087964 -0.506899 0.194342 -0.144609 0.460952 -0.474872 -0.557727 
-0.079041 -0.148102 0.049469 0.156478 0.221443 -0.195439 0.291392 0.429164 
0.344472 0.197845 -0.117943 0.452769 0.148891 -0.461611 -0.336761 0.172423 
-0.588700 -0.233270 0.475876 -0.418308 0.140686 0.420458 0.374542 0.114716 
0.433805 0.046589 0.299411 -0.452117 0.081077 -0.188483 0.012026 -0.211643 
-0.279739 0.318334 -0.181346 0.406210 0.484298 -0.303851 0.444914 -0.165639 
0.334229 -0.473286 -0.983536 -1.162789 -1.026667 -0.932397 -0.435236 -0.344883 
0.497256 -0.412136 -1.858392 -1.775802 -0.629734 -2.141673 -0.083916 -0.179936 
0.403440 -0.267261 -1.240859 -1.894078 -1.451488 -2.420478 -0.093673 -0.374191 
0.184824 -0.448275 -1.009578 -3.466366 -1.968667 -1.428166 -0.321764 0.041039 
0.188608 0.201413 -0.497419 0.505633 -0.437608 -1.135753 -0.105860 -0.291443 
0.002876 -0.571191 0.031635 0.225352 0.461186 -0.562585 -0.339738 -0.582242 
-0.166639 -0.493164 -0.337341 0.329498 -0.444273 -0.295498 -0.129436 -0.122222 
0.264270 0.057831 0.612755 0.454804 0.231147 -0.283666 0.282612 -0.018341 
-0.506554 0.063933 -0.396773 -0.040350 0.261496 0.162292 -0.025796 -0.365996 
-0.078339 0.769215 -0.236244 0.332672 -0.446629 -0.630666 -0.377136 -0.270759 
-0.110423 -0.176071 0.088175 0.392053 -0.006764 0.033472 -0.207275 -0.462105 
0.296509 -0.279419 0.356239 -0.283787 -0.139932 0.481508 0.218152 -0.100864 
-0.609696 -0.402505 -0.178060 -0.880057 -0.954338 -0.075419 -0.481163 0.092508 
0.035921 -0.099408 -0.090790 -0.500450 -1.342417 -0.851782 -0.908549 -0.524759 
-0.576406 0.300239 -0.474942 0.190966 -0.344988 -0.476597 -0.560868 -0.416986 
-0.074985 0.323314 -0.221084 0.152151 0.155863 -0.814083 -0.746981 0.013863 
-0.706647 -0.486901 0.103671 0.296481 -0.316029 -0.600309 -0.135879 -0.092322 
-0.086478 -0.318411 0.021877 0.402039 0.280243 0.070434 -0.037537 -0.324094 
0.277969 -0.054088 0.474979 -0.509252 0.298924 0.436847 0.304230 0.205085 
-0.297699 -0.331250 -0.536974 0.037446 0.160370 0.082584 -0.193909 0.339504 
0.026103 -0.236389 -0.367337 0.239320 0.035001 -0.342840 -0.456929 -0.271861 
-0.461776 -0.138040 0.410230 0.175357 0.198954 0.356036 0.192572 -0.113844 
0.012118 0.454882 -0.388062 -0.084708 0.284164 -0.321150 0.620560 0.227219 
-0.333674 -0.880504 -0.337100 0.494805 1.914973 -1.307988 -0.405399 0.056610 
0.447918 0.428311 -0.189617 -0.487623 -0.713305 -1.752714 -0.400804 -1.608963 
-1.389705 1.337132 0.091303 -0.082612 0.470136 -1.745477 -1.414724 -1.026636 
-1.598610 -0.350128 -0.189618 -0.232368 -0.215359 0.169811 -0.046534 0.785014 
0.387838 -0.352220 0.372479 0.381434 0.356905 -0.159407 -0.649821 0.397536 
-0.132378 -0.178011 0.979064 0.364105 0.132507 -0.341827 0.081207 0.303986 
0.653873 0.120363 0.431412 -0.857670 -0.647035 0.297899 0.173876 -0.153724 
-0.226369 -0.464966 -0.010685 -0.254043 -0.408252 -0.316588 -0.060165 0.308472 
0.418512 0.752822 0.390350 0.218615 -0.140803 0.308844 -0.470644 -0.222623 
0.026181 -0.241386 -0.297775 0.044429 0.394363 -0.199351 0.117171 0.208874 
0.373901 0.445046 -0.437583 -0.165894 0.142359 0.627770 2.021648 0.495133 
-0.237377 0.716330 -0.098436 0.470473 0.649608 -1.661969 4.524332 1.005291 
-0.394631 0.271988 -0.583590 0.366493 0.286269 -0.318356 3.875995 1.127760 
1.064508 0.860580 -0.182528 -0.161037 -0.157630 -0.241302 1.398733 1.908041 
2.780056 0.417739 0.028477 0.107659 0.525884 0.308943 0.789013 1.796328 
-1.656288 0.528332 0.160511 0.401670 0.373128 -0.262609 0.454378 0.277777 
0.157431 0.771772 0.599450 1.778832 0.297219 0.299927 0.399200 -0.289236 
0.074773 0.957432 -0.278295 0.478045 0.433272 -0.169160 -0.212885 -0.038931 
0.277789 0.434751 0.496429 0.097789 0.000449 0.208663 0.043479 -0.283728 
0.371704 0.239505 0.129762 0.377869 -0.271309 -0.267198 -0.310186 0.515901 
-0.002145 -0.514264 -0.005976 -0.278064 -0.317745 0.394895 -0.451410 0.242890 
-0.385236 0.121887 -0.154572 0.299900 -0.303192 0.080169 1.043803 0.727257 
-0.495454 -0.276723 -0.081858 0.050426 0.761817 -0.044958 -1.030875 -0.979105 
-0.129227 -0.028630 -0.331052 -1.216469 0.038326 -0.182430 -0.377461 -0.976422 
-2.432343 -0.853837 -0.480221 -0.323484 0.185177 0.258716 -0.745599 -0.152990 
-0.339905 -0.396896 0.278941 -0.173207 -0.352563 1.167568 0.438489 0.374644 
-0.243936 -0.598065 -0.268474 -0.334198 -0.336243 0.019249 0.318788 0.313548 
0.025947 -0.126636 0.442032 0.015466 0.025759 0.524390 -0.102142 0.343781 
-0.377883 -0.177307 -0.335284 -0.352636 0.074013 0.404191 0.463739 0.465084 
-0.249754 0.056983 -0.385474 0.196655 0.158798 0.353903 0.322988 0.290802 
-0.026728 -0.073486 0.206824 0.056274 0.300446 0.120454 0.358074 -0.122880 
0.452197 0.175931 0.279541 -0.205979 0.227099 -0.092866 -0.230954 -0.390610 
0.214218 0.138290 0.202239 -0.403383 -0.268893 0.252960 -0.012064 -1.138285 
0.681705 -0.106941 -0.430954 -0.020762 0.647615 0.260685 0.423797 -1.449779 
0.893593 0.443576 -0.144559 0.878791 1.002564 0.121864 0.032256 1.296455 
1.117962 -0.195143 0.317680 1.626627 0.279042 -0.044457 -0.287664 0.807941 
1.856672 0.564150 1.930122 0.538012 -0.072025 -0.222773 0.189134 0.268267 
0.531983 1.310240 0.411028 -0.033752 0.738647 0.394193 0.357751 0.106850 
-0.586846 0.602839 -0.359371 -0.203024 0.050254 0.422291 -0.016005 0.233063 
-0.061371 0.412636 0.018498 0.308417 0.384646 0.076022 0.939574 -0.068450 
0.292544 0.049275 -0.407406 0.070300 -0.462128 0.391066 -0.493222 -0.007341 
0.345545 -0.475901 -0.087158 0.255858 -0.321969 -0.292572 -0.749113 0.323141 
0.058819 0.074329 -0.260069 0.446035 0.266302 0.494970 -0.309812 0.284277 
-0.221435 0.242810 -0.212493 0.169547 -0.278894 -0.414502 -0.488464 0.138326 
0.138488 -0.022085 0.093285 0.398373 -0.339519 0.396066 0.291494 0.376398 
0.926703 0.126488 1.079705 0.244510 0.215016 0.513212 -0.209231 -0.122711 
0.634209 0.804784 1.214696 1.102458 0.917248 0.754294 0.461800 -0.130425 
0.848937 1.028202 1.522461 0.948165 0.448198 -0.417569 -0.324430 0.166105 
0.629232 0.341855 1.026619 0.222258 0.029975 0.311067 -0.300438 -0.208386 
0.395453 0.275477 0.399888 -0.009303 0.437356 -0.293369 -0.530072 -0.462930 
0.436127 0.494080 0.298626 -0.472443 0.237443 0.459341 -0.148034 -0.264040 
0.084426 -0.420707 0.453825 0.250820 0.134925 0.165070 0.214980 0.761398 
-0.339643 0.427025 0.373868 0.034027 0.261523 0.442081 0.195862 0.089190 
-0.545222 -0.083689 -0.079034 -0.091023 0.188464 -0.467674 0.136571 0.163455 
-0.086279 -0.104542 0.404187 -0.142733 0.084717 0.124609 -0.140545 0.017578 
0.304717 1.375592 0.512845 -0.381304 0.193628 -0.302525 -0.763447 -0.316980 
1.151319 -2.427597 -0.083526 -0.411891 -0.114700 -0.209923 -1.177896 -0.000631 
0.235291 -0.332121 -0.646802 -0.254828 -0.871621 1.021784 0.278153 0.317371 
0.349119 -0.381970 -0.289387 -0.446838 -0.838678 -0.551165 -0.397277 0.375540 
0.882101 -0.180330 0.094113 0.601861 -1.917337 -0.203391 0.357353 -0.215964 
0.459028 0.229653 0.449503 -0.510480 -0.481498 -0.318077 0.436287 -0.481630 
0.090787 -0.492828 -0.364960 -0.140793 -0.397278 -0.351803 0.387116 -0.332771 
0.614811 0.856059 -0.338082 0.715501 0.122227 -0.560576 0.412964 -0.126281 
-0.506030 0.258942 -0.367046 0.358539 -0.108917 0.321687 0.334247 -0.188141 
0.188658 -0.138295 -0.067795 -0.509161 0.425778 0.466888 0.116225 -0.701469 
0.743187 52.118225 52.017044 45.672482 0.389329 -0.094452 0.378206 -0.230313 
0.067932 51.574585 51.629677 45.314320 0.330343 -0.372178 0.050346 0.429801 
0.249782 52.030148 61.209164 45.670517 0.666194 -0.090886 0.015595 7.054934 
0.941039 10.492728 52.698978 53.327412 47.556534 18.706978 1.492242 40.022640 
4.436694 4.365634 43.096291 53.157822 53.529762 20.336670 -0.032857 0.077015 
-0.107174 -0.379452 39.775616 53.072525 52.819534 20.557325 0.532438 -0.129403 
0.138524 -0.201366 9.557713 12.533970 13.571081 4.622023 0.383407 0.152206 
0.413747 -0.408231 -0.066559 0.057922 0.292027 0.336212 -0.220332 0.112977 
-0.259921 0.984625 0.208067 0.052932 -0.228114 -0.115741 0.531446 0.060120 
-0.201304 -0.480717 -0.261430 0.271890 0.428973 -0.108948 0.414720 -0.147817 
-0.067535 -0.395718 0.400431 0.118725 0.041220 -0.586798 -0.469047 -0.027352 
-0.311761 0.198178 -0.497745 0.088588 0.302260 0.412607 0.073456 -0.146041 
-0.130323 0.477753 -0.226907 -0.116676 -0.207239 -0.549070 0.442765 0.077150 
-0.011169 -0.626652 -0.591934 0.754328 1.494034 -0.511864 -0.224467 0.382955 
-0.282112 0.069319 -0.047859 0.329901 2.082855 -2.460750 2.743072 9.559880 
0.159982 0.056913 0.041067 0.399170 13.445328 10.281545 2.839045 10.810533 
-0.145727 0.104382 -0.254677 0.415517 3.319613 5.975069 2.014570 -0.211129 
0.361203 -0.267651 -0.152058 0.132261 -0.845315 0.052469 0.156936 0.585548 
3.431762 0.390386 -0.025163 0.076233 0.405212 -0.230103 -0.228302 -0.023166 
0.498917 -0.032365 0.407507 -0.603652 -0.234696 -0.469701 -0.363622 -0.131833 
-0.254761 -0.518005 -0.513083 -0.197912 -0.490412 -0.216051 -0.333313 0.482327 
0.558693 -0.011749 -0.936609 0.467911 0.125127 0.269437 -0.383569 -0.332069 
-0.329322 -0.009628 0.346927 0.200518 0.205269 -0.289910 0.069983 0.236249 
0.063155 0.026269 0.059235 -0.535681 -0.373425 0.065363 -0.542537 -0.519208 
-0.131492 -1.345976 -0.574305 -0.641798 -1.920205 -1.827023 -0.807829 -0.057812 
-7.586375 -12.077181 -0.738677 -0.217378 -0.451197 -2.490468 -2.097317 -5.804796 
-9.950530 -7.617583 -0.004611 0.042596 -1.053114 -0.963428 -1.765556 -3.962407 
-2.429628 0.023661 -0.401230 -0.260257 -0.239266 -0.680855 -0.650376 -1.718223 
-2.155718 -2.065800 -0.992926 -0.499996 -0.462763 -0.055757 0.555561 -0.360202 
-1.602725 -1.940891 -1.644459 -0.623667 0.413239 0.309540 -0.032901 -0.070553 
-0.910213 -1.541454 -1.055452 -1.061917 0.691872 -0.470924 0.000462 0.420599 
0.347249 -0.266083 -0.244209 -0.062935 -0.570973 -0.357114 0.309638 -0.252777 
-0.135507 -0.218802 -0.303772 0.211866 0.203169 0.463491 0.172603 -0.029471 
-0.122326 -0.181607 -0.498955 -0.201958 -0.069813 -0.373600 -0.499520 -0.098296 
0.291565 -0.202491 0.463490 0.135620 0.548216 0.762675 0.619549 -0.672933 
0.275944 -0.382992 0.042593 0.592989 0.576208 0.830092 1.657734 -0.011943 
-0.232377 -0.777359 -0.699907 -0.005882 -0.288544 -0.182233 3.194968 1.454322 
0.218376 -0.639848 0.686222 -0.105233 -0.128791 0.528608 0.576994 1.944768 
0.350275 -0.408013 0.237925 0.077421 0.660239 0.808045 0.406440 1.884757 
1.705683 -0.568047 0.348767 1.263259 0.041099 -0.013767 0.170227 -0.772706 
-0.442400 -0.085961 -0.230212 0.728772 0.258346 -0.351746 0.249084 0.032858 
0.211642 0.522120 -0.374351 0.524070 0.754839 -0.318655 0.229983 0.218552 
-0.056486 0.165705 -0.341309 0.141343 0.127613 -0.157466 -0.062266 -0.334639 
-0.296814 0.416475 -0.066454 0.195984 0.056136 0.212339 0.119198 0.413995 
0.147283 -0.562581 -0.259526 -0.195080 0.088106 -0.445964 0.208702 0.053498 
0.340654 -0.130645 -0.150869 0.459723 0.301117 -0.077951 0.277755 0.381898 
0.481822 -0.112728 0.508612 -0.425450 -0.581533 -0.044632 3.409846 1.617654 
0.449027 -0.098273 -0.577049 -0.472459 0.318271 0.165894 1.120576 1.895969 
1.181708 -0.664070 -0.326338 0.105866 0.125899 0.030563 0.158611 -0.216642 
-0.285441 -0.594912 -0.486104 0.393891 0.318607 -0.188072 0.254206 0.749754 
-0.306060 -1.634451 -0.071853 -0.412648 -0.587754 -0.237195 -0.137216 -0.288990 
0.135430 -0.187369 -0.563324 -0.369201 -0.362740 -0.417872 0.479034 0.111450 
-0.242126 0.367279 -0.408373 -0.435871 -0.049597 -0.467875 0.534325 -0.388572 
-0.275549 -0.661328 0.273800 0.203186 -0.032809 0.385536 -0.490642 0.430314 
0.275108 0.257813 0.586302 0.544268 0.432617 0.312582 0.400376 0.408034 
-0.205364 0.311568 -0.535466 0.363811 0.355394 -0.300240 0.076753 -0.158798 
0.398185 -0.223278 -0.447113 -0.143943 0.400646 -0.436340 -0.521067 -0.023781 
-0.515731 -1.278351 -0.206568 -0.107549 -0.437746 -0.461102 -0.812597 -2.995487 
-1.039143 -1.976993 -0.456651 0.029530 -0.596908 0.347692 -1.181256 -2.452357 
-5.914226 -3.588134 -0.207706 -1.043802 -0.204594 0.296484 -1.350089 -2.957675 
-4.327006 -3.324755 -0.386688 -0.142108 0.442995 -0.007198 -0.048226 -0.226003 
-1.304986 1.179569 -2.005449 -0.216424 0.439672 -0.327409 -0.678239 -0.557383 
0.767655 0.186355 -0.293992 -0.006799 -0.351170 0.298309 0.124388 -0.243530 
0.095032 0.014163 -0.272711 0.127973 0.481683 -0.276569 0.793566 -1.169197 
0.415988 -0.045477 0.167711 -0.379608 0.277466 0.435187 -0.506029 0.340387 
0.438506 0.110643 -0.270050 -0.405106 0.328841 -0.380737 -0.557105 0.316258 
-0.531817 0.243694 0.361362 -0.465826 0.003801 -0.386359 -0.057201 -0.335407 
-0.002070 0.211814 0.438998 0.360453 0.113122 0.239356 -0.213074 -0.176910 
-0.257675 -0.195332 -0.476007 0.300766 0.093158 -1.910321 0.237493 -0.453411 
-0.925902 -1.656974 -1.144066 0.025581 -0.135107 -1.910770 0.010105 -0.405426 
1.162823 -1.223314 0.864541 -0.354816 -2.654755 -0.168762 0.489076 -0.216594 
0.246998 -0.320393 -1.610851 -0.937620 -0.701671 -0.080187 -0.454996 -0.273153 
-0.208145 1.602127 -0.867763 -0.783697 -1.408806 -0.885614 0.409721 -0.362784 
-0.301666 0.339710 0.461272 0.563462 -0.257262 0.112759 -1.241657 0.356046 
-0.313171 0.096039 -0.256884 -0.389997 -0.445599 -0.131324 -0.477887 -0.788931 
0.299075 0.197143 0.275887 0.183819 -0.487576 0.344818 0.128186 0.257191 
-0.429357 0.446606 -0.044870 -0.040588 0.042514 -0.314343 0.452362 0.605916 
-0.285556 -0.212834 -0.349949 -0.280702 0.039931 -0.310269 -0.409022 0.258156 
0.357277 -0.432406 -0.106609 0.465956 -0.266144 0.459703 0.100017 0.288544 
1.336697 1.917143 2.418681 0.502114 -0.112878 -0.257170 -1.182719 -0.580108 
2.036423 3.270225 4.235074 1.896909 -0.348928 0.451760 -0.156545 0.138870 
2.773995 4.125382 4.904601 2.107572 -0.223981 1.325645 -0.121438 0.305786 
1.265695 2.164612 2.360760 0.231222 -0.091863 -0.143102 0.074358 0.045456 
-0.094368 0.036749 0.441739 0.017340 -0.764130 -1.217177 -0.470873 0.322232 
-0.068532 -0.061587 -0.026089 0.171793 0.112323 0.290985 0.380929 -1.383663 
-0.430456 -0.062805 -0.146790 -0.230324 -0.041290 0.125308 -0.221688 -1.034339 
0.617562 0.108604 -0.278225 0.053435 0.332018 0.415067 0.027130 -0.007140 
-0.248447 -0.092305 0.645871 -0.214465 0.378601 0.265289 0.234222 0.258118 
1.131655 -0.214482 0.266242 0.324055 -0.253258 -0.361743 -0.274898 0.478543 
-0.390857 0.533796 0.147213 -0.039612 0.847280 0.455200 0.193271 0.331070 
0.372772 0.742681 1.931115 -0.544256 -0.497694 -0.370951 0.375309 -0.353796 
-0.431260 1.309727 -5.550259 3.092943 2.681325 0.362329 1.560345 1.543941 
-0.268612 -0.336179 -1.037511 15.411877 13.010111 2.898871 0.569511 1.110298 
-0.259651 0.562429 -0.470102 0.576179 0.052477 4.136796 0.895975 0.475805 
0.620951 -0.067802 0.082678 -1.131783 0.622227 4.036635 0.285985 0.746790 
1.391983 -0.045869 0.229325 1.533868 -1.652058 0.093352 1.527220 1.179600 
1.716148 0.871816 -0.186493 0.156860 0.118601 0.397623 1.878287 0.457112 
-0.427075 0.633594 0.371453 -0.242283 0.069722 0.202679 -0.505524 0.244568 
-0.503267 -0.074978 0.155096 -0.211767 -0.390837 0.445770 0.241906 -0.579678 
0.230103 -0.113372 -0.372987 -0.289474 0.347430 -0.460013 -0.415742 -0.414444 
-0.100079 0.048955 0.062948 0.159501 0.104514 0.100381 -0.154271 -0.007150 
0.366864 -0.218597 0.107407 -0.620635 -0.872401 -0.460340 0.401134 0.224401 
0.076238 -0.259152 -0.285340 -0.406780 -1.903544 -0.028273 0.327365 -0.306848 
0.507188 -0.108359 -0.246703 -0.624051 -0.728787 -1.082883 0.337605 -1.179212 
-0.324343 -0.371948 0.352709 0.478527 -0.787742 -1.305695 -1.505802 -1.114771 
-0.136959 -0.461299 -0.571314 0.167671 -0.426808 -0.772388 1.247071 -0.077994 
0.284404 -0.696177 0.070706 -0.054141 0.027138 0.403448 0.238137 0.013700 
-0.450898 0.080232 0.242284 0.404663 0.192444 -0.026718 0.209191 -0.519073 
-0.335936 0.520113 0.254104 0.195865 -0.011456 -0.481298 -0.338921 0.497216 
-0.246582 0.231466 -0.079158 0.334806 0.143528 -0.394242 0.058563 0.281368 
-0.035575 -0.311890 -0.032894 -0.454791 0.039843 -0.376047 -0.499374 -0.149078 
-0.426634 0.212536 -0.247416 0.201895 0.035218 0.022480 0.023532 -0.385803 
-0.138130 0.032095 0.358215 -0.413614 -1.738692 -1.492435 -0.930710 0.160036 
-0.613195 -2.897271 -2.332342 -2.334453 -2.515757 -4.060894 -3.245475 -0.437591 
0.112619 -0.669561 -0.672057 -1.694080 -4.643317 -5.316581 -4.451712 -0.426192 
-0.651425 0.720602 0.120839 -2.107578 -2.943840 -3.463748 -3.094563 -0.201146 
0.012074 -0.066292 0.209048 -1.838339 0.135461 -1.964424 -1.114210 -0.752295 
0.135602 -0.210292 -0.297943 0.195544 -0.322531 -0.965918 -0.374912 0.281589 
0.186776 -1.173156 -0.360525 -0.661061 -0.464142 -0.109802 -0.306886 0.101471 
-0.145876 -0.169220 0.150414 0.181150 -0.126509 0.066492 -0.561828 0.051449 
0.064984 0.339569 0.092516 -0.380493 0.175851 -0.299340 -0.075622 0.134430 
-0.642519 0.084453 -0.339355 -0.141565 0.049222 -0.209560 -0.151755 0.452746 
0.612027 0.253561 -0.432777 0.312854 -0.413206 0.351475 0.112802 0.204993 
-0.195241 -0.489382 -1.539430 -0.054840 0.176266 -0.533288 -0.328377 0.075726 
0.075406 0.885078 -2.155243 -0.312310 -0.474567 -2.154969 0.715723 0.463744 
-0.167192 1.493123 -2.016372 0.158754 0.023254 -1.658511 -4.471592 -1.199498 
-2.085002 6.325963 -0.247382 0.143863 0.070389 0.061023 -1.391187 -4.154481 
-2.068733 0.161955 -0.212013 0.130207 -1.498378 -0.335273 -0.720582 -0.255943 
-1.816560 0.122989 -0.302904 -0.108500 -1.323139 -0.944884 0.108267 0.539691 
-0.182460 -0.001469 -0.284715 -0.489758 -0.093471 -0.136353 -0.193695 -0.193848 
0.448515 0.086384 -0.188006 0.208279 -0.895809 -0.035397 -0.434265 -0.214226 
0.498614 0.312881 -0.076080 -0.374167 -0.371113 0.054449 -0.158172 -0.325714 
0.087402 -0.126488 -0.208573 0.379761 0.323881 -0.790657 -0.173012 -0.368088 
-0.301301 -0.412957 -0.371069 -0.493408 -0.208604 -0.365319 0.035376 -0.208435 
0.336151 -0.226959 0.202301 0.339203 0.477936 0.207488 -0.500089 0.208954 
0.051831 0.282012 -0.372009 -0.299773 0.125548 0.091337 -1.774850 -1.683113 
-0.923572 -0.113129 -0.496735 -0.035815 -0.189378 0.346985 -0.447358 -0.419529 
-0.464526 -0.363808 -0.345429 0.119629 0.387970 0.280457 -0.432099 -0.518000 
-0.281000 -0.152247 -0.250072 -0.167527 0.056564 -0.482944 -0.131723 0.082705 
-1.193704 0.551151 -0.248603 -0.593373 -0.120343 0.062340 0.007701 -0.174838 
-0.214932 -0.166289 -0.218109 0.346835 -0.487790 0.364219 0.286774 -0.122772 
-0.020416 0.356415 0.243011 0.428741 0.462706 0.143166 -0.943989 -0.316428 
-1.724273 0.049091 -0.072734 -0.254303 0.071490 -0.795573 0.064364 0.294719 
0.319245 -0.235107 0.772613 -0.552725 0.289093 -1.310190 0.811453 -0.703991 
0.121923 -0.396490 -0.193079 0.191073 -0.495624 0.134212 0.704209 0.361458 
-0.642347 -0.046591 0.161592 0.320386 0.148399 -0.260284 1.035056 -0.369578 
-1.769219 -0.042983 -0.147824 0.010172 0.548852 0.122386 -0.701108 -1.287948 
-9.238559 -7.143710 0.916750 -0.196732 1.018623 0.129145 -0.127132 -1.438963 
-7.138295 -3.071408 1.475369 -1.589546 0.943506 0.173908 0.479319 -0.917007 
-0.372907 1.341924 -0.977860 -2.036015 -0.347973 1.230991 -0.364929 0.091093 
1.196036 1.743584 4.100954 -1.204195 0.544880 0.892058 0.625723 0.568540 
-0.123734 0.148089 0.364209 -0.212772 -2.450870 -0.797503 0.306090 0.350281 
0.184357 -0.167603 -0.403446 -0.068705 -0.159741 -0.571792 -1.311279 -0.144556 
0.325060 0.220443 -0.105932 0.452637 0.428528 -0.302679 0.446382 0.204155 
0.070621 0.165407 0.341827 -0.131854 0.548181 0.218262 -0.525820 0.590974 
-0.239303 -0.504180 -0.532116 -0.664649 0.185984 -0.551280 -0.539567 -0.739742 
-0.741483 0.015247 0.767129 -0.259918 0.115723 0.383360 0.070343 -0.684008 
-2.134529 1.281672 -0.126478 -0.589254 -0.421972 0.014346 0.174875 -0.685452 
-1.767105 -1.241086 -3.847323 -3.688762 -0.591006 -0.138054 -0.132017 0.631828 
1.604579 2.850454 -3.525959 -5.629951 -1.557570 -0.403706 0.428505 0.334774 
0.519799 0.589913 -0.930037 -1.429083 -1.559731 -0.282749 -0.749020 0.159865 
-0.366965 -0.974965 -1.493389 -2.873233 -0.245894 -0.330213 -1.417873 0.781830 
-0.037686 -2.015460 -1.573881 -0.874291 0.347322 -0.008088 -0.238173 0.360589 
0.303528 -0.052185 -0.268391 -0.194307 -0.050093 -0.491829 0.142864 -0.850554 
-0.562087 -0.288724 -0.121834 -0.213476 0.263733 0.409882 -0.284114 -0.355083 
0.108330 0.460096 -0.008745 0.018677 0.003001 -0.269173 0.280060 -0.342635 
0.311203 -0.008047 -0.041732 -0.347651 0.120381 -0.278086 -0.424009 0.408096 
0.279499 0.182473 0.126076 -0.459187 0.288239 0.025606 -0.495179 -0.164734 
0.232258 -0.516029 -0.528961 -0.689519 -0.801705 0.101957 0.944738 0.405971 
0.150315 -2.314627 -0.060301 -6.968635 -3.024466 0.457152 0.916657 -0.368405 
0.411560 -0.371044 -1.427520 -7.098992 -6.583209 0.481159 0.163048 -0.027744 
-0.186078 -0.444019 -0.133362 -1.153621 -1.541824 0.245508 0.051676 0.204328 
0.063778 -0.336727 0.395807 -0.180093 -0.163414 0.285351 0.145936 0.807924 
-0.022107 -0.180842 0.163544 -0.381745 0.486285 0.316340 0.205933 1.131766 
0.255792 0.241852 0.153534 0.320435 -0.067200 0.265688 -0.037041 0.381766 
-0.522867 -0.331347 -0.011562 0.303941 0.107686 -0.028131 -0.256165 -0.128841 
-0.655767 -0.128490 0.484144 -0.032142 -0.055298 0.383263 -0.432625 0.113647 
-0.094252 -0.852647 0.197839 0.239669 -0.439916 0.385522 -0.358408 -0.201397 
0.324127 -0.230469 0.092926 0.228461 0.123409 0.462769 0.020139 0.033073 
0.438385 -0.123932 -1.778300 -0.026093 0.291559 0.098697 -0.182460 -0.390312 
-0.160118 -0.378326 -6.514530 0.139573 -0.073996 -0.419824 0.102084 0.310361 
-0.330086 -0.230835 0.063576 -1.033702 -0.859440 0.227353 -1.461992 -0.141968 
0.380002 0.135116 0.374713 -1.276353 -1.449109 -0.316658 -0.957075 -0.497839 
0.292382 -0.416250 0.307941 -0.401645 -0.040964 -0.500394 0.172221 -0.154643 
0.132408 0.191679 0.273993 -0.002223 -0.073361 0.227901 -0.135860 -0.210289 
-0.259161 0.242727 0.134308 -0.183716 -0.355812 -0.366577 -0.328880 0.359991 
0.371570 -0.331562 0.120127 -0.012266 -0.307155 -0.567563 -0.517212 -0.021667 
0.484528 0.524959 -0.237457 -0.124428 -0.095481 -0.097656 0.507422 0.123318 
0.141907 0.714296 -0.021494 -0.009552 -0.021943 -0.318033 -0.109057 -0.402491 
-0.241581 -0.245936 -0.261726 -0.301735 -0.084744 -0.348206 -0.176799 0.220184 
-0.522284 0.434509 -0.339462 -0.188981 0.043549 -0.269221 0.098430 -0.443760 
-0.301542 0.237170 0.083510 2.467511 -1.118509 -2.926446 -0.867989 -0.282335 
-0.501757 0.328713 0.299352 -1.243845 -0.825692 -2.749028 -1.825564 0.393723 
0.274068 -0.434048 -0.007170 -0.046134 0.832212 0.973066 -0.334988 1.192659 
0.355726 0.296322 -0.588684 0.278303 -0.113412 0.764225 1.142978 0.570610 
0.343835 0.569205 -0.397264 -0.341019 -0.307644 0.060958 0.189750 -0.193014 
0.003999 0.710216 0.083599 -0.173676 -0.294006 0.232107 -0.155884 0.579747 
0.484754 0.266236 0.147333 -0.169010 0.170224 -0.247888 -0.340600 0.305606 
0.477936 0.013213 -0.604730 -0.066073 -0.213645 0.470206 -0.245941 0.471514 
0.556699 -0.157074 -0.452620 -0.221170 0.423338 -0.288881 -0.156668 0.549120 
-0.277206 -0.298411 -0.062913 -0.119692 -0.070589 0.086150 0.279414 -0.143035 
0.212948 -0.043049 -0.331482 -0.213087 -0.563883 0.072348 0.333228 0.161197 
-0.290774 0.047093 0.437984 -0.518441 0.800915 1.675523 0.483021 0.116543 
-0.236632 1.234485 0.129102 0.202454 0.626910 1.577358 0.686455 -0.383615 
1.437783 1.240573 0.486571 -0.367855 1.343566 0.150000 -0.305239 -1.092413 
-0.234004 -0.004464 -0.193913 0.569116 0.551870 0.160062 0.810306 1.232548 
-0.677950 -0.733446 -0.406981 0.092144 -0.458368 -0.011272 -0.071927 -0.075776 
0.134242 -0.146863 -1.032790 -0.355545 0.118103 -0.270020 0.011714 0.195953 
0.220270 -0.080995 -1.006789 -0.426669 -0.408996 0.468346 -0.259400 -0.027238 
-0.481114 -0.478790 0.029859 0.073567 0.181746 0.408953 0.238342 -0.216400 
0.106968 0.310517 0.471466 -0.530190 0.172512 0.322287 0.399488 0.039616 
0.434917 -0.218503 0.089797 0.468097 0.076172 -0.371399 -0.184676 -0.397536 
0.364526 0.288970 0.333089 -0.345184 -0.694148 -0.521281 -0.522330 -0.382123 
-0.342179 -0.364636 0.520642 0.564767 -0.492834 -0.644057 -0.494720 0.600974 
-0.443455 -0.556598 -0.591074 0.549606 0.311011 -0.968221 1.145087 2.157019 
-1.341887 -1.553296 -0.691673 0.317000 0.053597 0.195948 3.381894 1.474814 
-1.217564 -0.409184 -0.416976 -0.314115 -0.570978 0.370998 -0.437409 1.162995 
-0.993168 -0.083773 -0.121873 0.090423 0.244890 0.088390 0.012481 0.427857 
-0.037274 -0.096386 0.025607 -0.765013 -0.748231 0.071838 -0.121613 0.241195 
-0.337019 -0.566721 0.448839 0.175752 -0.245690 -0.396967 0.011377 0.689856 
0.172878 0.060649 -0.439850 0.370304 -0.070728 0.579588 0.177299 0.575433 
-0.330963 0.262250 0.179348 -0.486237 -0.517224 -0.379074 -0.202840 0.026686 
-0.798346 -0.657082 0.210973 0.720387 0.093535 0.499250 -0.047949 -0.463967 
0.138552 0.367432 0.494092 -0.374556 0.423309 0.810085 1.428935 -0.810740 
-0.050544 0.347785 0.170862 1.415021 2.017323 1.279475 -3.604396 -1.860181 
0.184668 0.340171 3.481353 4.572462 0.858698 0.608531 -0.626871 3.259766 
2.212277 3.266679 3.099485 3.019013 -0.005229 0.410481 1.207673 1.495255 
0.884423 1.493622 0.872572 -0.215012 0.565211 0.528460 0.562134 -0.223791 
-2.010902 0.477765 -0.081948 0.217393 0.339197 0.777862 0.476982 0.336177 
0.023438 -0.112760 -0.081748 0.277679 -0.272300 -0.164074 -0.395844 0.020996 
0.172040 0.350924 -0.465525 -0.488733 0.150363 -0.422508 0.641339 -0.016722 
0.293231 -0.027731 -0.016762 -0.495575 0.057308 0.608612 0.116830 0.679559 
-0.135283 0.221436 0.232934 -0.076942 0.234772 0.911615 -0.286082 -0.295092 
-0.108496 0.023324 0.113023 -0.074909 0.247796 -0.299976 -0.030170 -0.095873 
0.090321 0.202898 -0.313416 -0.055887 -0.043411 0.109985 -0.261314 -0.587583 
0.598560 0.447732 0.082182 -0.509795 -0.076451 -0.115424 -0.397266 -1.805879 
-1.316650 -0.542253 0.474491 -1.002037 0.324972 -0.491012 0.063141 -0.458526 
-1.423303 -1.388326 -0.616307 -1.275863 -0.182381 -0.061609 0.389476 -0.048838 
0.509092 -0.731373 -0.172195 0.002214 0.186588 0.207586 0.375461 -0.189872 
-0.600190 -1.144446 -1.416551 -0.130824 -0.336156 -0.005037 -0.521297 -0.013548 
0.186753 -0.015293 -0.386404 -0.452125 0.051730 -0.372479 -0.174383 0.487122 
-0.301056 0.388215 0.165314 0.266995 0.424158 0.150106 -0.186094 0.276779 
0.418697 0.365789 -0.292100 0.215942 -0.407745 0.456272 1.273281 0.034264 
0.565021 -0.245090 0.019318 -0.062041 0.284587 0.291260 0.815275 -0.491666 
-0.317821 -0.006203 0.465970 -0.053152 -0.432753 0.072112 -0.393556 -0.155562 
0.526358 0.129993 -0.758871 -0.322867 0.348301 0.383480 0.473053 -0.285507 
0.544324 -4.298722 0.375399 -0.096321 0.205548 0.406986 -0.495634 0.287675 
5.094698 1.102990 1.207989 -0.390973 -0.820083 -0.330410 0.156469 0.228662 
-3.327325 -2.037730 0.689570 -3.121398 -1.644630 0.126701 0.432503 -0.217090 
1.683970 0.295579 1.508212 -4.442779 -0.411420 0.073331 0.119056 -3.026798 
-0.164491 -1.642790 3.325693 -4.845381 -0.519543 1.257927 0.210872 -0.841707 
-0.220032 0.508568 -0.797411 -0.309601 -0.223686 -0.323254 0.663726 -1.053136 
-0.074005 -0.297974 0.121073 -0.113530 0.403467 0.163349 0.293699 0.727693 
-0.544324 -0.130230 -0.454031 -0.292199 0.088988 -0.350952 -0.156517 0.091954 
-0.480309 0.282218 -0.501593 -0.019104 -0.398450 -0.020959 0.349701 0.565929 
0.318010 0.146337 0.042905 0.222595 -0.121369 -0.496422 0.440476 0.156862 
0.131081 0.283886 -0.296468 0.101213 -0.018545 -0.060904 0.337648 -0.416534 
-0.145051 0.748557 0.674241 -0.773873 -0.504679 -0.018508 -0.629708 -1.046444 
0.300904 -1.801207 0.183581 0.218801 -0.458265 -0.070703 -0.698350 -0.547190 
-0.063507 0.360925 -0.148741 0.699877 0.366886 -5.137722 0.078780 -0.279205 
0.432111 0.653894 -4.827691 -4.731680 0.070455 -5.179269 0.231337 -0.139509 
-0.259225 0.210085 -2.584292 -1.635069 -0.985255 0.659420 0.006457 0.203698 
-0.176446 -0.524600 0.229646 -0.492567 -0.129696 0.361324 -0.909970 2.219053 
0.141779 0.213379 0.467102 -0.387574 -0.336634 1.293196 0.343908 0.370334 
0.115754 -0.580109 -0.139145 0.644534 0.144206 0.155179 0.126526 0.294268 
-0.538762 0.100475 0.318501 -0.004482 -0.447083 -0.472908 -0.477557 0.277893 
0.268985 -0.465178 -0.156179 -0.523380 -0.200639 -0.740161 0.297365 0.559342 
-0.034942 -0.430075 0.223364 0.243092 0.205901 0.019958 0.212036 0.211207 
-0.017365 1.264874 1.580219 2.385854 1.491747 -0.174025 -0.191513 2.292951 
-0.110455 2.175683 2.633791 4.614172 2.800704 -1.219646 0.022245 3.328630 
0.024003 3.345295 5.046099 4.800730 2.417354 -0.390034 0.980773 -0.164413 
0.369291 1.322468 2.766846 2.589937 2.940435 0.924465 -0.401600 -0.261689 
-0.335318 -0.096948 0.355870 0.356320 -2.419058 -2.551964 0.195937 -0.284004 
0.129262 -0.333826 0.113237 -0.325000 -0.701438 -0.155582 0.286565 0.028383 
0.007184 0.368883 0.396240 0.496643 0.180896 -0.386536 -0.530735 -0.334980 
0.440592 -0.101691 -0.287980 0.099543 0.300485 -0.512795 0.535176 -0.430969 
0.326202 -0.190938 0.320787 -0.557147 0.314270 -0.127136 0.082007 0.848294 
-0.414032 -0.562030 -0.834126 0.152460 -0.089509 0.747736 0.273027 -0.387850 
0.048118 -0.383912 -0.197534 0.479132 0.122195 0.453136 -0.074705 -0.125585 
-0.136884 -0.067505 0.060991 1.293077 5.301457 0.493827 0.346228 -0.179309 
-0.020636 -0.126702 1.026690 0.528851 5.525240 -0.416006 0.382211 -0.222943 
0.241798 0.213282 0.446001 -1.195925 1.215004 -0.433493 1.676556 0.689811 
-0.044709 0.217593 -0.142697 -0.251571 -2.644856 0.659893 1.972021 0.320394 
0.355251 0.392103 3.500224 0.785702 -0.433240 -0.716550 2.045762 0.302637 
0.317328 0.658655 0.078874 -0.239198 0.968173 0.195122 -0.348369 -0.285606 
0.058020 -0.789760 0.673746 -0.261780 -0.117950 0.377744 0.391506 -0.025128 
0.133854 0.220545 -0.336518 0.291645 -0.241322 0.357652 -0.351173 -0.485671 
-0.114258 0.320599 0.253365 0.080797 -0.031535 -0.024881 -0.211792 0.208582 
-0.305001 -0.312683 -0.050666 0.538141 -0.455239 0.121198 0.323540 0.264709 
-0.403313 -0.238187 0.425295 0.403874 0.604337 0.335897 0.437998 -0.464942 
-0.192854 0.537822 -0.181366 1.215709 1.551758 1.498035 0.352002 0.390428 
-0.124667 0.531108 0.121948 -0.181481 1.318614 -0.024376 -4.534636 -0.838996 
0.119808 -0.277164 -0.452181 -0.276886 -1.037997 -1.436588 -4.362612 -1.286949 
-2.044964 -0.301229 0.123531 -0.028233 0.229683 -3.094452 -0.589315 1.069140 
-0.429157 0.015078 0.342848 0.984883 -0.110116 -2.395303 -2.398910 3.984167 
-0.666865 -0.171496 0.334318 -0.077876 -0.108723 0.005649 -0.341030 -0.351957 
-0.157241 -0.469010 -0.938294 -0.119375 -0.162567 -0.055176 0.086016 0.041224 
-0.088932 -0.724111 -0.644150 -0.252667 0.406567 0.090538 0.289476 -0.528916 
0.237834 0.327881 0.471048 -0.104840 0.004188 0.907772 0.179428 0.309967 
0.394652 0.293077 0.047974 -0.092238 0.330706 -0.189070 0.502504 0.100761 
-0.294558 0.130236 0.649984 -0.249330 0.094291 -0.297133 0.108924 -0.259708 
0.499713 0.434578 0.124443 -0.385315 1.796242 3.288696 1.185918 1.176874 
0.319250 -0.469742 -0.425047 -0.034740 3.570310 8.402148 7.958570 3.351355 
0.228801 0.175743 -1.031753 0.113058 2.962867 6.499709 6.549403 1.062645 
0.374800 -0.419770 -0.258819 0.297905 1.415636 3.855504 2.839603 0.503159 
-0.186637 -0.265730 0.318930 -0.116596 -1.065343 0.044673 -1.408333 1.382119 
-2.379881 -0.017365 -0.054005 -0.507440 -0.391382 0.209814 0.576500 0.827246 
0.640859 0.391854 0.476143 0.188171 -0.660599 -0.127777 -0.214447 -0.486646 
-0.231629 0.432207 -0.415298 0.169675 0.782198 0.163034 0.163595 -0.121695 
-0.390147 -0.223209 0.191711 -0.285331 -0.455375 -0.006207 -0.024847 0.497902 
-0.253906 -0.027410 0.132097 -0.297089 0.077090 0.607322 -0.155732 -0.308436 
0.439646 0.532154 0.178391 -0.264403 0.148837 -0.174115 -0.216911 -0.374651 
-0.255100 -0.058167 0.386443 -0.310818 0.392670 -0.415344 0.367016 0.140471 
0.356278 0.419103 0.072833 0.431360 0.277403 0.209794 2.608448 1.082541 
1.675722 0.616983 -0.745864 -0.638685 0.074480 -0.125916 0.046217 0.234764 
1.446528 1.516087 -1.518861 -0.085239 -0.283976 -0.116988 0.482179 0.599863 
0.911354 0.065376 0.297344 -0.187867 0.286545 0.437419 0.379366 0.359204 
0.478006 0.430864 0.411930 0.217166 -0.278502 -0.464006 -0.270449 -0.156995 
0.716524 -0.081288 0.400049 0.371619 0.534746 -0.381376 0.414490 0.474396 
0.520569 0.104004 0.262451 0.256104 -0.253012 0.613272 -0.099946 -0.085446 
-0.300636 -0.071904 0.144664 0.305054 -0.142923 0.579181 -0.345439 -0.195398 
0.358284 -0.281433 -0.311521 0.335915 -0.243408 0.013611 -0.974777 -0.467192 
0.137084 -0.247181 -0.007231 0.283275 -0.168425 0.639788 0.012375 0.562410 
-0.127399 -0.046666 0.032761 0.296053 -0.239390 0.476959 -0.139769 -0.675486 
-0.212032 -0.761638 0.070500 -0.176235 2.535896 2.149785 -0.417587 -4.073966 
-3.569859 -0.821472 -0.961819 0.073745 1.414010 0.788500 0.169769 -0.640157 
-4.470428 -4.276076 -0.483882 0.739417 0.358025 0.081272 0.188924 -0.382729 
-1.533479 -0.815846 -0.403272 -1.061361 -0.608116 -0.062790 1.676129 -0.508931 
0.752573 1.803179 -1.214587 -2.559860 -1.838890 -1.039011 -0.118932 -0.350345 
-0.206447 0.997404 -1.068553 -1.653229 -1.901028 -2.181140 0.332736 -0.121002 
-0.465546 0.341934 -0.380965 -1.516435 -1.899706 -1.484213 0.049636 -0.944836 
-0.203733 -0.152367 0.750210 -0.596696 0.117004 0.232244 -1.175515 -0.374971 
-0.793203 0.146722 0.327332 -0.056878 0.637690 -0.338684 -0.550772 0.918782 
0.528342 -0.454254 -0.480063 -0.209910 -0.124778 0.268379 -0.115177 -0.419745 
-0.243948 -0.242605 -0.060288 -0.345219 -0.245182 0.464847 -0.193573 -0.784228 
-1.374881 -1.428340 -2.870829 -0.123455 0.433941 2.549388 -0.496770 -0.455704 
-3.215110 -2.778848 1.482764 1.706587 0.662172 2.788667 0.150750 -0.830300 
-0.846401 0.716158 6.774615 2.447144 1.737954 0.425480 -0.389932 -0.097251 
0.003557 0.163588 1.443743 -1.353959 0.281507 -0.257795 -0.295771 0.027102 
-0.358508 1.982575 -1.631278 -1.802553 0.733840 0.039562 0.030990 0.195256 
0.512887 0.176165 1.002638 0.137713 -0.158366 -0.492201 1.012791 -0.272421 
-0.215210 -0.421356 -0.372959 0.080977 0.108534 0.197399 0.491918 -0.708987 
0.175464 0.322927 0.085669 0.118843 -0.310477 0.012329 -0.124436 -0.477745 
0.196568 0.135991 0.053179 0.198120 -0.130805 0.464551 0.094818 -0.446905 
-0.294200 0.005636 0.317295 0.266012 0.193585 -0.195227 0.089899 -0.273839 
-0.377153 -0.195096 -0.413937 -0.033130 -0.332611 0.176331 -0.388438 -0.301758 
0.172285 -0.339539 0.103251 -1.238605 0.339772 0.000088 0.353372 0.253580 
-0.719910 0.612397 1.682178 0.807562 1.172737 0.319541 -0.250955 0.199454 
-0.119407 0.172090 0.951280 2.466434 2.000219 2.444394 -0.470441 0.030777 
-0.439484 -0.418845 0.561555 1.351047 0.459654 -0.062732 -0.246008 -0.147668 
0.408338 -0.247170 -0.103919 0.747827 0.955758 0.616398 0.248492 -0.622497 
-0.297967 0.419148 -0.234315 0.215824 -0.073046 -0.221577 -0.476587 -0.835078 
-0.092230 -0.101044 0.268860 0.178223 -0.140061 0.212698 -0.266959 0.232006 
-0.494146 -0.657457 0.479838 0.022091 -0.369013 -0.081665 0.126221 -0.401950 
0.203429 0.040229 0.147939 0.010665 -0.148712 -0.539016 -0.198572 0.452057 
0.211564 0.272709 -0.222518 0.148069 0.299170 0.328080 0.275970 -0.050508 
-0.013322 -0.000201 0.402753 -0.361084 0.070895 -0.245544 0.407471 -0.208646 
0.314270 -0.445175 -0.571775 -0.192468 -0.487634 -0.424951 -0.301407 -0.129549 
-0.210813 -0.180484 -1.912918 0.117912 0.362414 -1.523090 0.113917 0.221422 
-0.271270 0.412048 -0.839356 -1.521300 -1.093143 -2.182050 1.988196 0.090010 
-0.126443 0.303131 -0.499804 -3.267751 -1.171159 -2.840360 -2.068725 0.479739 
-0.099738 -0.366439 -0.156773 -1.233277 -0.767986 -1.933902 0.008530 -0.402483 
0.096921 -0.166555 -0.010279 -0.076006 -0.776742 -0.376109 0.289412 -0.450281 
0.210525 -0.321882 -0.168884 0.491394 0.135122 -0.429688 0.229307 -0.286774 
0.050356 -0.145070 -0.746656 -0.340155 0.158849 0.318426 0.089773 -0.248901 
-0.012025 -1.147037 0.921960 -0.065345 -0.369426 0.068054 -0.093479 0.235220 
0.133698 0.416630 -0.951339 -0.171991 -0.446474 -0.406105 0.326633 0.133569 
-0.200764 -0.285491 -0.057286 -0.037042 -0.017376 0.306801 0.306457 -0.235782 
0.398976 0.025604 0.757589 2.783019 0.036828 0.522291 0.418815 0.572107 
-0.574078 0.704179 0.020012 -0.046909 -1.852642 1.964004 0.091260 0.593486 
-0.901819 0.023114 -0.217892 -1.170103 -2.289308 -0.955954 0.282548 0.982840 
-0.352662 0.364416 0.088898 0.106022 -3.238357 1.370015 1.342517 -0.277961 
0.063853 0.670771 0.361315 -0.056163 -0.842279 -2.439922 2.330101 -1.031571 
-0.212896 0.148042 0.279007 -0.211952 0.746085 -0.117218 -0.229409 -1.421053 
-0.572693 -2.493222 -0.156158 0.057800 -0.408600 -0.261033 -0.425149 -0.957835 
-0.126094 -0.657413 -1.062073 -0.805888 0.383180 -0.572105 0.197110 0.445226 
0.222107 -0.052268 -0.168003 0.040240 -0.322996 0.373327 -0.478729 0.370691 
-0.167119 0.273376 -0.914968 -0.124328 0.016111 -0.044588 0.048692 -0.108428 
-0.416249 0.297051 -0.275767 -0.295440 0.588111 -0.080159 -0.396345 -0.455154 
0.317435 -0.296192 0.368500 0.001139 1.979892 3.339987 3.685531 3.157420 
-0.339762 0.759832 0.898844 -0.722401 4.129370 6.628667 9.012659 6.588211 
0.575760 -0.005644 0.275957 0.038677 3.525998 7.329134 12.884197 7.609496 
1.038345 0.449195 0.273018 -0.175989 2.418298 6.636233 7.093868 4.200926 
-0.482996 0.458703 0.895023 -0.000774 -0.121619 1.738267 0.752394 2.696198 
-0.436975 -0.365236 0.276780 -0.327460 0.266843 -0.401680 0.308966 -0.373174 
0.023595 0.489343 0.120762 -0.436383 0.493225 -0.000610 -0.202807 0.131931 
0.669131 -0.315851 0.395625 -0.218713 -0.478645 -0.412968 -0.510325 -0.191297 
-0.077641 0.251099 -0.334474 -0.605239 -0.166352 -0.391788 0.197841 0.193054 
-0.317728 -0.073212 0.103516 0.160488 -0.356443 -0.031878 0.199773 -0.237707 
0.465108 -0.277089 0.006253 0.272486 -0.116291 -0.344256 0.101760 -0.095539 
-0.098694 0.217702 0.505161 -0.304596 0.188041 1.157970 -2.106893 -0.074088 
0.081969 0.386928 0.539696 -0.003628 0.300057 -0.673578 -1.446531 0.083091 
-0.404320 -0.449290 -1.191954 0.481781 0.221283 -0.455140 -0.885089 -0.324190 
-0.493810 -0.646049 -1.027911 -0.363477 -0.131287 -0.402829 -0.556929 -0.112818 
-0.013467 -0.311112 -0.097005 0.503980 -0.661852 -0.314207 -0.320979 -0.027821 
-0.594411 0.013683 -0.196158 0.576436 0.055340 0.361158 0.059813 0.033159 
-0.233197 0.347827 -0.443571 0.248091 -0.334031 -0.099701 0.423187 0.473997 
-0.287110 0.248908 -0.053094 0.283771 -0.973532 -0.489556 0.236513 -0.211453 
0.268752 -0.069946 -0.138000 -0.026890 0.342663 -0.504997 -0.244335 0.166683 
-0.167633 -0.626708 -0.298514 0.135223 -0.777580 0.734430 -0.498386 0.107836 
0.705323 -0.065964 0.159815 0.177033 0.110261 0.496402 0.048128 0.111164 
0.368116 0.102936 -0.365917 0.032943 -0.236389 -1.276377 -2.126959 0.746946 
-0.297122 -0.171953 -0.030117 0.776844 0.111212 -2.196948 10.804066 1.653908 
-0.723273 -0.183133 -0.093603 1.228114 0.580319 0.766646 2.686410 -1.890719 
-1.809044 0.798206 -0.560820 0.116229 0.134231 0.295334 0.021301 -3.385995 
-1.384644 -0.617713 -2.165412 0.047405 -0.205544 0.615213 0.241916 -1.375703 
0.428852 8.125463 -0.850748 -0.177615 -0.137039 -0.498842 0.204025 -1.617039 
0.433982 0.522244 -0.010986 -0.906309 -0.776395 -0.054284 0.463745 0.283325 
0.254442 0.124719 -0.010663 -0.271346 -0.555741 -0.330409 0.012421 -0.142355 
0.147555 -0.034124 0.455695 -0.318695 -0.499045 0.789579 -0.153503 -0.479567 
0.271430 0.227234 -0.148502 -0.679863 -0.473907 0.743074 -0.950011 -0.431063 
0.311128 -0.042599 0.042393 0.211528 0.051389 0.281789 -0.468066 -0.192377 
-0.402272 0.364083 0.410680 -0.443685 0.372698 -0.320679 -0.525064 -0.787440 
-0.109113 -0.158423 0.137617 -0.313533 2.144176 0.470597 0.118491 -2.951901 
-1.254213 -0.342594 -0.268142 -0.133010 1.562686 0.299953 0.145813 -0.631369 
-4.020136 -1.259355 -1.659672 0.714889 0.272184 -0.269918 0.375568 -0.191846 
-1.982401 -0.417911 -0.367337 0.939280 0.457374 0.298638 0.259273 -0.096950 
-0.865134 -1.436731 -0.251448 0.322156 -0.402803 -0.502573 0.272977 -0.178769 
0.078966 -0.165063 -0.344448 0.040181 0.498306 -0.581377 -0.411231 0.039551 
0.052338 0.000064 0.055756 -0.346832 -0.224792 -0.472175 -0.015409 0.557072 
-0.203336 0.025639 -0.400224 -0.057627 0.160553 -0.337094 0.113022 0.435109 
0.202984 0.020277 0.187103 -0.366783 -0.464174 -0.249969 0.551580 -0.651809 
-0.367184 -0.184215 0.096107 0.048749 -0.452406 -0.016055 -0.289035 -0.415289 
-0.013693 -0.193294 0.021439 -0.129669 -0.069976 -0.195935 -0.355377 -0.569232 
-0.322101 -0.311645 -0.125431 0.337768 0.002840 -0.769100 0.113089 -0.582517 
0.770212 -0.143569 -0.531293 0.428090 -0.231563 -0.197993 -0.116640 -0.066650 
-0.540300 -0.999774 -0.152325 -0.345249 -0.395153 -0.075592 0.349792 -0.120881 
-0.317557 -0.790278 0.350429 0.096086 -0.186153 0.058536 0.231980 -0.115779 
0.107109 -0.004708 -0.511821 -1.119341 0.067590 0.109993 -0.307314 -0.067661 
0.183069 -0.460565 -0.394411 0.369406 0.017492 -0.417024 -0.465241 -0.482478 
-0.236115 -0.072449 0.222565 -0.347778 0.138252 0.230561 -0.298971 0.103701 
-1.126095 -1.850274 -1.704831 0.929155 -0.169704 1.681085 -1.904500 -0.959656 
0.573875 0.058208 -0.492377 1.493135 -0.963040 0.132108 -1.815994 0.415534 
-0.686606 -1.339331 -3.584347 5.402411 -0.406087 -1.799814 -1.212443 -1.088694 
1.064551 2.064453 -1.215805 -0.171882 4.184487 0.286740 1.441014 2.112184 
-0.687163 0.090551 1.637139 1.502850 -3.447776 0.142839 2.028219 0.641897 
2.010902 -0.375203 0.373105 -2.433717 -0.987552 3.405128 3.658797 -0.982397 
5.114615 -4.138038 0.716314 -0.964243 2.412196 -2.319159 0.008103 0.706133 
2.380441 0.654459 3.999367 -0.960789 0.709574 -0.477985 3.074737 1.057009 
-2.046933 -1.864799 -0.412690 -0.390177 -3.663516 -3.793456 1.714833 -1.164400 
0.730408 -5.443967 -0.687865 0.314918 -1.182141 -0.028833 -2.127939 -2.061810 
0.039153 0.580748 0.005356 -0.339472 -1.148157 0.136472 1.099926 -0.054702 
-0.638897 0.202606 0.235766 -0.232944 -0.270173 -0.005396 -0.094718 -0.810654 
-0.633847 -0.771266 -0.583821 -0.048083 0.093795 -0.022237 -0.108313 -0.823026 
-0.800968 -0.110857 -0.204519 -0.055608 0.420692 -0.453390 -0.049300 -0.155051 
-0.050710 0.216788 -0.403939 -0.088823 0.276886 0.325500 -0.644036 -0.317404 
0.264677 0.141043 0.011805 -0.140847 0.145042 -0.095127 -0.789012 -0.793388 
-0.635676 -0.180228 -0.368107 0.271980 -0.053236 -0.470231 0.262093 -0.027725 
0.174374 -0.083003 -0.236646 -0.213794 -0.381810 -0.056733 -0.776714 -0.545861 
0.359136 -0.782571 0.095549 0.263499 -0.304223 0.025594 0.032931 -0.353703 
-0.379054 -0.748808 -0.098098 -0.068741 -0.711428 0.159892 0.058142 -0.375735 
-0.318106 -0.108657 -0.957544 -0.294238 -0.746841 -0.241829 -0.661119 -0.826612 
-0.306016 -0.686292 0.363560 0.337627 -0.374615 0.260031 -0.399007 -0.014741 
-0.037290 -0.645938 -0.090331 0.846131 2.259653 -2.067432 -1.265708 -0.292267 
0.380352 -1.297044 -0.993970 2.431198 0.494073 0.539441 -1.073875 0.910909 
-3.616371 -1.271196 0.326027 -0.124305 -1.145029 -0.584312 -0.127135 -0.365028 
1.073529 -0.454730 -1.775229 -2.100409 -1.773745 -1.154069 -0.312192 -0.006156 
-1.129798 0.999286 -0.026891 -0.038497 -0.228099 -1.232738 1.492871 -0.492764 
-2.513037 -0.809200 2.787670 -0.533558 0.246631 0.010442 -1.827201 0.524999 
1.526618 -0.341007 -1.573670 -0.237135 -0.629376 -1.862333 -1.940795 -1.906157 
-0.848593 -0.876036 1.675892 -0.064003 -2.526767 -0.854258 -1.901525 1.168528 
-2.152635 -0.168696 1.349627 -0.443216 -1.770378 0.284309 -0.448970 0.242588 
-0.218487 -1.307271 -2.140310 -0.483642 0.116099 1.315843 -0.411939 -2.702093 
0.114500 0.623684 -0.682976 2.604189 -2.376428 -1.117493 -0.700309 2.077077 
1.057961 -0.362046 -0.762940 -2.267810 -2.410132 0.881827 -9.333744 -0.248235 
-6.130489 0.493626 -4.154985 0.597972 1.863754 -0.805755 0.079136 -6.502915 
16.760107 -3.965142 -1.236749 -1.190140 1.330901 3.515332 -1.266740 0.116742 
-4.148002 -0.874853 -1.661639 -4.890181 6.325706 -0.675925 -6.573512 -1.969460 
-0.564809 -1.300315 -4.455646 4.833957 2.392101 -5.558154 -4.855699 -6.089121 
-1.272732 1.054127 -1.586861 -1.857116 0.797729 -0.061763 5.806849 -1.253506 
-1.194587 4.799026 -2.296222 -1.484376 -1.841756 -0.567340 -1.216771 0.257581 
5.962316 -3.633995 17.430632 0.465064 -9.570617 6.238567 0.078909 -2.609683 
-0.080799 -0.376106 1.687093 -3.113389 -2.619850 1.626073 -1.413326 -0.169724 
-1.958778 -0.996833 -4.925226 1.246386 10.542906 0.490438 -0.221409 -3.837138 
-0.911647 -1.552276 4.444220 -1.007811 -0.656340 0.939467 0.589136 0.589705 
3.600886 -1.300033 -2.093091 -1.261702 -0.490365 -0.736753 0.677369 -1.329404 
0.203165 -3.147702 1.040858 -2.582568 -0.398162 0.019738 0.291467 1.017419 
-6.498651 0.893356 -2.014339 -0.730607 0.394194 1.475876 0.869861 -1.125669 
-0.637448 9.943508 -0.433733 -0.729461 2.010342 0.753820 -0.150699 -3.659876 
0.046218 -1.216211 -0.711428 -0.430910 1.722283 11.660169 -1.382129 -0.941221 
-3.190482 -0.786082 -0.405569 0.528927 -0.900581 0.102122 1.600420 -1.382405 
-4.040278 -1.195745 0.688568 -2.833009 -0.955574 -1.406031 1.118668 -0.787442 
-0.250450 0.261246 -0.001546 -0.493686 -0.611360 1.771336 -2.603577 0.112560 
-0.976300 0.109068 -1.991830 2.761755 -0.568687 -0.113739 -1.136653 1.499998 
0.496642 3.034222 -0.313635 -4.674445 0.016874 -0.145223 -2.235322 -0.050498 
-2.257582 0.093321 -0.414407 -1.580021 -3.027584 -0.410886 -3.593535 -1.699877 
0.608766 2.550552 -0.380700 -0.178189 -0.674419 0.254544 -0.501796 -0.168343 
-0.747631 -0.429822 -0.011531 -0.320780 0.294601 -0.329627 -0.867708 -0.338847 
-0.322620 -0.579268 0.143901 -0.936450 -0.902624 -0.944314 0.420848 -0.753510 
0.097445 -0.506555 0.104429 -0.880380 -0.430688 -0.100517 0.307032 0.115794 
-0.255015 -0.070232 0.101408 -0.206547 0.072600 -0.389427 -0.074300 -0.822581 
-0.163769 0.230503 -0.359944 0.350970 -0.346155 0.004743 0.146703 0.294092 
-0.164334 -0.974657 -0.128741 0.224131 -0.121591 -0.609994 0.078363 0.347900 
-0.404126 -0.054977 -0.550407 -0.107653 -0.318900 -0.071157 -0.925617 -0.830106 
-0.223363 0.119721 0.324315 0.498342 -0.540320 -0.138029 0.017341 -0.205486 
-0.291999 -0.681207 -0.834987 0.191581 -0.350202 -0.295244 -0.240117 -0.491041 
0.325250 0.162607 -0.986338 0.070590 -0.926447 -0.502453 -0.101362 -0.286750 
-0.245415 0.229258 -0.835618 0.127025 -0.018474 -0.296948 0.343779 -0.635140 
-0.133039 0.011081 -0.460038 0.336109 -0.515036 0.046960 -0.808892 -0.140678 
0.178348 0.071000 -0.099948 -0.254957 -0.172117 -0.751057 -0.045480 0.278639 
-0.425698 -0.112891 -0.342412 0.208278 -0.857518 -0.834082 -0.275669 0.041155 
0.089357 -0.131973 0.088988 -0.607967 -0.811644 0.125131 -0.257061 -0.346940 
-0.326753 -0.420217 0.276121 0.090881 0.006362 0.147525 -0.807916 0.339705 
0.309233 0.081295 -0.613186 -0.375561 -0.650400 -0.519724 -0.528974 -0.266433 
-0.517434 -0.756053 -0.310903 -0.056844 -0.619266 -0.435493 -0.185314 -0.000760 
0.119483 -0.355896 0.220036 0.147483 -0.238495 -0.343360 -0.735062 0.173417 
-0.738312 -0.819334 -0.551062 -0.741841 -0.502703 -0.690320 0.113583 -0.140630 
-0.100589 -0.473805 -0.253151 -0.810029 -0.613541 -0.808761 -0.237014 -0.466080 
-0.206331 -0.689623 0.444560 -0.308503 -0.160061 -0.315376 -0.743963 -0.853333 
-0.774733 0.712627 -0.485536 0.341966 -3.327421 -1.079298 -0.236705 -0.398536 
-1.151584 -0.254766 1.777124 -0.060119 -13.693661 -1.207048 -0.640362 -0.644875 
-1.694380 -2.753791 -0.639621 -0.217656 -0.412139 -0.892499 0.580821 -2.239856 
-5.631142 -0.622153 0.952404 -0.717022 0.006916 0.016207 1.037248 0.435573 
2.603185 6.273247 -0.201728 -1.448649 -0.310376 1.129380 0.133744 -0.215025 
-0.472337 0.115646 2.460712 -8.800659 -0.859965 -0.657172 -0.534101 -0.265953 
1.141408 -0.952075 -0.186404 -1.246390 1.681932 -0.789702 -0.410725 1.187146 
-6.029717 -2.321185 -0.117015 -0.790302 -0.011043 0.733869 -1.080369 -0.876506 
-0.250944 2.067292 0.653842 0.802833 -2.599187 -0.224139 2.247221 -0.913236 
-2.442761 -3.007849 -1.780039 2.902504 -0.308215 1.958187 -1.314826 0.856905 
0.299797 -14.442519 -0.798367 -0.204318 1.643894 -0.902214 1.359359 -0.343000 
-0.999289 0.843019 -1.556737 -3.807387 -0.506172 -2.141640 -4.585355 -0.597576 
-1.059715 0.651324 -1.617440 1.238956 1.203229 -1.494965 -2.061478 -0.874203 
0.433505 0.861605 2.030486 0.026421 -1.184646 1.918897 2.300989 1.131752 
0.997679 -0.196464 -0.074301 -1.115549 1.064830 -1.495981 -0.706501 -2.327993 
0.633160 0.737567 -0.469548 1.996609 -4.087793 0.029679 2.293928 1.560796 
-1.284273 -2.775599 -0.193328 1.338307 -0.411404 2.518931 -2.411381 -0.278133 
-1.393147 -2.718248 0.377589 1.608118 -2.075030 -2.216395 -1.412225 -1.417775 
1.001447 -0.836925 -1.547483 0.642709 -2.065883 -0.640883 -2.014886 3.843654 
1.262932 -0.763667 0.309937 0.649802 -0.155780 -1.188137 -0.188369 -0.809593 
-2.254579 0.313946 -3.173712 0.596400 -0.103632 -0.111167 0.654651 0.682706 
0.336665 0.190422 11.358885 -1.449163 -1.574198 -0.471892 3.028644 3.913981 
-1.212829 -0.109098 -0.286092 -0.011403 0.096424 -0.393417 -0.265457 -2.805155 
-0.212438 -0.734101 0.296609 -0.306565 -0.159457 -0.510568 2.141421 -2.461987 
-0.485862 -1.109648 0.271019 -0.455156 -0.118962 -0.270935 -0.260325 -0.526889 
-0.104799 -0.590767 -0.240400 -0.692288 -0.565480 0.255603 -0.364114 -0.576693 
-0.569745 -0.402093 -0.251588 -0.873696 0.522398 -0.588173 -0.714202 -0.399966 
-0.272331 -0.949553 0.208996 -0.274063 -0.194796 -0.661357 -0.238217 -1.066136 
-0.866000 -0.407541 -0.810864 1.146489 -0.119421 -0.574477 0.101301 1.496904 
-0.152521 -0.478525 -0.358421 -0.313835 -0.357947 -0.852975 -0.124948 -0.603280 
0.214809 -0.336207 0.403529 0.009056 -0.577510 -0.451991 -0.968229 0.128017 
-2.248467 -0.169563 -1.201224 -0.953798 -0.242096 -0.341011 -0.587609 -0.549888 
-0.933516 -0.872405 0.078168 -0.014441 -0.377229 -0.138022 0.957578 -0.684550 
-0.315603 -1.116673 1.631621 -2.125493 -4.216576 2.136195 -0.781772 1.661448 
-0.343425 -1.202499 -1.044294 0.120483 -2.362865 -1.183840 0.854999 1.021341 
-0.892030 -1.593698 1.368804 0.480605 0.226253 -0.600706 0.443953 -3.607844 
-0.383391 -0.575282 0.413065 -1.859370 0.555234 1.378023 -0.491876 0.675439 
0.174974 0.643947 1.894456 -2.735323 0.171731 1.297494 0.060504 -0.850168 
2.993641 0.163714 -1.726167 -0.083792 1.093464 0.811040 -1.657578 -0.944919 
0.524116 0.394896 -0.789593 -1.105928 -1.046322 -0.344255 -3.540870 -0.082751 
-0.668872 -0.500715 -2.970489 0.433886 3.628964 0.086324 0.259054 -0.491938 
-0.033298 -0.138455 0.016873 0.777990 -3.459698 0.602462 -1.453257 1.327161 
1.203286 4.137669 -1.708465 1.564873 0.501226 1.051339 -0.324388 -1.039605 
-0.716440 -1.779082 -0.686078 -1.421028 -1.444850 -1.338716 -0.776682 -0.608457 
1.079071 -1.019717 0.157381 -0.086334 0.004947 -0.853689 -0.018664 -0.377994 
0.357467 -0.070017 -0.184935 -0.185367 -0.732206 -0.475967 -0.475489 -0.774003 
-0.405169 -0.086069 -0.524069 -0.452059 -0.329693 -0.825343 -0.127168 0.065345 
-0.496764 -0.748227 -0.765479 -0.410740 -0.083941 0.257561 -0.008979 -0.417958 
-0.070846 -0.185556 -0.063606 -0.455428 -0.452558 -0.912875 0.368344 0.245111 
-0.499022 0.244143 -0.416114 0.007060 -0.075053 -0.120633 -0.390992 -0.569902 
-0.220489 0.360903 -0.288247 -0.309977 -0.440103 -0.446367 0.043342 0.155310 
-0.373377 -0.330282 0.234617 -0.404985 -0.211061 0.018700 -0.418408 -0.364583 
-0.033824 0.283293 -0.001343 -0.674078 -0.101458 -0.291016 -0.017197 -0.578947 
-0.436818 0.106184 -0.013936 -0.464133 0.055959 -0.279902 0.480855 -0.029379 
-0.474234 -0.205884 -0.636558 -0.187426 -0.595271 -0.817600 -0.244369 -0.215840 
-0.350504 0.311626 -0.605418 -0.290299 0.135725 0.285163 -0.769837 -3.875518 
-0.690367 -1.064885 -1.671678 -1.271605 -1.345731 3.469963 1.171012 -0.383457 
-0.033593 -2.774577 1.370919 -1.435083 4.041754 -0.096959 -0.527860 -0.416299 
1.998462 -0.848131 2.359139 -0.373873 -1.695559 -0.653889 -1.001170 -0.686803 
-1.504384 -0.123954 -2.388157 -1.504800 1.793958 -1.299398 -0.831586 -3.039145 
-0.221746 -1.716503 -1.730304 -0.123282 -3.318331 -0.094651 -0.570919 1.483168 
-1.360496 -0.427153 -3.593267 -1.589153 0.069024 -1.879634 -1.087552 -1.349406 
0.496405 -2.869007 -1.361592 -1.437138 1.705560 -2.545594 -0.702680 -0.649366 
2.424458 0.098341 1.544245 1.246971 -1.270426 -0.161618 0.212766 0.261427 
0.373448 -0.881667 -0.361334 2.238937 -0.456040 -0.776567 2.343709 1.882210 
-0.931260 -1.481292 -2.084724 -3.674563 -1.234295 -0.835392 -1.995262 -1.033571 
0.019774 -1.564330 4.499030 -0.496353 -1.986784 0.240021 0.080010 -0.722305 
-0.189879 -0.556644 -0.488004 -0.206284 0.210532 -0.450796 -0.281885 -0.332680 
-0.539731 -0.194527 -0.544075 -0.130263 -0.392262 -0.701703 -0.293407 -0.611457 
0.301864 -0.127958 -0.113478 -0.173102 -0.332386 -0.842317 0.068221 -0.148959 
-0.245881 -0.763627 0.107350 0.306952 -0.387263 -0.320896 -0.166118 -0.657103 
0.152598 -0.307794 0.079682 -0.415465 -0.121749 -0.809059 -0.174871 0.029714 
-0.727361 -0.876230 -0.480485 0.055705 -0.654281 -0.167975 -0.800196 -0.241264 
0.165954 -0.201043 -0.147056 -0.057079 -0.341726 -0.375709 -0.590603 0.088043 
-0.096238 0.392598 -0.097073 -0.254695 -0.344434 -0.537596 -0.083740 -0.675546 
-0.620637 0.100255 -0.227014 -0.344979 0.249807 -0.030592 -1.676999 -0.240702 
-0.002800 -0.090838 -0.817042 1.359883 0.477911 -0.600131 -0.009508 -0.339594 
-0.587983 0.038825 -0.510469 -0.344179 0.111650 -0.777276 -0.178105 -0.112202 
0.067692 0.073082 -0.720566 0.083987 -0.719605 -0.480696 -0.339042 -0.001103 
-0.283745 -0.135230 0.002334 -0.157883 -0.566584 -0.265164 -0.495374 -0.121287 
0.002193 -0.322863 0.151782 0.075531 -0.759478 -0.231451 -0.350480 -0.241449 
-0.463269 -0.152613 -0.249521 -0.069941 -0.671321 -0.555346 -0.621613 -0.086224 
-0.587127 0.432112 -0.104124 -0.354828 -0.110776 -0.465546 -0.296626 0.231518 
0.137791 -0.213026 -0.742147 -0.535187 -0.530066 0.144639 0.238795 -0.426614 
0.379492 -0.742063 -0.524650 -0.369567 0.226202 -0.267190 -0.613582 -0.474914 
-0.349182 0.262060 0.217243 0.082210 0.008094 -0.003843 -0.521781 -0.550098 
0.138382 0.092864 -0.515630 -0.195420 -0.072305 -0.128552 -0.140469 -0.827584 
-0.106434 0.269679 0.219049 -0.541084 0.175877 -0.034901 -0.446888 -0.090149 
0.052599 -0.172320 -0.266901 -0.516329 -0.029816 -0.471369 -0.102134 0.116899 
-0.639448 -0.060704 -0.462557 -0.853173 -0.231724 -0.305568 -0.265184 -0.315168 
-0.544269 0.274786 0.372881 -0.587346 0.209155 -0.415393 -0.500657 -0.494646 
0.073956 -0.792060 -0.104748 0.288954 -0.148488 -1.006058 -0.095438 -0.700133 
-0.049583 0.012455 -0.344226 -0.712270 0.308891 0.122327 0.309686 -0.569619 
-0.571992 -0.573165 -0.149354 -0.216972 0.409325 -0.067963 -0.023361 -0.451440 
0.081725 0.268977 -0.321680 -0.512401 -0.450952 0.255499 -0.069181 -0.397326 
-0.844013 0.437204 -0.655770 -0.571369 -0.292379 0.450661 -0.297602 0.229371 
-0.479236 -0.166811 -0.389928 -0.456056 -0.074831 0.192656 -0.464976 -0.070937 
0.160671 -0.310480 -0.301470 -0.343844 -0.932357 -0.270277 -0.061843 -0.590051 
-0.544859 -0.472496 -0.033359 -0.151452 -0.745260 -0.177050 -0.112057 -0.330758 
-0.159272 0.010848 -0.208971 0.397097 -0.199746 -0.367481 -0.876387 -1.046222 
-0.759397 -0.322389 -3.657865 -1.296966 -0.347354 0.353613 -0.441419 -1.220956 
-0.994931 -0.475857 -1.064584 0.159197 0.595913 1.359692 4.251671 -0.428468 
-2.540075 0.016509 -2.114401 1.251729 -0.756985 -1.481767 -0.672023 0.115941 
-0.017100 1.889366 0.096320 0.258612 -1.019870 -0.371142 0.257982 -1.574103 
-3.125086 -0.886069 -0.469024 -0.646299 0.067339 0.019112 -1.534899 0.318282 
-1.174392 -0.451992 -1.161465 1.439787 -0.411862 -0.173087 -0.447504 0.983068 
0.080773 -0.495603 -3.871153 -0.722966 1.142789 -0.978425 0.469451 -0.522291 
-1.096578 1.267167 -0.338537 -0.325972 -0.692654 -0.096392 0.240115 -0.665553 
0.878323 0.149861 0.227694 -1.968951 -1.646287 -2.714348 -0.009418 0.388265 
-0.417102 -3.105844 -2.847025 -0.130892 2.861615 -0.195323 -1.376428 2.296469 
-2.283745 -0.423439 -0.115364 -0.374257 1.511420 -1.907533 -0.020276 -0.078247 
-0.878245 -0.259519 -0.174510 -1.024691 -1.148229 -0.196774 0.343518 -1.087657 
0.358259 -0.773261 -0.648698 -0.861892 -0.132375 -0.907392 -0.313037 -0.600564 
-0.883306 -0.922898 -0.339060 -0.029027 -0.231130 -0.160479 0.406489 -0.511511 
-0.708782 -0.325597 -0.376608 -0.718283 -0.547112 0.012920 -0.336574 -0.950317 
-0.690542 -0.666423 -1.419785 -0.307271 0.049285 -0.105243 -0.713197 -0.477120 
-0.077903 -0.787914 0.221022 -0.954276 0.579429 -0.725021 -0.984173 -0.922260 
-0.736923 -0.870807 -0.118652 -0.739285 -1.054488 -0.887761 -0.646477 -0.461965 
-0.735051 -0.600093 -1.065872 0.423516 -0.230644 -0.941843 0.238760 -0.483615 
-0.091325 -1.564397 -0.328178 0.398111 -1.545452 -0.123970 -1.082653 -0.105419 
-0.770917 -0.480899 -0.153413 -0.223011 -0.725721 -0.414780 -0.265626 -2.201921 
0.295397 -0.209688 -0.119406 -1.019595 -0.236629 -0.877883 -1.018118 -0.512116 
0.015089 -0.545149 -7.436168 3.406183 -2.989185 -2.326174 -1.892247 -0.398118 
-7.064318 1.953256 -0.185093 -1.338186 1.704923 2.763228 0.734813 2.128376 
-3.921004 0.218543 -0.405753 -1.035887 -6.725695 -2.812750 4.008666 -12.045784 
-1.953294 5.472573 -2.095625 -2.848013 -0.400679 10.897867 -0.633235 1.891730 
-0.213783 -3.266520 6.014060 -7.916090 1.146763 0.234559 0.057046 0.514144 
-1.963134 1.771544 18.142710 -0.771214 -1.325914 0.374564 -1.769177 -0.507235 
-3.969602 -0.507726 -0.994245 -8.746440 -1.450994 -1.172881 3.344495 -6.441498 
1.053400 -1.587242 -0.031135 1.542176 -1.612563 -0.299492 -3.762643 0.126126 
-2.069463 8.041873 -1.463780 -0.725731 2.837935 -3.894045 5.177638 8.098406 
-0.629607 -0.074311 1.950924 -0.683411 -0.834016 -5.557947 5.332674 0.941695 
-3.484990 -11.887164 -2.163360 -0.823694 -1.503900 -1.752193 3.298971 -2.964151 
-3.111367 -1.513251 -0.473012 -0.306502 -0.901032 -0.529809 -1.093245 -1.121850 
-0.976495 -0.626558 -0.315830 -0.367792 -1.041166 -1.203554 -0.282466 -0.188341 
1.039752 0.192616 -1.168315 -0.660019 -0.361151 -0.024706 -0.480397 -1.134984 
0.546752 -0.724802 -0.337527 -0.531847 -0.182872 -0.261275 0.122103 -0.290293 
0.034379 -0.743242 0.233659 -0.353796 0.183967 -0.415726 -0.773125 -0.370491 
-0.080475 0.462971 -0.467870 -0.494774 -0.528009 -0.232991 0.240554 -0.879348 
-0.305000 -0.200290 -0.909037 -0.101814 -0.143136 0.117603 -0.521006 -0.564119 
-0.367618 1.286676 0.182581 -0.021851 -0.142582 -0.253342 -0.320128 -0.051673 
-0.173269 0.125615 -0.329078 -0.492374 -0.294352 -1.375497 -1.424881 -1.178370 
-0.291599 -0.008441 0.255843 -0.522421 -1.181685 -0.507816 0.172045 -0.061243 
-0.854885 0.893139 -0.965069 -0.562487 -0.222318 -0.176861 -1.919345 -0.317945 
-0.235875 -0.160447 0.251966 -0.339305 4.102970 -2.620840 -0.555949 0.120187 
-0.410538 -2.991745 -0.225170 1.217447 -1.810389 -0.206920 4.452197 -1.744006 
-0.843335 0.037644 -0.911317 -0.334920 -0.560350 1.056277 -1.133153 -0.183223 
-0.453137 2.637499 -0.748420 -1.392321 -0.598076 -0.197632 -0.404169 -0.098997 
-0.237779 0.173140 -0.630478 1.414682 -0.195586 0.044071 -0.440580 1.111927 
1.333769 -0.339429 -0.518912 -0.360402 -0.404767 0.112341 0.155819 3.312625 
-0.168912 -0.910923 -0.031815 -0.694457 -0.349530 -0.201270 0.213887 -1.110717 
0.715977 -1.030048 0.081446 0.180030 -1.634933 0.317669 3.500554 -0.578959 
-0.479271 4.904133 -0.727976 -0.379098 0.093365 -0.373031 0.014510 1.613086 
-1.112218 1.458102 -0.458193 -0.858976 0.021480 -1.535985 0.387196 0.122414 
-0.443080 -0.576194 -0.920272 -1.153645 -0.327762 -0.374505 -0.326806 -0.546203 
-0.387954 -1.024225 -0.384311 -1.315176 -1.044495 0.056706 -1.914012 -0.783094 
0.543122 0.193223 -2.119891 0.061599 1.802185 0.475443 0.719003 -1.453149 
-0.936365 0.089130 -0.776321 2.479603 0.207744 -0.231009 -2.164491 -0.992953 
-0.437977 0.179567 -0.773770 -0.460958 -0.683460 -1.367367 -0.312072 -0.273683 
-0.459706 -0.311049 -0.055254 -0.707200 -0.883613 -0.390532 1.127716 0.039846 
-0.742105 1.452840 -0.442822 -0.250764 0.274301 -0.240900 -0.038422 -0.096181 
-2.049537 0.148439 -0.237817 -0.305770 0.242596 -0.619517 0.154781 -0.501574 
-0.536386 -0.281191 -1.371352 -0.463713 -0.253836 -1.887835 -0.358502 -1.355654 
-0.192660 -0.890971 -0.450793 0.707879 -0.838714 0.795183 -0.844869 0.208316 
0.931483 2.354697 -1.569770 -0.372808 -1.142886 -1.509326 -0.636571 0.021125 
0.565842 -0.565764 -0.162447 -0.062634 -1.043743 0.299574 -0.014030 0.557507 
-0.187987 -0.437140 -0.534899 -0.452464 -0.018667 -0.134458 -0.072809 -0.742831 
-0.711731 -0.289187 -0.882586 -0.387443 -0.125752 0.232458 -1.102398 -1.126891 
-0.477690 -0.645911 -0.544672 -0.314315 -2.830561 -0.725014 -1.184626 -0.565882 
-0.419967 -0.673523 -0.184515 -0.373211 -0.571736 -0.965835 -0.819224 0.414964 
-0.539717 0.358473 -0.556436 0.375168 -0.200435 0.134152 -1.567008 -0.618776 
-0.160538 -0.041193 -0.426855 1.693553 0.277766 0.198160 -0.385081 -0.292780 
-0.336686 -0.296396 -1.009429 -0.788859 -0.282072 -0.230438 -0.906564 -0.335020 
-1.008077 -0.922766 -0.034664 -0.765767 -0.788884 0.054520 -0.634343 -0.556300 
0.066805 0.262536 -0.376260 -0.116543 0.831156 0.163594 -0.505558 0.043420 
-1.260667 -0.968032 0.189180 -0.744768 -0.329057 0.047951 -0.700070 -1.141389 
-0.704342 -0.456778 -0.947517 -0.509717 -0.861606 0.645021 -0.769438 -0.106649 
-3.519245 -1.143093 -0.104120 -0.956645 0.133590 -0.695363 -1.298347 -0.524874 
8.117103 1.410296 -3.090861 1.429770 1.690777 -0.558210 -2.348993 -1.252720 
1.019161 0.416365 0.541209 -0.616345 -1.327794 -0.502738 -0.354625 -0.232191 
1.006251 -2.102901 0.031905 -1.703874 -3.175320 -0.748773 -10.213299 0.081087 
-1.742113 -1.216983 1.882132 1.629971 -1.840753 -0.085298 0.645670 1.167641 
-5.533767 -3.396360 -0.037624 -6.828997 -1.297328 -1.338088 0.591614 -2.284878 
-0.860114 -0.866287 -1.346732 2.488069 -1.563448 2.210778 -0.008848 -0.860146 
-0.512108 0.599401 -0.307126 0.711255 -1.620919 -1.157544 -0.143609 2.367072 
0.241027 -0.242931 -0.176697 -3.006173 0.308603 1.240611 -6.073218 0.576077 
-0.504958 -5.706236 -2.878904 -1.621407 0.675725 0.195112 -0.384746 0.229716 
1.800327 -3.776653 -0.036825 -2.183792 -1.064370 -0.133360 -10.510550 1.713151 
-0.828244 -0.330926 0.057030 4.189212 -0.113641 -0.690919 -0.075660 -1.265515 
-0.299297 -0.215348 -2.044308 -1.183390 -0.345579 1.080948 -0.590467 -0.456292 
-0.438121 0.148260 0.318386 -0.556863 0.796996 -0.314545 -0.141633 -0.488709 
-0.554596 -0.306291 -0.334647 0.464472 -0.015904 -1.199340 -0.082688 -0.535861 
-0.181341 0.173467 0.078508 0.450896 -0.733319 -0.456632 0.257878 -1.137311 
-1.240279 -1.157374 -0.188788 -0.085098 0.732256 -0.537532 -0.936178 0.543639 
-0.237864 -0.538787 -0.671656 0.539984 -0.285646 -0.541669 -0.044888 0.546678 
-0.392489 -0.233398 1.217975 -0.505261 1.286654 -0.619109 0.693207 -0.681392 
-0.876520 -0.649025 0.121240 -0.424749 0.174440 -0.246287 0.295583 -0.713610 
1.005481 -0.279472 -0.254934 -0.860137 -1.240487 -2.292201 -0.387934 -0.308015 
-0.389945 -1.612240 -1.748361 -0.514359 1.793453 0.017412 -0.424413 0.021690 
-1.532457 -0.483332 0.330268 -0.045278 0.675191 -0.541600 -0.481122 -0.630401 
-0.493443 -0.271028 -0.840063 -0.132761 0.051614 -0.583961 0.255245 -0.407843 
-0.505715 -0.621061 0.034515 -0.122850 0.313850 -0.675833 -0.425246 -0.570672 
-0.412469 0.073379 0.225996 -0.634944 0.188871 0.159355 0.355512 -0.209206 
-0.544533 0.039477 -0.070150 0.071575 0.439940 -0.086640 -0.299927 -0.132569 
-0.191793 -0.761101 -0.543618 -0.634197 0.204920 -0.171048 0.279656 -0.479141 
0.222830 -0.221183 0.078170 0.079120 -0.022718 -0.717243 -0.516596 -0.026221 
-0.838356 0.369011 -0.349797 0.422291 -0.093354 0.058437 -0.611250 0.088021 
-0.351373 -0.540745 -0.049572 -0.601753 -0.498411 0.097176 0.317249 -0.236426 
-0.356259 -0.589345 -0.029614 -0.447645 -0.720443 -0.542983 0.023643 0.189291 
-0.721079 -0.361794 -0.261309 -0.531406 0.131836 -0.266408 -0.847542 0.230980 
-0.206280 -0.589466 -0.311760 -0.233928 -0.287054 -0.078219 0.069975 -0.556183 
-0.434175 -0.198171 0.291855 -0.582885 -0.598108 -0.390279 -0.090149 -0.555211 
-0.419899 0.373463 -0.522170 -0.601631 -0.224636 0.213696 -0.151458 -0.093275 
-0.208211 -0.503217 -0.256609 0.031595 -0.687321 0.043289 0.095135 0.064658 
-0.162394 -0.210294 -0.420332 0.261002 0.280003 0.394254 -0.322434 -0.158278 
-0.317669 -0.237255 0.070366 -0.175698 -0.734948 -0.509016 0.363094 0.221893 
-0.350456 0.001337 -0.463781 0.176240 -0.129998 0.213267 -0.731832 -0.371255 
-0.501221 -0.833145 -0.237279 0.164230 -0.414742 -0.459041 0.080295 -0.528832 
0.084252 -0.272919 0.195764 -0.644388 -0.386493 -0.762893 -0.200118 0.198698 
-0.349527 0.021178 -0.507073 0.232687 -0.145921 -0.572475 0.032640 -0.079922 
0.255055 0.052685 -0.090099 -0.665716 -0.751481 0.174720 -0.204520 -0.467266 
-0.394661 -0.379447 -0.119412 0.158997 0.008763 -0.461595 0.035362 -0.163331 
-0.250663 -0.623288 -0.524511 0.044320 -0.084318 -0.030915 -0.380679 -0.490869 
-0.221540 -0.618587 0.023751 0.022920 -0.630069 -0.016504 -0.500410 -0.279414 
-0.006965 -0.093049 -0.697343 -0.199301 -0.455945 -0.436268 0.082340 0.331153 
-0.172945 0.127884 -0.504633 -0.002120 -0.444036 -0.194208 -0.527433 -0.511251 
0.041234 -0.538595 -0.319325 0.051296 0.134463 -0.431497 -0.415583 -0.652752 
-0.510577 0.342353 0.262520 0.131243 -0.142053 -0.249538 -0.300555 -0.085666 
-0.040013 -0.383848 -0.670751 -0.423379 -0.229124 0.311458 0.072366 -0.492910 
-0.466168 0.064390 -0.299233 -0.406774 0.011943 0.232916 0.232263 -0.090119 
-0.514525 0.360625 -0.455830 0.104746 0.050434 0.091801 -0.329590 -0.527307 
-0.317446 -0.088181 -0.408602 0.171987 -0.529848 -0.411560 0.008340 -0.609703 
-0.296145 0.227487 -0.051492 -0.158698 0.043585 -0.517684 -0.164732 -0.418272 
-0.469408 0.055465 0.256909 -0.747685 0.070965 0.129324 -0.388625 -0.624386 
0.156120 -0.264438 -0.571958 -0.109393 -0.719311 -0.434168 -0.015591 -0.452660 
-0.368545 0.327303 -0.625265 -0.185726 -0.454117 0.041722 -0.267676 -0.415180 
-0.484605 -0.201874 -0.388103 -0.754978 -0.534945 0.380338 -0.498897 0.101574 
-0.258180 0.166646 -0.057098 0.237539 -0.200033 -0.622866 0.241512 -0.450974 
-0.390039 -0.694257 -0.098978 0.191786 -0.256662 0.145542 -0.226762 -0.265364 
-0.059050 -0.524871 -0.381674 0.041951 -0.036150 -0.431700 -0.211155 -0.520695 
-0.317216 -0.298535 -0.461799 -0.352588 0.122208 -0.507369 -0.430739 -0.026800 
0.169439 -0.187866 -0.101119 -0.132253 0.180499 -0.235864 -0.156402 0.063862 
0.143717 -0.452288 -0.356200 -0.538373 0.162002 -0.731971 0.002713 -0.487261 
-0.228567 -0.193481 -0.244510 0.028429 -0.439601 -0.349486 -0.299079 -0.700177 
0.142843 -0.091077 -0.413843 0.273985 -0.173289 -0.258768 -0.070098 -0.300520 
-0.494799 -0.203680 -0.178737 -0.696738 -0.080890 -0.091342 -0.272039 0.276629 
-0.410824 0.004353 0.025438 0.002169 -0.591680 0.029563 -0.500534 -0.608394 
-0.066053 0.289067 0.429779 -0.534131 -0.812836 -0.065864 -0.371036 0.035302 
-0.500585 -0.011219 -0.302508 -0.532028 -0.431151 -0.066071 -0.246219 -0.714261 
-0.010688 0.017068 -0.010016 -0.070959 0.012989 -0.740400 -0.488678 -0.167200 
-0.051598 -0.865238 -0.697286 0.304905 -0.243916 -0.485216 -0.050873 -0.080941 
-0.702428 0.065824 -0.611616 0.062747 0.160954 -0.199625 -0.617862 -0.774437 
-0.346250 -0.381146 0.115127 -0.049547 -0.360030 -0.128384 0.120263 -0.147794 
-0.690467 -0.631781 -0.108873 0.332153 -0.328269 -0.314203 -0.340434 -0.433969 
0.419619 0.416731 -0.914806 0.371872 -0.795380 -0.631029 -0.199832 0.090996 
-0.756886 -0.109909 -0.165315 0.358075 0.051641 -0.161800 1.219579 -1.165423 
-1.105403 0.223613 -0.741292 -0.395433 -0.408267 0.130362 -1.270557 -0.490025 
0.513122 -0.406690 0.691481 -3.351897 -0.941491 -1.461159 -1.090328 -0.572510 
-0.336416 -0.338305 -0.520281 -0.680207 -0.795166 0.011205 -0.855393 -1.823112 
-1.056119 0.690259 -0.240980 0.097772 -1.513277 0.363811 -0.789799 0.034501 
-0.089814 -0.140233 -0.907135 -0.072922 -0.634999 -0.157729 -1.608715 0.036816 
-0.089973 -0.551656 -1.448620 -0.722584 -0.533583 -1.480537 -0.299748 -0.960246 
-1.148878 -0.516501 -0.450377 0.428155 -0.444789 -1.901049 -0.893994 0.936441 
-0.204399 -0.014075 -1.032909 0.218653 0.612344 -0.955335 -0.434048 -0.585879 
-0.659082 -1.462126 0.038197 1.757029 -0.024812 -3.296202 -0.881717 -0.544781 
2.704904 0.028128 -0.775446 -1.074257 0.151798 1.116213 -0.971974 -0.124502 
-1.370379 -0.700221 0.077069 -1.303416 -0.156807 -0.053001 -0.826255 -0.208808 
-0.230546 -0.637319 -0.434906 -0.448313 -0.608945 0.086310 -0.398917 -0.504259 
-0.709202 0.154386 -0.559290 0.144173 0.127594 -0.201608 -0.031793 -0.722495 
0.398328 -0.439278 0.264997 -0.187955 -0.498383 -0.064629 -0.392752 -0.599352 
-0.040245 -0.158282 0.211428 -0.030193 0.245558 0.126964 -0.337006 -0.247414 
-0.051508 -0.020997 -0.474470 -0.059648 -0.446381 -0.280936 -0.137303 -0.202556 
-0.082863 -0.027544 -0.348515 -0.355500 -0.036911 0.020627 -0.238171 -0.083883 
0.009271 -0.495668 -0.492630 -0.023379 -0.245618 0.009735 -0.540987 -0.631886 
-0.463479 -0.272359 -0.521124 -0.465810 -0.252773 0.203743 -0.382067 -0.304994 
0.160633 0.003782 -0.267973 -0.647257 -0.685993 0.133552 -0.350268 0.157741 
-0.519864 -0.285708 -0.044567 -0.042240 -0.515765 -0.344451 -0.421714 -0.217882 
-0.222463 -0.160101 -0.495841 -0.254426 -0.244861 -0.384983 0.107457 -0.294295 
0.165703 0.097108 0.059368 -0.660137 -0.709553 -0.067510 -0.403942 0.124192 
0.060232 -0.623168 -0.044337 0.061127 0.018078 -0.560194 0.009698 0.028197 
-0.525570 -0.472157 0.140231 -0.147500 0.364786 0.218613 0.174469 -0.652713 
-0.460610 -0.080750 0.218045 -0.466905 0.110513 -0.264039 -0.423908 0.093492 
0.019700 -0.415515 -0.794397 -0.374614 -0.425305 -0.491762 -0.501492 -0.199108 
-0.139023 -0.303989 0.100972 -0.317108 -0.501731 -0.557906 -0.324120 -0.399771 
0.084785 0.055151 -0.118753 -0.805719 -0.516886 -0.520014 0.056128 -0.407693 
-0.073892 -0.103206 -0.707985 -0.312251 -0.615995 0.213416 0.221492 0.144961 
-0.695349 -0.059823 -0.654873 -0.568713 0.126232 -0.403950 -0.426102 -0.270829 
-0.433931 -0.234526 -0.286336 -0.212249 0.065225 -0.398579 -0.418816 -0.716405 
0.136984 0.169101 -0.070419 -0.604698 0.289279 -0.336889 0.098025 -0.660070 
-0.460949 -0.137970 -0.019029 -0.712436 -0.268475 -0.434711 -0.394171 -0.549855 
-0.034097 -0.460951 -0.586311 0.323848 0.170940 -0.306148 -0.099936 -0.432204 
-0.059202 -0.645089 -0.425408 -0.425372 0.426524 -0.146564 0.045747 -0.440299 
-0.213457 -0.670091 -0.200680 0.410945 0.314917 0.048782 0.316285 -0.589816 
-0.183693 -0.456850 -0.414263 -0.145597 0.187591 -0.095174 -0.424142 -0.018813 
0.021589 -0.013630 -0.422399 -0.319195 -0.412233 -0.794337 -0.612497 -0.462592 
-0.486031 -0.296395 -0.197883 -0.112412 -0.220655 -0.083541 -0.504821 0.189445 
0.374913 -0.096364 -0.532290 -0.796244 -0.271220 -0.421877 0.405937 -0.167086 
0.038148 -0.646421 0.011700 -0.421614 -0.745838 -0.564197 -0.721585 0.309234 
-0.238590 -0.178449 0.014363 -0.734177 -0.306148 0.198252 -0.518228 -0.600277 
-0.564968 -0.111564 -0.622972 -0.804820 -0.158503 -0.106294 -0.204386 0.356036 
-0.364548 0.027509 -0.582711 -0.297665 0.060996 -0.511259 -0.541689 -0.217360 
-0.485814 0.136150 -0.391166 -0.538679 -0.022288 0.024141 -0.238945 -0.452995 
-0.194082 -0.526429 0.224545 0.129915 -0.473943 -0.304950 -0.281834 -0.055764 
-0.442346 -0.103008 0.233349 -0.560892 -0.590958 0.085109 -0.016513 -0.110546 
-0.404945 0.174928 0.226622 -0.582878 -0.452404 -0.151577 0.138694 -0.475314 
-0.078413 -0.227605 -0.123185 -0.122038 -0.224005 -0.559346 -0.591830 0.099050 
-0.294291 -0.617770 0.188445 -0.716601 -0.354421 0.297883 -0.431660 -0.578595 
0.209356 0.002639 -0.153174 -0.080073 0.328231 -0.193570 -0.189890 -0.320611 
-0.091555 -0.226009 -0.106924 -0.384509 -0.093480 -0.559163 0.017054 -0.045496 
-0.338622 -0.235435 0.124456 -0.015934 -0.169882 0.279689 -0.238098 -0.001150 
-0.386007 0.255992 -0.475766 0.018964 -0.160403 -0.392594 -0.441085 -0.420286 
-0.386285 0.176027 -0.601218 0.184523 0.037615 -0.219221 0.056735 -0.647177 
-0.365352 -0.133959 -0.544771 -0.206586 -0.250216 -0.622671 -0.213590 0.355776 
-0.542803 -0.323752 0.059948 -0.338597 -0.351704 -0.444252 -0.254034 -0.243475 
0.275408 0.080610 -0.204890 -0.256507 -0.199807 0.003196 0.265073 0.319375 
0.105392 -0.658640 -0.274747 -0.326470 -0.286349 -0.745933 -0.012785 -0.347467 
-0.166489 -0.297546 0.133220 -0.260604 0.065436 0.005401 -0.522032 -0.327580 
0.379028 -0.682202 0.186562 -0.679053 -0.360404 -0.095407 -0.437314 -0.264351 
-0.993086 -0.413529 -0.468434 -0.694795 -0.198214 0.268706 0.385696 -0.678915 
-0.373716 -0.235537 0.015648 0.267320 0.134472 0.190932 -0.496299 -0.652797 
-0.646455 -0.433585 -0.078903 -0.207284 -0.392046 -0.489686 -0.020778 -0.125085 
-0.881726 -0.810067 -0.686403 0.039470 0.171888 0.312376 -0.286766 -0.025434 
0.104308 -0.075343 0.007202 -0.807034 -0.523975 -0.595235 -0.393686 -0.274135 
-0.371414 -0.458731 -0.018023 0.286125 -0.888811 -0.589838 -0.161579 0.080085 
-0.320525 -0.352215 -0.467734 0.012576 -0.249918 -0.239479 -0.221984 0.482451 
-0.397027 -0.508490 -0.758508 -0.134831 -0.806825 0.164007 0.097821 0.153867 
-0.691031 0.107225 -0.284186 -0.347866 0.109069 -0.044938 -0.008816 0.177022 
-0.355736 -0.465356 -0.122573 -0.400016 0.048342 -0.461076 -0.190684 -0.077134 
-0.419096 -0.425599 -0.289024 0.001452 0.187004 -0.569761 -0.083037 -0.194925 
-0.028079 -0.298963 0.112901 -0.205109 0.285283 -0.553067 -0.197768 0.035015 
0.244527 -0.079891 -0.221454 -0.185116 0.113493 -0.138337 -0.383413 -0.491283 
-0.634383 -0.286227 0.190078 -0.218985 -0.744979 -0.599256 -0.185745 -0.488987 
-0.330744 -0.466326 -0.022633 -0.149789 -0.040700 -0.257033 -0.314446 -0.405887 
0.203105 -0.239705 0.202951 -0.711136 -0.366085 -0.205499 -0.275748 -0.076841 
0.011223 -0.389509 -0.639694 -0.251370 -0.275026 0.143207 -0.651523 0.322401 
0.332977 -0.477174 -0.297698 -0.071296 -0.385845 -0.357172 -0.485685 0.067045 
-0.341289 -0.576741 -0.494702 -0.498321 -0.250429 0.216973 -0.369281 -0.614215 
-0.148160 -0.017574 0.169930 -0.611313 0.168774 0.028082 -0.603350 -0.246876 
0.056468 0.216155 -0.088459 -0.373546 -0.238426 -0.405238 0.186097 0.105263 
-0.593423 -0.219204 -0.398324 0.304035 -0.373527 0.031047 -0.652413 -0.265352 
-0.645549 -0.241764 -0.580429 0.202935 0.383617 -0.533549 -0.468317 -0.012846 
-0.261952 0.052686 -0.250226 -0.003798 -0.250248 -0.041756 -0.400314 -0.398152 
-0.646207 -0.006094 -0.030866 -0.286741 0.129819 -0.123118 -0.147918 -0.522374 
0.008192 -0.537883 -0.382374 -0.555699 -0.403642 0.110182 -0.364699 0.063805 
-0.098665 -0.300365 -0.508511 0.426782 -0.148082 -0.641374 -1.126166 -0.196451 
-3.489331 -2.088508 -1.429073 0.579220 -1.202273 -1.011508 -0.719266 1.010756 
-1.853869 1.414400 0.256247 1.394933 -0.796583 -0.156695 0.081569 -0.870111 
0.772348 0.319324 -0.437501 -0.232448 2.034906 -0.283714 -0.199608 2.079223 
-0.451595 -0.552426 -0.086668 -1.034907 -0.343695 -1.556306 -0.175063 -1.018761 
-1.232374 1.973128 -2.167119 0.272082 2.393043 0.572181 -1.678066 -2.148029 
-0.122326 -0.194768 -1.042310 -1.387806 0.279016 -0.972010 -0.059326 -0.374731 
0.635754 -0.179790 -1.248327 -1.067960 -0.718514 0.164917 -0.336942 1.658197 
1.056120 -0.682064 -1.471964 -0.077760 1.007857 0.896585 1.067948 0.002509 
-1.336432 -0.299104 -0.334659 -0.176327 0.017139 -0.735235 -2.210524 0.307558 
-0.206592 0.673476 -0.698268 -1.505960 1.200399 0.502228 0.240558 -1.255911 
-0.960732 -0.505432 -0.599793 -0.800161 -0.220227 -0.950288 -0.135267 0.148777 
-0.071884 -0.204492 -0.229447 -0.587929 0.107818 -0.756704 -0.497485 -0.048987 
-0.368388 -0.194164 -0.196071 -0.352424 -0.164905 -0.931446 -0.328480 -0.098262 
-0.331382 -0.576328 -0.178512 -0.107830 -0.229521 -0.097003 -0.432452 -0.826192 
0.188868 -0.456938 -0.355335 -0.465531 0.459918 0.243713 -0.244808 0.042137 
0.031638 -0.316604 -0.133472 -0.036010 -0.144151 -0.008601 0.104903 -0.161613 
-0.433394 -0.432176 -0.557293 -0.507902 -0.349371 0.388231 -0.501228 -0.155906 
-0.129257 0.167680 -0.693509 0.050600 -0.544159 0.148250 0.225629 -0.301220 
-0.152194 -0.909806 -0.912745 -0.256711 -0.247757 -0.177228 -0.308296 -0.377848 
-0.122355 -0.402060 -0.464683 -0.201789 -0.525704 0.334577 -0.218699 -0.204635 
-0.165223 -0.594950 0.117192 -0.437759 -0.258111 -0.213858 -0.260242 -0.616985 
-0.385666 -0.466763 -0.079840 0.239180 -0.902913 0.112100 -0.838318 -0.684734 
-0.491719 1.162268 -1.456556 -0.852958 -1.244444 -1.055976 -0.052858 0.165601 
0.104502 -1.431079 0.390425 0.902634 -0.917132 1.020316 -0.457959 0.113526 
0.360097 -0.278358 0.357608 -0.479573 1.071555 -0.360040 -0.428806 0.379900 
-1.461908 -0.436579 -0.000953 -0.176127 -0.894161 1.659517 0.581931 -0.109890 
-1.192231 0.183137 0.733859 0.186277 0.081611 0.179140 -0.433618 0.241263 
-0.857689 -0.181421 -0.725108 0.316238 0.309990 1.288234 -0.610000 0.059123 
0.613179 -0.402408 -0.628947 -0.648085 -0.284582 0.306687 0.483049 -0.450804 
0.227302 -0.309128 -0.949954 -0.733517 -0.888155 0.292514 -0.056843 -0.527971 
-0.904094 -0.126904 -0.846871 -1.467607 -0.861037 0.304451 -0.224267 -1.326820 
0.349487 -1.037140 -0.315130 0.222434 0.052930 0.021843 0.407527 -1.096724 
-0.624174 -0.881135 0.772548 0.223660 1.571918 -0.441970 -0.629706 -0.483775 
-0.116135 -7.213843 -0.038567 1.980107 1.019756 1.721561 -2.507320 2.898334 
-0.597439 0.333673 -7.574385 -4.344738 2.221162 3.585379 4.485220 2.395580 
-0.019260 0.733305 0.820757 0.843617 -1.395265 0.456373 -7.593857 0.204827 
3.193399 3.708288 -1.342615 -0.955463 5.153457 0.247308 -2.218848 1.354516 
-1.516143 3.039693 -1.795873 1.089050 0.905650 -1.710566 1.378921 -1.203954 
-2.477876 -1.864100 -1.246758 -0.239723 3.239490 -0.947800 -1.218029 -7.116220 
0.398732 -2.905020 -2.343374 0.876520 4.070556 -5.831413 0.655860 6.610501 
-0.948080 1.403308 -5.001493 -3.471999 1.379368 -8.927240 -0.007163 -2.821792 
3.205843 -0.677594 -1.145348 -1.968355 1.770116 -1.392756 1.240379 -1.237082 
-5.044973 0.949188 -0.308991 -6.601531 1.191607 -0.638398 0.223805 -1.220885 
-4.363240 0.746706 -0.111467 2.208477 -2.386011 -2.602022 1.589141 -1.179475 
9.314573 0.136794 -0.329788 -0.255002 -1.270578 -0.988807 -0.587381 -0.221153 
-0.671620 -0.210913 -0.933642 -0.738218 -0.132095 -0.172350 -0.214554 0.296021 
-1.153549 -0.465069 -0.778569 0.259045 -0.761519 0.247197 -0.332694 0.000799 
-0.274456 -0.672636 -0.927716 0.288665 0.143569 -0.157970 0.055856 0.017676 
-0.479873 -0.073257 -0.815781 -0.128454 -0.579619 0.352724 -0.508745 0.070249 
-0.242607 0.417519 -0.625872 -0.227868 -0.159305 -0.104643 -0.717517 -0.127734 
-0.432515 -0.515742 -0.064212 -0.580051 -0.553496 -0.481186 -0.097844 -0.463217 
0.307507 0.411750 0.136905 -0.247942 -0.022243 -0.727732 0.189349 -0.276303 
-0.455410 -0.568373 -0.546630 -0.180891 -0.704315 -0.995149 -0.238322 -0.810052 
-0.026822 -1.089151 0.064480 -0.496198 -0.408826 -0.044422 0.048469 -1.215378 
-0.174972 -0.952406 -0.776222 -0.182001 -0.166167 -0.372619 -0.080708 -0.690401 
0.002687 -0.246002 -0.707566 -2.998091 3.834623 -2.441287 1.420915 -0.234125 
0.136726 -0.139849 -1.302824 -2.137957 0.356367 -1.061860 1.082899 -0.675708 
2.807536 -1.409315 -2.829391 -3.335854 1.436629 3.210415 -1.326225 0.594709 
1.183903 -1.229810 0.657167 -0.126398 -1.594624 -1.434923 1.786611 -0.941268 
1.084275 -0.442093 6.779035 -0.602979 -1.764859 -1.478340 -0.736427 5.057971 
-2.494359 1.513094 0.344365 6.320656 0.193843 1.469042 0.845602 2.343061 
-1.620987 0.684109 -0.673104 -2.291581 -0.178837 -5.364346 -0.660995 1.218700 
3.593765 -1.287964 0.168610 -1.190788 -10.630674 -0.511967 0.024624 3.505983 
-0.388225 -3.162791 -3.056293 -3.338712 1.615306 -2.043028 -1.205003 -3.330633 
-1.372200 1.827102 2.700025 -3.953830 1.355244 1.594656 -2.862028 -1.605738 
0.038292 -2.065034 1.965682 -2.263363 4.142386 1.317957 -1.461430 -0.253593 
-1.533478 -1.717507 -0.695918 -1.795011 0.071852 -0.258522 -0.860780 -0.115078 
-0.454284 0.113667 0.308011 -0.427186 -0.231245 -0.298852 -0.367792 0.359001 
-0.352721 0.038831 -0.218733 -0.188345 -0.081140 -0.202366 -0.528774 -0.119243 
-0.330902 -0.378964 0.020689 -0.355301 -0.517738 -0.205802 -0.601602 -0.482468 
-0.475544 -0.125264 -0.129233 -0.297645 -0.116841 -0.108453 -0.589367 0.196269 
0.265917 0.062352 -0.279898 -0.273374 -0.454549 0.047054 -0.058443 -0.365480 
-0.894370 -0.336127 -0.644449 -0.324112 0.098687 -0.022012 -0.233598 -0.042812 
-0.715423 -0.914803 -0.310607 0.111930 -0.129734 0.079691 -0.499633 -0.492140 
-0.711571 -0.181598 0.283284 -0.226408 -0.186135 -0.107663 -0.059194 -0.363400 
-0.691101 -0.188011 -0.245822 -0.406576 -0.416278 -0.361630 -0.454929 -0.037115 
0.148850 -0.754573 -0.281885 -0.094465 -0.126491 -0.310797 -0.099504 -0.054238 
-0.474521 -0.116342 0.097834 -0.052789 -0.866781 0.200718 -0.791274 -0.548258 
-0.658109 -0.713063 -0.442119 -0.033217 0.400699 -0.793547 -0.181985 0.457858 
0.234646 -0.348179 0.292988 -0.784074 0.050430 -0.421189 0.329366 -0.559812 
0.026163 -0.365261 0.288784 0.090435 -0.047238 -0.321734 -0.277244 0.164933 
-0.421555 -0.201088 -0.477243 0.003877 -0.349669 -0.621147 0.040590 -0.038574 
0.077094 -0.067794 -0.247881 0.470763 0.247297 -0.392938 -0.454801 -0.406805 
-0.530696 -0.785100 -0.241336 -0.189251 -0.791066 -0.232680 0.124577 -0.203659 
0.086106 -0.450138 -0.051326 0.316399 0.419585 -0.054515 -0.147181 -0.371871 
-0.698174 0.223625 0.221931 -0.293251 -0.677810 0.020135 0.052098 -0.198901 
-0.856244 -0.223625 0.129250 -0.408517 0.059750 -0.059294 -0.539144 -0.353960 
-0.291262 -0.292855 -0.788272 0.364088 -0.477421 0.106784 0.063367 -0.029203 
-0.567152 0.151132 -0.236985 -0.266336 -0.292998 -0.872307 0.162907 -0.274257 
-1.182651 -0.062891 -0.827559 -0.629311 -0.600141 0.606417 -0.849905 -0.375171 
-0.384096 -0.522794 -0.659625 -0.104709 -0.226066 -0.270560 -0.573025 0.145858 
-0.613003 -0.308576 -0.528317 0.183895 0.158409 -0.575210 -0.014910 0.049162 
-0.496934 0.200315 -0.710316 -0.422407 0.254537 -0.432090 -0.298228 -0.834459 
-0.931739 -0.304580 -0.283619 -0.138870 -0.542444 0.190082 -0.532020 -0.330111 
0.006775 0.308064 -0.246320 -0.263795 -0.873233 -0.220746 -0.706429 0.000628 
-0.134166 -0.198725 -0.564054 0.008860 -0.891063 0.265979 0.537261 -0.147584 
-0.889076 0.411712 -1.056894 0.239359 -0.476096 -0.051877 -0.557378 -0.085592 
-0.002363 -0.914319 -0.985184 -0.046335 -0.185588 -0.254270 0.004269 -0.511876 
-0.378737 -0.326372 -0.056815 -0.334316 -0.497411 -0.272211 0.009370 -0.762288 
0.172757 -0.476338 0.011291 0.465734 -0.698823 0.016316 -0.283709 -0.521404 
-0.745252 -0.480473 -0.572753 -0.880886 -0.199642 -0.548902 0.317460 -0.972830 
-0.754333 -0.486074 0.089798 -0.205592 0.341757 -0.538380 0.016747 -0.600235 
0.221722 -0.362435 0.215451 -0.122455 0.151198 -0.817124 -0.625219 -0.891050 
0.360325 -0.506830 0.273766 0.065382 -0.336940 -0.235121 0.243121 -0.001029 
-0.029328 -0.594795 -0.073116 0.355797 -0.420211 0.092885 0.306857 -0.535437 
-0.511634 -0.140110 -0.188362 -0.518875 -0.225167 -0.226316 -0.606517 0.209637 
-0.425225 -0.292848 -0.543620 -0.088988 -1.011894 0.316131 -0.053790 -0.671410 
0.001816 -0.862426 -0.276707 -0.521576 -0.254520 -0.322348 -0.309212 -0.132805 
0.213826 -0.237493 -0.371139 -0.168367 -0.487225 -0.363511 -0.775777 -0.224268 
-0.458280 -0.276027 -0.271638 -0.406272 -0.439119 -0.272935 -0.054617 -0.888676 
-0.622834 -0.748690 -0.695386 0.415527 0.012865 -0.320019 -0.766281 -0.763821 
0.064116 -0.518125 -0.736427 0.010391 0.127131 -0.537454 0.098551 0.299480 
-0.276363 -0.143909 -0.343689 -0.337015 -0.328551 -0.052430 -0.797788 -0.210394 
-0.006425 -0.318637 -0.040363 -0.298462 0.144640 -0.008610 -0.568367 -0.247377 
0.217559 0.211730 -0.377853 -0.422067 -0.676947 -0.112004 -0.175113 -0.275182 
-0.583310 -0.162998 -0.059840 -0.497378 -0.420273 -0.074581 0.245175 0.350808 
0.227164 -0.013385 0.237347 -0.123013 -0.899103 -0.191028 -0.392805 -0.700025 
0.234127 0.058996 0.172597 -0.562052 -0.295164 -0.503855 -0.327754 0.174496 
-0.319444 -0.054111 -0.612955 -0.050751 -0.233786 0.042568 0.201256 0.259030 
0.212396 -0.026075 -0.615429 -0.433034 -0.759769 -0.446167 -0.242058 -0.496587 
-0.708982 -0.408256 -0.071934 -0.704006 -0.358602 -0.713256 0.184032 -0.659876 
-0.548767 -0.158657 -0.680895 -0.702867 0.344204 -0.485555 0.147607 0.007430 
-0.583797 0.349551 0.101065 -0.612273 -0.275730 -0.342369 -0.592337 -0.488730 
0.021589 -0.049301 -0.120784 -0.455629 0.200375 -0.317385 -0.304536 -0.178903 
-0.519044 -0.506501 0.243115 -0.224263 0.319193 -0.054523 0.009273 -0.463498 
-0.733095 0.067022 -0.307012 -0.763809 0.105177 -0.049944 -0.519897 -0.470194 
-0.560423 -0.288474 -0.298856 -0.288279 -0.206628 -0.176957 0.119339 -0.500366 
-0.514441 -0.030064 -0.156677 -0.548251 -0.089598 -0.355875 -0.521961 -0.072317 
-0.322454 -0.511040 -0.264808 0.092286 -0.682886 -0.529275 0.065537 0.106099 
0.226467 -0.005872 0.224435 -0.013798 -0.536640 -0.613391 0.208320 -0.062465 
0.077766 -0.066894 -0.271336 -0.234190 -0.533847 -0.015258 -0.362439 0.262301 
-0.192498 -0.173766 -0.093137 -0.099275 0.218109 -0.590416 -0.199389 -0.574020 
-0.213274 -0.342752 -0.400175 -0.387165 -0.703723 -0.036809 0.177188 0.080692 
-0.284669 -0.167010 0.132450 -3.767705 0.175996 0.836788 0.216902 -1.952694 
0.661522 -0.717084 -0.485996 -3.866689 2.253823 -0.142181 -0.488240 -0.428090 
-5.603982 -0.365960 3.485957 1.096650 1.446864 -1.701937 -2.215542 3.865988 
-2.443236 -0.592836 0.005927 -0.550415 0.017685 1.492941 -0.920149 -0.612206 
-2.487328 1.039397 -2.124332 -0.982605 -2.164639 -0.710283 -5.085957 -1.794873 
-2.930862 -0.076114 -4.773138 -0.300806 -0.427897 -3.279138 -0.628139 -2.011369 
1.032097 -0.584339 -1.467419 0.477497 0.203874 -1.208912 -1.848149 2.179748 
-2.271995 -0.227580 0.389695 3.707153 -3.166932 -0.706206 -1.941838 -0.320806 
-0.263961 -1.321548 -1.705364 -0.887225 -0.481840 0.432171 -9.303029 2.893328 
-0.761237 -5.553340 0.812114 0.458063 7.812736 0.693890 -1.366193 0.214584 
-1.773195 -3.329909 0.180966 -2.906601 -1.458236 -1.210572 -0.844956 -5.045485 
-0.933684 -0.595692 -0.932114 -2.444323 -6.651350 -1.049161 4.022280 -1.963063 
-1.391291 -1.875734 -2.473135 -3.454492 -10.970027 -2.825180 -0.456073 -2.174109 
3.525811 -3.777289 -2.069253 0.840801 -2.047918 -3.577880 -1.286364 -1.234910 
0.677618 -0.582225 -3.497039 -2.238301 22.728998 -3.032419 0.042993 -0.652614 
-1.594875 -2.231795 -3.903168 0.620891 -3.338105 0.289515 -3.162378 -3.277740 
0.954580 -2.348828 -3.103193 -1.705850 -1.385390 -1.763216 -4.014251 -1.557445 
-1.806065 -6.213715 -3.226367 -0.672681 0.107373 -0.225865 -1.834877 0.420534 
-0.766267 -2.438842 1.747195 -0.200562 10.509549 -1.222910 -0.547935 9.443578 
-0.141899 6.868756 -0.218188 -4.097683 -1.744951 -4.898491 -2.634753 4.421350 
-1.329673 -2.195867 3.272394 1.802516 0.293353 -6.518543 4.089444 -4.299013 
-3.121114 -3.048492 1.699919 -0.505537 -1.674684 -2.119839 0.164306 -1.219630 
-5.249177 -0.305120 -0.729785 -3.802734 -0.261882 -0.491675 -0.110492 0.149812 
-0.816224 -0.116992 -0.861533 -0.255838 -0.563029 -0.800860 -0.317362 0.018400 
-0.259473 -0.304298 -0.067457 -0.148471 -0.193475 -0.278974 -0.632878 -0.033529 
-0.297973 -0.334447 0.173106 -1.304431 -0.081901 -0.807255 0.185596 -0.620006 
-0.303851 -0.266088 -0.556746 0.291097 -0.426518 -0.148700 -0.708632 0.267793 
-0.111475 -0.322160 0.256220 -0.298057 -0.222114 0.458807 -0.413930 -0.481798 
-0.492050 -0.631348 -0.522178 -0.483655 -0.377371 -0.630588 -0.297984 0.065801 
-0.533149 -0.494185 -0.194116 -0.009112 -0.419218 -0.644290 -0.872132 -0.858721 
-0.162011 0.205960 0.210526 -0.611574 -0.288064 -0.090640 -0.103078 -0.459963 
-0.341902 -0.783679 0.163010 -0.281021 0.029241 -0.755849 -0.594946 0.035935 
-0.232313 -0.304929 -0.459530 -0.418209 -0.150771 -0.065330 -0.193534 -0.644086 
-0.443285 -0.410972 -0.556263 -0.472743 -0.780660 3.555275 -1.806121 0.090490 
-0.618076 -0.064610 -0.624737 -1.104361 3.357273 -2.699526 -2.454773 -1.430728 
0.932682 0.270052 -5.153198 -0.668148 -1.128382 -1.274407 -0.069009 -4.809549 
-1.104987 1.420718 -0.988147 -5.030551 -1.175882 -3.118790 -1.859726 -0.631940 
2.558533 -0.034992 -0.022182 -0.951189 -1.852464 3.719789 0.548734 -0.989292 
-1.437395 -0.608026 1.593364 -1.459983 1.239068 10.589270 -0.399360 -0.787270 
-10.905327 -2.693432 0.356964 -0.494110 -1.942477 5.835370 -2.177201 4.582441 
4.342438 -0.172854 -0.218744 -1.025974 1.646569 0.843838 -4.755898 -0.698689 
-0.702121 6.867553 -0.104069 -3.705380 -2.284286 4.384700 -0.031182 7.022264 
1.953617 0.804814 -1.818914 -0.576548 4.063842 -6.020213 -4.901080 -0.449943 
-4.769755 3.221376 -0.961830 -4.773228 3.440746 -0.048361 0.606996 -1.791408 
0.086388 -0.354314 -0.679347 -1.626224 -0.588712 -1.855264 -0.106458 2.327651 
-0.698321 0.282044 -0.450486 -0.368761 0.904728 -0.323803 -1.415830 0.607020 
1.054543 -0.134225 -0.490840 -1.356290 0.133008 -0.794224 -0.450879 0.213543 
-0.655307 -0.227982 -2.092221 -0.036740 -3.182438 -1.396429 -0.560872 0.276372 
-1.050310 0.186601 -0.626120 -0.638587 -0.844797 0.740855 -2.580530 0.342622 
-0.931941 -2.176135 -0.717523 -0.577141 -0.522696 -0.107178 -0.060849 0.276532 
-0.500610 1.294253 -0.939924 -0.601829 -0.059055 -0.845388 0.171943 -1.134039 
-1.551376 -0.719223 -0.950623 0.051778 3.665272 0.254279 -0.062976 -1.253571 
-0.539992 -0.029207 -1.326991 -0.501153 -2.035157 -0.089535 -0.484554 -0.121244 
-2.262421 -0.627991 -0.262010 -0.654469 -0.355894 1.203629 -1.142185 -0.311190 
-1.172726 -0.830679 0.097413 -1.019830 -1.617249 -0.886647 -0.276372 -0.321334 
-1.043495 -1.092395 -0.535598 -0.745134 -1.630607 -0.558773 -0.758802 -0.188944 
-0.146358 -0.630571 0.020477 -0.243114 0.040170 -0.324051 -0.232669 -0.789133 
-0.337035 0.222809 -0.243961 -0.756402 -0.431210 -0.885853 -0.590254 0.048154 
-0.228903 -0.083192 0.215858 0.032904 -0.092794 -0.541931 -0.209275 -0.609331 
-0.427015 -0.022043 -0.457495 0.144211 -0.389062 -0.411609 -0.105157 -0.482952 
-0.052909 0.074193 -0.217141 0.292553 -0.048090 -0.026385 0.319721 -0.260250 
0.480004 -0.133138 -0.534332 -0.459575 -0.040569 -0.366837 -0.548442 -0.342192 
-0.127520 -0.171047 -0.763356 -0.491401 -0.393845 -0.052294 0.211892 0.245179 
-0.603721 -0.266621 -0.529616 0.153010 0.072022 0.489894 0.130308 -0.747503 
0.020117 -0.575598 -0.095004 0.004035 0.102922 0.183778 -0.055643 -0.732180 
-0.306511 0.131863 0.048501 0.231744 -0.466754 -0.586806 0.104729 -0.764879 
-0.037403 -0.251426 -0.622070 -0.457161 -0.112820 0.284614 -0.616980 -0.040514 
0.287640 -0.008477 -0.419459 -0.350762 -0.253214 -0.079532 -0.243372 -0.011909 
-0.780423 -0.040840 -0.004393 0.201550 -0.327466 -0.197827 -0.773653 -0.869619 
-0.698014 -0.267360 0.040472 0.050259 -0.519090 -0.453482 -0.824276 -0.514233 
-0.344055 0.295506 0.299668 0.273280 -0.160891 -0.400177 0.224025 0.001497 
-0.066888 0.149902 -0.805639 0.045876 0.332656 -0.528777 0.303140 -0.226243 
-0.705144 -0.233391 0.257793 -0.489623 0.000909 0.093467 -0.524709 -0.814094 
0.128334 -0.287224 -0.424153 -0.043380 -0.512906 -0.654562 -0.015175 0.406218 
0.124651 -0.479469 0.149288 -0.035149 -0.152942 0.070298 0.063517 -0.648102 
-0.341493 -0.570989 -0.062974 -0.464095 0.063074 -0.029706 -0.274046 0.020481 
-0.530681 -0.100407 -0.514575 -0.065195 0.350725 -0.703546 -0.413741 -0.799022 
-0.161457 0.005832 -0.090400 -0.456325 0.201351 -0.769644 0.330542 -0.795973 
-0.406628 0.041590 -0.057414 -0.888033 -0.301060 -0.444387 -0.362099 -0.764191 
0.307381 -0.281498 0.039683 0.121193 0.498577 -0.213132 0.707499 -0.106833 
-0.993458 -0.257329 0.305386 -0.764154 0.317056 -0.186557 -0.199399 -0.669688 
-0.220941 -0.901790 -0.569952 0.017600 -0.092872 -0.593128 0.064679 -0.456126 
0.173529 -1.079049 0.127719 -0.460609 0.279768 -0.625418 0.024438 -0.241565 
-0.143528 0.025762 0.036691 -0.318971 -0.394835 -0.901653 0.039348 0.200364 
-1.051993 -0.390516 -0.355211 -0.142488 -0.957386 -0.404233 -0.013504 0.250703 
-0.076011 0.341300 0.095138 -0.281278 0.048341 -0.525915 0.077288 0.446534 
0.039791 -0.432243 0.077246 -0.586351 -0.576986 -0.815514 -0.616808 0.102138 
-0.622244 -0.678226 -0.514208 -1.074835 0.236509 -0.063748 -0.030083 -0.206879 
0.009028 -0.566620 -0.471509 0.056418 -1.041692 0.261436 -0.689847 0.258108 
-0.626517 -0.465865 -0.375113 -1.747631 0.698378 0.609344 0.240691 2.886666 
-9.339815 0.222181 -0.560269 4.171895 3.007346 1.248481 -0.715022 1.879674 
-10.504494 -0.842431 -1.286652 -1.641356 1.387056 4.917160 1.687869 -0.329208 
-2.334559 -0.720425 -1.561723 -0.365723 -0.509326 -1.249654 0.574991 0.549309 
2.369851 -3.168922 1.586586 -2.927660 -2.272331 1.815264 -0.902369 0.708996 
-1.377439 0.160062 1.796842 0.380732 0.862447 -2.496564 -0.849680 2.221708 
1.567554 -1.618261 4.522319 -4.083138 1.573587 -2.194995 2.409844 1.783446 
2.738966 -1.984731 1.301308 1.293784 0.226479 1.448923 -0.588389 0.994760 
-3.850788 2.373499 -1.733258 -0.689465 3.101228 -1.534464 1.170673 -1.046733 
3.330087 -2.600020 0.392715 -2.194007 -2.680758 -0.510022 3.257851 -1.325393 
-1.551990 -3.127339 -0.262753 -0.210235 -3.312326 -2.687269 -0.896095 0.555135 
-1.890840 -2.064141 -0.300442 -0.952819 0.415644 -1.146241 -0.395597 -0.134893 
0.189867 -0.283014 1.394718 -0.725984 -0.922950 -0.933211 -0.442440 -0.706307 
-0.771143 -0.521633 -0.696290 -1.396424 0.128395 1.286070 -0.470237 0.782454 
1.041054 -0.665155 -0.653117 -0.769652 -0.040769 0.696186 0.347324 0.091365 
0.152717 -0.618806 -0.865990 -0.529437 -1.164773 -0.760548 -0.462277 0.524904 
-0.050490 0.067505 1.000191 -0.612212 0.935263 -1.186059 0.258952 -0.443356 
-0.103191 -0.488311 -0.373331 -0.176178 -0.951638 -0.551700 -1.380530 -0.919723 
-0.681222 0.151542 -0.556083 -1.168743 -1.330919 0.336546 -0.350529 -0.589262 
-0.243041 -1.187010 -0.058441 -1.446164 -0.176384 -0.151931 -0.881097 -0.367409 
-1.261991 -0.309944 -0.699427 -0.558811 0.086013 0.040715 -1.125821 -0.943855 
-0.375298 -2.279446 0.002434 0.031408 0.886828 -0.755409 -0.758843 -1.467749 
-0.280025 -0.029888 0.081640 -1.014260 -2.110845 1.859600 -0.289282 -0.135096 
0.220349 3.015767 0.158833 -0.651714 0.372495 -0.050040 -2.285390 0.162651 
0.345713 -0.904481 -1.959730 -0.676930 -0.206841 2.686720 -5.328194 -0.052753 
-0.158052 -0.900778 -0.560944 -2.663750 1.726775 1.331829 -0.768808 -0.761301 
0.181086 -0.213128 -0.408817 2.001288 -0.273779 1.175120 3.371937 -0.113064 
-1.774588 -1.291069 2.610187 -0.162610 -1.235246 -0.033647 -0.754663 -2.089697 
-0.555763 -0.190618 2.189633 0.139747 -0.425752 -0.416030 -0.155750 -0.484596 
-0.423669 -2.985241 -0.464002 -0.177431 1.236732 -0.056022 -0.949139 -0.240281 
-0.816353 -1.653211 1.986342 -0.664416 -0.472335 0.955078 0.040179 -4.727524 
-3.246592 -2.418041 0.322129 -2.026187 0.042716 -3.542223 0.744239 0.803459 
-1.213511 -1.059655 -0.967919 -2.201467 -0.041965 -0.692804 0.622605 -0.825553 
0.779795 0.947604 -0.413834 -0.007931 -1.354809 1.229490 0.799141 -0.378891 
-2.241469 -0.046947 -0.229419 0.196161 1.941344 -0.426376 -0.139812 -0.045919 
1.055722 0.085125 -1.270765 -1.318008 -0.104023 -0.116015 -0.443936 -4.515193 
0.093946 0.056219 -0.426838 -1.346038 -3.609908 0.013706 0.196308 -0.152382 
-1.736117 -0.853733 -0.382464 -0.667363 -0.725046 -0.271808 -2.613339 -0.736337 
-0.323184 1.404374 -1.131234 -0.056769 0.486233 -10.278307 0.067823 -0.036080 
-0.089804 0.468645 -0.840332 -0.486669 -0.793178 -0.266366 -0.109545 -0.079994 
-0.068369 0.201977 -1.975462 0.136326 -0.508036 2.173432 -0.004181 -0.491956 
-0.004828 -0.132892 -0.129479 -0.819201 1.092542 -2.019442 0.328999 2.191480 
0.627855 0.320264 -0.626554 -0.419008 -4.569573 -5.916279 0.134870 0.433318 
-1.364578 0.155917 0.104966 -0.761466 1.364112 -0.528103 -0.586163 -0.979667 
-0.418426 0.122389 -1.062547 -0.323341 -0.924870 -0.668913 0.348648 -0.379037 
-0.152998 -0.670796 0.031016 -0.529295 -0.178486 -0.323363 -0.065768 -0.390810 
-0.180748 0.005079 -0.691213 -0.131128 -0.756723 -0.335537 -0.386239 0.324918 
-0.428355 -0.473786 -0.448112 -0.109559 -0.035155 0.079654 -0.364281 -0.112946 
0.086569 0.160258 -0.468794 -0.204590 -0.305511 0.252512 -0.674787 0.235245 
-0.149491 -0.261698 0.083503 -0.632885 -0.355667 0.224247 -0.559384 -0.102012 
0.287890 0.131135 -0.806190 -0.263564 -0.014463 -0.271267 -0.000383 -0.342608 
0.192744 -0.719293 -0.033276 -0.308726 0.093318 -0.186672 0.093504 -0.164762 
0.242296 -0.114018 0.193899 -0.470080 -0.454094 -0.094928 -0.444457 -0.178629 
-0.313643 -0.572178 0.129950 -0.439073 -0.188846 -0.694552 -0.184123 -0.638397 
-0.076210 -0.460061 -0.553348 -0.239500 -0.363732 -0.271185 -0.568629 -0.523414 
0.084117 -0.784926 -0.616316 -0.306049 -0.095731 -0.086300 -0.619011 -0.253217 
-0.101741 -0.056697 -0.252847 -0.255373 -0.426276 -0.136166 -0.429700 -0.511486 
-0.647261 0.040017 -0.400909 0.074710 -0.136228 -0.263649 -0.622128 0.021898 
-0.334122 0.083398 -0.087615 -0.363942 -0.096572 -0.169833 -0.265319 0.283515 
-0.277526 -0.248547 -0.277014 0.194617 0.046541 -0.160109 -0.546554 -0.656230 
-0.047324 -0.345893 -0.014870 0.188070 0.192092 -0.090609 -0.223743 -0.450715 
0.186600 0.241445 -0.546259 -0.577758 -0.496902 0.200165 -0.708917 0.103955 
-0.231457 0.295319 0.090860 -0.521975 -0.547196 -0.037442 0.264457 -0.511828 
-0.182537 -0.405481 0.295221 -0.018880 0.268057 0.386226 -0.219938 -0.379417 
0.424517 -0.556081 -0.157766 -0.278782 -0.007443 -0.422811 -0.336437 -0.395543 
-0.285269 -0.630031 -0.063799 -0.354447 -0.511460 -0.521755 -0.447109 -0.236196 
-0.052590 -0.093906 -0.035819 0.183376 -0.320326 -0.471646 -0.361845 -0.499442 
0.265611 -0.483048 -0.569057 -0.374750 0.172372 -0.398856 -0.186535 0.213584 
-0.710380 -0.067912 0.347281 0.148542 -0.372259 -0.300004 -0.693733 -0.287634 
-0.229738 -0.416333 -0.738722 0.308794 -0.333896 0.130502 0.248278 -0.072323 
-0.415051 0.026035 -0.362869 -0.538616 -0.300468 0.063398 -0.664113 -0.250747 
-0.355646 0.204681 -0.337977 -0.256254 -0.407616 -0.101390 -0.072692 -0.496291 
0.085163 0.180126 -0.266678 -0.250650 -0.131406 -0.254461 -0.283671 -0.195458 
-0.506355 0.025698 0.306580 -0.351067 -0.179873 -0.484465 -0.086690 -0.328557 
0.223627 -0.428690 -0.446985 0.149459 0.242423 -0.238417 -0.323666 -0.305758 
0.118979 0.022727 -0.255701 -0.672034 -0.576842 -0.594003 -0.076320 -0.405758 
-0.194495 -0.820546 -0.188393 -0.503525 -0.425344 -0.000681 -0.647358 -0.755758 
-0.522433 -0.046589 -0.600938 -0.007579 0.247661 -0.006815 0.089503 0.227858 
-0.003455 -0.433451 -0.160044 -0.928250 0.288507 -0.508473 0.072836 -0.225094 
0.146577 -0.709225 -0.028152 -0.511071 -0.289860 -0.384364 -0.165845 -0.572694 
-0.074352 -0.174317 0.401773 -0.456786 -0.059044 -0.327815 -0.577731 -0.026561 
-0.452172 -0.146509 -0.393678 -0.614108 -0.057805 0.118421 -0.430929 -0.041548 
-0.472362 0.031859 -0.346821 -0.544121 0.116955 -0.066768 -0.502037 -0.286944 
0.097279 0.203081 0.278720 -0.480552 -0.123625 -0.357663 0.196126 -0.802611 
-0.241102 -0.013167 -0.208004 0.063376 -0.137810 -0.375303 -0.220722 -0.262101 
-0.506146 -0.411032 -0.070175 0.210749 -0.654489 0.211100 -0.368601 -0.498240 
-0.405573 -0.498962 -0.214491 -0.076285 -0.816772 0.052953 0.053066 -0.132476 
-0.861844 0.132390 -0.347357 -0.802491 -0.257697 -0.354754 -0.313897 -0.591751 
-0.272873 -0.498162 0.144019 0.122579 -0.192447 0.216522 0.148582 0.267884 
-0.211250 -0.843489 -0.158629 -0.961079 0.592818 -2.962143 0.301268 -0.797254 
0.683880 -0.139694 -0.553246 0.081142 0.471799 0.392158 -1.662458 -0.612444 
-1.605831 -0.031162 0.501948 -0.305475 0.145327 0.062684 0.241324 -1.516196 
-1.030057 -0.056111 0.683801 -0.234363 -0.332093 -2.406370 0.194669 0.193604 
-0.480093 -1.450779 -0.028657 -0.427419 -0.998418 -0.827802 -2.466322 -0.724954 
-0.587626 0.555397 -1.085888 -0.539670 0.164703 -0.613699 -0.016727 -1.190580 
0.177065 0.254893 -0.244415 -0.231168 0.403821 -0.553214 0.773386 1.682448 
-0.591695 7.468824 1.520010 -3.293355 -0.119966 0.132793 -0.373530 -0.023243 
-0.667340 0.979721 -1.288146 -0.346641 -0.814708 -0.350580 -0.328608 0.024689 
-0.227259 -1.840487 0.632129 -0.556847 -2.404281 -0.789250 -0.387141 -0.321554 
-0.963138 2.523678 -0.003844 -0.243933 -0.981856 -0.085500 -0.424086 -0.889687 
-0.373355 -0.651529 -0.403066 -1.158691 -2.293556 -2.031227 -0.159758 -0.763471 
0.807697 2.515569 -0.971123 -1.108696 -1.411258 1.262980 -0.326587 0.746548 
2.935468 -0.293067 -0.247071 0.630051 -2.225996 -2.623862 -1.154894 -1.441830 
-2.881958 0.517190 0.571504 0.038313 -2.228878 -0.534698 -0.137819 -0.391016 
-0.409725 -0.360454 -0.162893 4.748570 -1.862508 2.535829 -2.529637 -0.124168 
0.626442 1.327118 -3.277280 -1.599659 3.777164 -0.150306 -0.973467 1.411268 
-0.459923 1.268383 -0.576523 -1.572063 0.639600 0.461641 -1.082448 2.195446 
1.027551 4.351455 0.088201 -2.890477 -3.509813 -2.412629 -0.486157 5.812803 
-0.456300 -0.482472 -4.713721 -0.620459 -0.400802 -1.990671 -0.353913 5.260591 
-8.239174 -0.326885 6.115540 -1.099705 -2.562017 -4.275620 -1.262770 -1.526831 
0.709949 4.604831 -4.408899 0.034588 -0.595016 -1.082593 -1.613810 -0.890297 
8.287774 0.170599 -1.242999 -0.433384 -2.359779 -0.925855 -1.823944 -0.859112 
-1.395830 4.551640 4.888103 -2.022194 -1.951530 -0.623212 -0.774552 1.813603 
-2.186421 -4.059683 -1.780888 -1.503258 -0.351514 -5.573450 3.689578 0.138370 
0.262374 2.050851 -0.404935 1.075980 -2.982208 -3.193957 -1.428852 -5.368543 
0.288631 -0.387119 -1.519124 -3.161962 1.201152 11.781086 -2.076447 3.420135 
-3.791764 -3.276309 -2.827072 -1.573941 -1.208693 -1.892354 -0.269430 2.304616 
-4.266916 -0.141059 -0.834864 -0.381124 -0.557925 -1.480561 0.199488 -1.541428 
1.043284 4.517725 -0.669118 -2.627372 1.709708 1.868213 5.356647 0.048639 
-3.429910 -0.943504 -5.833313 0.962894 -3.375425 -0.515370 -1.351166 0.714490 
7.678637 -3.015004 -0.339579 -5.498132 -2.760535 4.177903 1.272364 2.663136 
-4.081135 -1.439453 -0.454748 -3.251563 -0.614633 -0.936207 0.635010 -1.260998 
-1.294091 2.135172 -0.373787 -3.285496 -1.935063 -0.268055 0.137574 -0.555233 
-0.679572 -0.751680 -0.541022 0.085127 -0.095101 -0.079023 -0.033527 0.343741 
-0.019422 -0.496966 -0.299854 -0.606532 -0.462260 -0.335411 -0.111552 -0.184507 
0.049442 -0.629622 -0.248764 -0.413352 -0.781226 -0.102487 0.305585 -0.206556 
0.293027 -0.140838 -0.215173 -0.804559 0.307956 -0.647561 -0.426315 -0.800435 
-0.025599 -0.127750 -0.502609 -0.369490 0.299705 -0.498739 -0.232552 0.101880 
0.089583 -0.409460 0.154681 0.157992 -0.128304 -0.263615 -0.765183 0.045210 
-0.764129 0.102295 -0.075693 -0.005240 -0.073222 -0.664918 0.047420 -0.098449 
-0.682401 -0.620433 0.245499 0.323611 -0.715438 -0.211742 -0.164124 -0.449204 
-0.435845 -0.068091 0.003665 -0.248463 -0.850748 -0.067864 -1.000790 -0.660692 
-0.155940 -0.210398 -0.341280 -0.520692 -0.029325 -0.712423 -0.542587 -0.659047 
-0.234513 -0.328969 -0.654309 -0.653047 0.112919 -0.230970 0.204011 -0.083008 
-0.456721 -0.123888 0.228487 0.318359 -0.587013 -0.256963 -0.238292 -0.023096 
-0.346130 -0.102593 -0.429074 -0.073838 -0.341022 -0.459452 0.080129 0.425728 
-0.854421 -0.180301 -0.629874 0.249897 -0.026071 0.001575 0.221332 0.122032 
-0.385914 0.300457 -0.110703 -0.482920 -0.667172 0.222162 -0.016605 -0.468655 
-0.618083 -0.152463 0.124551 -0.415180 -0.042485 -0.253279 -0.373131 -0.082276 
-0.047271 0.039624 -0.873346 -0.283669 -0.053518 -0.540622 -0.112255 -0.982578 
-0.159941 -0.072482 -0.346177 -0.744122 -0.604491 -0.339904 -0.614640 -0.653607 
0.232447 0.292481 0.038367 -0.585648 0.252924 -0.085152 -0.251101 -0.417713 
-0.508447 -0.108149 -0.051773 -0.602436 -0.489101 -0.571597 -0.061241 -0.171211 
-0.230062 0.000133 -0.641362 -0.585987 -0.715759 0.001663 0.015294 -0.504601 
-0.094678 -0.352776 -0.017226 -0.487309 0.042212 0.143521 -0.914340 -0.712733 
-2.055124 -0.712590 0.572790 0.116629 -2.251072 -0.348900 1.742835 -0.800521 
0.330511 -0.471460 -0.850632 -0.481220 -0.276635 2.720546 -0.487480 -0.230767 
-2.115837 -1.052646 -0.057445 -0.224191 -0.533433 -0.039068 -1.081042 -1.330369 
0.409934 0.159423 0.026336 -0.165159 0.317641 0.174147 -2.190573 0.295298 
0.672377 0.881519 -1.612407 1.470512 0.472906 -0.665377 -0.202489 -0.890571 
-0.340696 -0.161136 -1.582470 0.113030 -0.514627 0.272702 -0.394309 -0.313949 
-0.501152 0.471322 -0.418673 -0.521713 -0.745194 -0.243189 -0.052077 -1.500887 
0.424674 -1.516074 -0.931840 -0.792927 -1.103385 -0.175026 -0.701441 0.316888 
0.114035 0.617975 0.962891 2.692009 -0.666617 0.465691 -1.294880 -0.595412 
-1.775970 0.618224 1.041376 -0.343788 -0.078934 -0.402474 -0.519071 -0.488431 
-0.760177 0.820803 -0.670375 0.169394 -0.420247 -0.050405 -0.320841 -0.725571 
0.131011 0.240895 -0.587736 -0.359962 -0.436597 0.062176 -0.342172 -0.329659 
-0.616883 -0.181003 -0.124143 -0.247104 -0.523069 -0.109723 -0.780597 -0.407995 
-0.551901 0.377582 -0.177605 0.202027 -0.149782 -0.365323 0.038935 -0.307620 
-0.135601 0.313052 -0.099337 -0.196946 -0.150157 -0.028573 0.043413 -0.547771 
-0.529788 -0.159538 -0.412926 -0.008604 -0.094243 -0.484858 0.188107 -0.450846 
-0.132232 0.015846 -0.458248 -0.020338 -0.204305 0.027671 -0.576009 -0.239433 
-0.430965 -0.659277 -0.241143 0.102717 -0.018501 -0.237079 -0.566171 -0.518338 
-0.373958 -0.393063 0.055961 -0.321916 -0.213150 -0.076421 -0.154650 0.321867 
-0.106574 -0.361370 0.053686 -0.467146 -0.041378 -0.158161 0.413923 -0.173440 
-0.007651 -0.487521 -0.388906 -0.365077 0.051468 0.023836 -0.596381 -0.169167 
-0.630302 -0.330001 -0.465904 -0.127644 -0.622008 -0.527683 -0.447103 -0.144769 
-0.231906 -0.338096 -0.600093 -0.334684 -0.620844 0.191818 -0.532536 -0.679733 
0.123825 -0.143885 -0.261637 -0.024130 -0.114669 0.154374 -0.109527 0.071132 
-0.265712 -0.144166 -0.093174 -0.186393 -0.182665 0.138143 -0.253510 -0.315313 
-0.668670 -0.348325 -0.440865 -0.361219 0.229030 0.187349 -0.588521 0.139796 
0.289580 -0.426686 -0.546321 -0.509728 0.327841 -0.219349 -0.594029 0.230699 
-0.254781 0.184302 -0.282131 -0.523549 -0.165840 0.108057 -0.483758 -0.028404 
-0.404691 0.199576 -0.272861 0.090738 -0.177127 -0.623013 -0.271597 -0.552524 
0.288517 -0.444515 -0.020402 0.207857 -0.547094 -0.533609 -0.266710 0.136002 
-0.376402 -0.456318 0.273528 -0.657623 -0.242314 -0.592948 -0.337143 0.291264 
-0.211538 0.158603 -0.533769 -0.107140 -0.547947 -0.260847 -0.574879 0.194427 
-0.533546 -0.477203 -0.379730 -0.216777 -0.169489 0.365157 -0.248996 0.102050 
0.187667 -0.619590 0.359872 0.228491 -1.004140 0.243270 -0.094071 -0.171129 
-0.451002 -0.508235 -0.790226 -0.074976 0.286120 0.291890 0.124265 -0.483872 
-0.276173 -0.799666 0.123716 -0.228876 -0.886999 -0.358777 0.017852 0.205095 
-0.681133 -0.309406 -0.624694 -0.078975 -0.691515 0.040973 -0.226755 0.200955 
-0.662921 0.074659 -0.105088 -0.527578 -0.165882 -0.276549 0.415325 0.112720 
0.063803 -0.332682 0.151636 -0.318445 -0.380902 -0.218057 -0.173793 -0.088535 
-0.339447 0.164238 0.074864 -0.653879 -0.136839 -0.464209 -0.153694 -0.083356 
0.077252 0.231892 -0.432220 -0.414253 0.136534 -0.020519 -0.120747 -0.129584 
-0.244989 -0.158512 -0.411183 -0.392415 -0.440316 -0.209564 -0.374869 -0.618818 
0.400889 -0.978790 0.288923 -0.233905 -0.017117 -0.360290 -0.021873 -0.239656 
-0.378867 -0.517469 -0.828515 -0.324434 -0.242906 -0.654033 0.031869 0.278442 
-0.121999 0.345291 -0.164094 4.809433 -2.472619 0.271141 0.448518 0.021465 
-3.011683 0.209593 1.538678 -3.812676 -0.191384 5.730237 -1.074749 -0.141592 
0.410083 -1.344818 -0.390627 -0.069389 1.124993 -0.854571 -0.018653 -0.292191 
1.871383 -0.986078 -0.995380 -1.476794 -0.568636 -0.178510 -0.228409 -0.213016 
-0.266748 -0.358877 2.108952 -0.111806 0.407261 -0.384544 0.669485 1.271710 
0.547978 0.608581 0.377904 -0.755878 0.042503 -0.385838 3.510816 -0.628886 
-0.306549 0.186383 -0.859451 -0.433668 -0.595428 0.050126 -1.363725 0.217014 
-1.697641 -0.624921 -0.444260 -2.255982 -0.059957 3.214363 -0.104163 -0.458019 
2.999710 0.760837 -0.749657 0.942939 1.529333 0.180783 1.099491 -1.525917 
1.054765 -0.609659 -0.892208 0.577427 -2.119067 0.016186 -0.483801 -0.930164 
0.337564 -1.045543 -0.635207 -1.009381 -0.726035 0.362508 -0.229925 -0.209806 
-2.596314 -0.711815 -1.555829 -1.083033 -0.375312 -0.153527 -0.701806 -0.865675 
-0.399119 0.338061 0.021504 -0.181514 -0.662057 -0.695205 0.332003 0.183217 
-0.230640 -0.329160 -0.739443 -0.952395 -0.774109 0.125210 -0.488219 -0.467305 
-0.311526 0.014944 -0.039912 -0.706349 -0.051404 -0.162323 0.389463 -0.132400 
-0.610672 0.301453 -0.267809 -0.064139 -0.677485 -0.500796 -0.459373 0.185506 
0.092764 0.211757 0.229138 -0.395004 -0.643198 0.152482 -0.039002 -0.114257 
-0.488918 -0.206365 -0.126477 -0.104603 0.104037 -0.366066 0.283245 -0.119655 
0.112262 -0.774131 0.188301 -0.008296 0.256088 -0.158093 -0.343271 -0.022529 
0.157587 0.229025 -0.117651 -0.654583 -0.057183 0.244484 -0.314114 -0.430219 
-0.677881 -0.766159 -0.303518 -0.280816 -0.299531 -0.767169 -0.814550 -0.114640 
-0.188870 -0.511893 -0.093513 -0.392215 -0.171991 0.052346 -0.096406 -0.693157 
-0.010835 -0.195803 0.343892 -0.423729 -0.050353 0.101083 -0.240580 -0.029356 
0.105587 -0.080551 -0.256330 -0.284438 0.180346 -0.617081 -0.615158 0.213288 
-0.381642 0.031454 -0.115872 -0.602949 0.018371 -0.508572 0.214789 -0.506177 
-0.238064 -0.448175 0.053699 0.104496 -0.008679 0.144680 -0.104009 -0.579838 
0.111768 -0.520571 -0.304207 -0.425046 -0.087503 -0.404926 -0.582173 -0.458921 
-0.440453 -0.498148 -0.600918 0.052797 -0.475833 -0.500179 -0.257389 0.257809 
0.255067 -0.149708 -0.337976 -0.145764 0.101586 -0.532665 0.076961 -0.197574 
-0.180610 -0.364468 0.191134 -0.170501 -0.100861 -0.493846 -0.601943 0.041528 
0.314768 -0.340486 -0.494534 -0.475716 -0.594186 -0.121733 0.046016 -0.270286 
-0.117962 0.287612 -0.245526 -0.410063 -0.569062 -0.431029 -0.582371 -0.232690 
-0.500463 -0.001380 -0.605582 -0.308350 -0.034030 -0.005873 -0.492594 -0.250010 
-0.179186 -0.453466 -0.526157 0.159006 0.036159 -0.820706 -0.245622 0.217660 
0.976381 -1.539518 0.008672 -0.451561 -0.909562 2.812754 -0.557272 0.158021 
-0.307469 -1.184447 1.632038 -0.882752 -0.910215 -0.855344 -0.460241 -0.437612 
2.005979 5.864264 -1.197138 -1.518801 -1.010426 -0.848702 -0.737598 -1.117913 
-0.762865 0.705948 -0.437162 -0.583439 -0.676178 -0.193965 0.235132 1.153255 
-2.022265 -0.884625 0.551818 -2.052476 -1.520830 0.094274 -0.918612 -0.062929 
-0.595265 -1.049405 0.394384 -0.281342 0.088056 0.104188 -0.467093 -0.463898 
0.030410 -0.444664 -2.366391 -0.707808 -1.756332 -0.375191 -1.518359 1.366846 
-1.099235 -0.464414 -1.048359 -0.372216 -2.754858 -0.968398 0.200659 -0.338505 
-0.319909 -2.936888 -4.196418 0.588914 0.328207 0.564464 -0.015775 0.236755 
0.777676 -2.128105 -1.052197 -0.244605 -0.530302 0.570056 1.449077 -0.837168 
-0.381598 -1.007142 -2.065909 -1.360955 -0.365587 -0.298200 -0.452395 -0.451025 
0.192703 0.408074 -0.945818 0.244871 -0.985679 -0.709098 -0.986267 -0.283587 
0.653528 0.128143 -0.145398 -2.167051 -0.662071 -0.474192 0.220802 -1.657826 
-0.439235 -0.213818 -0.536248 0.212049 2.450686 -0.879109 0.431831 0.110176 
1.737144 -0.049555 -0.491306 -0.975594 -0.572740 -0.524880 -0.004382 -0.600587 
0.942867 -1.099027 -0.868116 -1.621776 -0.376469 2.308098 0.270308 -0.469990 
-0.426609 1.850681 0.786431 -0.563677 -0.610017 0.207334 -2.794852 0.039790 
-0.313662 -0.217712 -0.562884 -0.954321 -0.840491 0.135661 1.246652 -0.644530 
0.510371 -0.807900 -0.744243 -0.360641 0.374965 0.277326 -0.943226 -0.300448 
-0.521248 0.465077 -0.977834 -0.576648 0.672467 -0.056874 0.191087 0.102424 
0.385921 1.100561 -1.375982 -1.024313 0.153629 0.418596 0.433009 -1.749468 
-0.684199 0.244089 0.072102 1.760411 -0.501476 -0.438375 -0.857123 0.045644 
0.132344 -0.145145 -0.680312 -0.490226 -0.770621 -0.214363 -0.092719 -0.056348 
0.046917 -0.256018 -0.473223 -0.125251 -0.066409 -0.505978 -0.369173 -0.503233 
-0.460727 0.314989 -0.440094 0.150044 -0.127352 0.372429 -0.453650 -0.292539 
-0.372407 -0.068270 -0.172450 0.103499 0.058213 -0.331908 0.180672 0.018140 
-0.107530 0.064639 -0.451026 0.220113 -0.203993 0.145534 0.347147 -0.437557 
-0.254739 -0.046076 -0.361847 -0.355262 -0.112074 -0.184164 -0.506092 -0.412555 
0.039290 -0.459764 0.301043 -0.613791 -0.011908 -0.646505 0.188531 -0.052701 
-0.028868 -0.562490 0.067503 -0.596605 0.364106 -0.007614 0.278146 -0.378948 
-0.346434 -0.366868 -0.254805 -0.222649 -0.709248 -0.478872 -0.312863 -0.357588 
-0.077476 0.090193 -0.365469 -0.474732 -0.326025 0.022497 -0.139537 -0.703735 
-0.797853 0.028865 -0.036321 -0.594218 -0.395023 -0.829752 -0.228064 -0.770075 
-0.381316 -0.238360 -0.184125 -0.280909 -0.718662 0.008124 -0.561783 -0.317246 
0.210438 -0.024659 -0.069737 -0.337004 -0.106146 -0.384915 0.064171 -0.065102 
-0.705509 0.013472 0.153637 -0.369160 -0.362831 0.380003 0.010113 -0.690524 
-0.525695 -0.192898 -0.488912 -0.222263 -0.125618 -0.272381 0.144895 -0.383178 
0.207923 -0.520516 -0.584194 -0.302590 -0.568257 -0.336948 -0.454202 -0.407528 
0.275274 -0.446513 -0.316732 0.226107 -0.607560 -0.487564 -0.297322 0.111206 
-0.090758 -0.518384 -0.781720 0.271023 -0.527583 -0.177729 -0.535072 0.309484 
-0.299475 -0.568472 -0.493459 0.117550 -0.517861 -0.367545 0.152898 -0.111589 
-0.604233 -0.442455 0.031589 -0.473663 0.114071 -0.625513 -0.275880 0.004693 
-0.462915 -0.592363 -0.433355 -0.656589 -0.039028 -0.049111 -0.000684 -0.572863 
0.030938 -0.044393 0.008346 -0.093327 -0.009857 0.019776 -0.090809 0.342832 
0.034829 -0.464683 0.004242 -0.263102 -0.558499 -0.376395 -0.674951 0.106348 
-0.828428 -0.012006 -0.553893 -0.114934 0.454019 0.204977 -0.051407 0.177680 
-0.413691 -0.939520 -0.081489 0.279610 -0.742118 -0.489590 0.090491 0.181220 
-0.138740 -0.433164 -0.722218 0.114389 0.371429 -0.328366 -0.615626 -0.238989 
-0.524906 0.219482 -0.334784 -0.217404 -0.945788 0.478043 0.033224 0.244063 
-0.562953 -0.455336 -0.250811 0.142840 0.135729 0.339046 -0.515425 -0.588110 
0.038406 -0.937033 0.275851 -0.604703 -0.223383 -0.383399 -0.151668 -0.829120 
-0.052812 -0.422642 -0.127779 -0.553363 -0.319689 -0.181762 0.360622 0.212354 
-0.468411 -0.015130 -0.219055 0.144423 -0.014144 -0.869696 -0.480538 -0.292775 
-0.393961 -0.760001 -0.245920 -0.089606 -0.192373 0.169606 0.069600 -0.131319 
-0.129283 -0.057373 -0.468541 -0.310270 -0.631535 -0.189151 0.464745 -0.469391 
0.170897 -0.569182 -0.650353 -0.194513 -0.576850 -0.011762 -0.479088 -0.776276 
-0.429762 -0.670714 0.194155 -0.045932 -0.589086 0.451658 -0.049240 -0.461385 
-0.479323 -0.462026 -0.830216 -0.001013 -0.341905 -0.506609 0.317025 0.031300 
0.309437 -0.336443 -0.648459 -0.282840 -0.402619 -0.434153 -0.488918 0.015665 
0.244901 0.009088 -0.189475 0.042052 -0.000858 -0.429393 -0.480897 -0.256129 
-0.020426 -0.253132 0.399166 -0.038813 0.015915 0.147331 0.039623 -0.410509 
-0.307865 0.260346 0.010301 -0.373657 -0.430998 -0.100774 0.053969 -0.510304 
-0.658337 -0.322112 0.392386 -0.396554 -0.109344 -0.602745 -0.380905 -0.256251 
-0.411625 -0.194054 -0.015630 0.079435 -0.244226 -0.260763 -0.700416 0.061857 
-0.468953 0.305750 -0.266390 -0.694885 -0.547253 -0.161334 -0.398350 -0.018177 
0.046381 -0.343613 -0.565714 -0.389313 -0.326422 -0.323985 -0.804113 0.320147 
-0.637799 -0.325013 -0.478151 -0.691801 -0.164378 -0.258691 -0.629634 0.097530 
-0.320746 -0.508337 -0.176423 0.212546 -0.123290 -0.067242 0.032842 -0.187260 
-0.455575 0.230840 -0.636917 -0.333092 -0.108426 0.128637 -0.278168 -0.270709 
-0.376683 -0.312666 -0.072775 0.018231 -0.189715 0.252450 -0.258014 -0.078433 
-0.201821 -0.455558 -0.823148 -0.327761 0.135601 -0.542433 -0.410828 -0.365855 
0.157498 -0.549992 -0.600858 -0.181945 -0.530420 -0.019825 -0.350666 -0.108788 
-0.693139 0.101705 0.178374 -0.662997 0.082276 -0.188449 0.076308 -0.679711 
-0.394684 -0.507494 0.073344 0.293167 -0.063166 -0.219617 0.192475 0.237724 
-0.503963 -0.370540 -0.308276 0.205400 0.201835 -0.043341 -0.400508 -0.738090 
-0.430215 -0.251195 -0.532911 -0.229046 -0.576266 -0.120715 -0.503337 -0.183974 
0.220523 -0.689178 -0.156560 -0.730851 0.111232 0.108855 -0.020691 -0.477141 
0.399748 -0.334569 -0.247831 0.091609 -0.130960 -0.429313 -0.637541 -0.421360 
-0.657617 -0.384215 0.051753 -0.709530 -0.083563 -0.208862 -0.017638 -0.083415 
-0.078689 0.135182 -0.296720 -0.477137 -0.166418 -0.079803 -0.319778 -0.322265 
0.285375 -0.198890 0.017438 0.044852 -0.801134 -0.110976 -0.000935 -0.235991 
-0.328461 -0.094314 0.015437 -0.471995 0.082628 -0.335877 0.334057 -0.449182 
0.272115 0.342341 -0.294757 -0.135725 -0.488677 0.062726 -0.040274 0.229135 
-0.652435 -0.361447 0.021562 -0.321814 0.017150 -0.251600 -0.267309 -0.182397 
-0.519705 -0.454483 -0.186273 -0.348770 0.332023 -0.224856 -0.725586 0.206257 
-0.169441 -0.752191 -0.397567 -0.423870 0.338883 -0.378563 -0.533298 0.250950 
-0.052554 -0.055143 0.009236 -0.167739 -0.867815 0.199567 -0.176499 -0.360944 
-0.723176 -0.739697 -0.839689 -0.453517 0.039145 -0.728215 0.152713 0.212550 
-0.364072 0.041191 0.137306 -0.374549 0.107120 -0.110777 0.048499 -0.716425 
-0.711269 -0.331312 -0.170814 0.267875 -0.336312 -0.393492 -0.147208 -0.572584 
0.029439 0.203818 -0.582547 0.077229 -0.599512 -0.226151 0.058018 -0.196624 
-0.264558 -0.305327 0.429534 -0.321403 -0.359834 -0.788910 -0.372405 0.361146 
-0.404325 0.264894 -0.120684 -0.318498 0.270289 0.231466 -0.210796 0.361498 
-0.523564 -0.511110 0.270899 -0.222555 0.280817 -0.060019 -0.697515 -0.166543 
-0.089219 0.390200 -0.476083 -0.663980 0.387481 -0.900420 0.073165 -0.467712 
-0.252470 -0.291900 0.016820 0.084845 0.243603 0.344241 -0.064188 0.032694 
-0.359624 -0.022204 -0.457019 -0.124638 -0.254938 -0.461508 -0.616767 0.266366 
-0.808927 -0.544807 -0.878599 -0.575945 -0.264590 0.099043 -0.693116 -0.933254 
-0.373648 0.338884 -0.168849 -0.477532 -0.433218 0.014463 -0.197237 -0.172872 
-0.267496 -0.842665 -0.167748 0.061791 0.064613 -0.280309 -0.617791 -0.161409 
-0.596052 -0.106030 -0.528535 -0.176135 0.015497 -0.244998 0.292068 -0.033743 
-0.245740 -0.411931 0.016778 0.029293 0.061808 -0.256172 -0.815910 -0.391194 
0.328006 -0.760969 -0.258326 -0.025154 0.161471 -0.196930 -0.590630 -0.833591 
0.232868 -0.069604 0.155636 -0.720388 -0.127168 -0.584431 -0.486192 -0.390573 
-0.473158 -0.004900 -0.055868 -0.595558 -0.382958 -0.151765 -0.196550 -0.767036 
0.092850 0.226171 -0.490284 -0.542064 -0.084959 0.286749 -0.325500 -0.271505 
0.192176 0.183343 -0.329364 -0.576865 -0.578945 0.471310 0.367464 -0.416228 
-0.035519 -0.810071 -0.731959 -0.231676 0.310158 -0.424456 -0.073957 0.150051 
-0.497546 -0.171089 -0.433804 -0.212722 -0.492119 0.391451 -0.204652 -0.004335 
-0.051159 -0.682934 0.034656 -0.230414 -0.702180 0.339690 -0.460780 -0.793798 
-0.415885 -0.181737 -0.752967 -0.293518 -0.061197 0.042469 -0.852461 0.027262 