-0.362191 -0.109429 -0.668892 0.194033 -0.170327 -0.424285 -0.464815 -0.329263 
0.294955 -0.472442 -0.473810 -0.163565 0.173236 -0.889631 0.216751 0.123719 
-0.136711 -1.655381 0.080285 0.079385 -0.307093 -0.012606 -0.519539 -0.416134 
0.023723 -0.624142 -0.003036 0.095925 -0.687011 -0.849224 -0.819897 -0.325282 
-0.689614 0.175054 -0.230128 -0.506031 -0.655252 -0.166417 0.134872 -0.260835 
0.362910 -0.249499 -0.297912 -0.396458 0.208963 -0.491414 -0.157425 -0.197445 
-0.247301 -0.110098 -0.310825 0.038316 0.449066 0.314677 -0.204759 0.192808 
0.491201 -0.332519 0.231196 -0.468287 0.265198 -0.072083 -0.155182 0.288854 
-0.347748 -0.457916 0.405259 0.093519 0.439012 -0.296611 -0.443388 0.874866 
-0.043603 -0.212562 -0.196802 -0.146151 0.044663 -0.093743 -1.128085 -0.892875 
0.527625 -1.035324 -2.562757 -0.239197 0.276563 0.293027 -0.549383 -0.545656 
0.019977 -0.774606 -0.784331 -0.742121 -0.121938 0.189052 -0.012683 -0.232938 
-0.868623 -1.121324 -0.179803 -0.555491 -0.248418 -0.539756 -0.516857 -0.507105 
-0.500629 -0.380178 -0.375611 -0.281694 -0.844344 -0.068758 -1.021994 -0.261560 
-0.598023 -0.863669 -0.557431 -0.490672 -0.379126 -0.135152 -0.622911 0.240612 
-0.989677 -1.146633 0.041012 -0.051996 0.196210 -0.161072 0.328522 0.223077 
-0.080322 0.226776 0.394714 -0.507154 -0.176922 0.388435 -0.042472 -0.048661 
-0.301634 -0.215010 -0.434836 -0.076764 0.113641 0.290059 -0.474972 -0.333971 
-0.196162 0.017557 -0.005811 0.330520 0.187602 -0.295929 -0.485016 -0.370554 
0.352688 -0.485277 0.114795 0.014079 0.266880 -0.646494 -0.452667 0.147980 
-0.461158 0.092334 -0.594913 0.444507 -0.428975 0.242826 0.124115 -0.354349 
-0.109927 -0.434814 0.109302 -0.342694 0.389133 0.256042 -0.482690 0.137516 
0.065037 -0.457397 0.410166 0.255024 -0.293335 -0.094488 -0.156060 0.271590 
0.354680 0.491943 -0.183615 0.093353 0.130096 -0.096313 0.356232 0.501227 
0.198181 -0.235107 -0.162689 0.249329 0.178436 0.248718 -0.371918 0.041452 
-0.200287 -0.323669 -0.213837 0.171356 -0.109711 -0.053711 -0.046021 0.068233 
-0.323303 -0.388764 -0.436249 -0.255737 0.395050 0.023520 0.355164 -0.253522 
0.146361 -0.081293 0.205444 0.337555 0.475494 -0.364724 0.226890 0.105544 
0.179244 -0.557228 0.446899 -0.127502 0.107345 0.145653 0.113057 -0.493478 
-0.486771 -0.057881 0.277967 -0.176448 -0.166906 0.144287 -0.141278 0.247437 
-0.434890 0.404386 -0.454438 -0.419973 -0.389740 -0.440857 -0.389671 -0.117028 
-0.274793 0.389028 0.400281 -0.070953 -0.425507 -0.307465 0.060791 0.297089 
0.028176 0.144632 -0.291984 -0.318574 -0.390802 -0.097407 -4.537549 0.012312 
-0.430065 -0.331385 -0.328825 0.446967 0.194626 -2.586875 -3.902126 0.643584 
0.029816 -0.135953 -0.462113 -1.167185 -0.225754 0.187231 -1.844421 -3.094066 
-0.178220 -1.869939 -2.716514 -0.102078 -0.515607 0.133921 -1.913685 -1.275457 
0.391799 0.038157 0.888701 -0.832755 -2.997487 -4.014316 -3.053132 -1.009419 
0.534337 -0.126329 -0.353228 -0.696959 -2.631875 -2.336893 -0.493131 -3.725490 
-0.521043 -1.022591 -0.019749 -0.650722 -0.554409 -0.444360 -0.398353 -0.955547 
0.338874 -1.145039 0.000917 0.175757 -0.493156 -0.285829 -0.421566 -0.171417 
-0.071313 -0.317169 -0.347076 0.265185 -0.143245 -0.398254 -0.378357 1.835456 
2.750937 -0.031894 0.016529 -5.386308 -5.662725 -5.644913 -1.529815 3.136979 
6.059734 -0.039201 -1.943516 -6.085999 -7.951010 -6.756470 -1.760694 1.579945 
-0.040895 0.208682 -0.348054 -5.463289 -6.966344 -6.797625 -1.268154 -1.010380 
-0.454459 0.591101 0.832037 -1.760930 -4.407692 -3.835544 -0.148306 -1.698919 
-0.477165 0.541970 1.741418 0.757067 -4.467173 -5.451320 -0.279542 -0.986696 
-1.064369 -1.699871 1.209354 -1.713942 -0.075966 -1.404097 0.302172 -0.526375 
-1.438153 0.631404 0.254185 5.046673 0.711010 -0.273509 0.031677 0.283600 
-0.321838 -0.296722 -0.208435 0.409002 0.239857 0.164722 -1.001082 0.334823 
1.440655 0.011282 -0.304234 -0.138831 -0.038697 -0.036583 -0.423603 0.484881 
1.406255 -0.518927 -0.056200 -0.560548 0.766944 -0.365776 -0.045654 -0.167328 
-0.034585 -0.385293 -1.028770 0.036024 0.983927 0.274271 0.384956 -0.237762 
0.232208 0.448234 -0.836656 0.079147 0.316585 -0.077172 -0.141637 0.360962 
0.225099 -0.474112 0.247131 0.470314 0.425969 -0.007374 -0.319701 0.292586 
0.426894 -0.154367 0.058594 -0.181484 -0.850665 0.442139 -0.553517 -0.521009 
-0.230900 -0.344544 0.380157 -0.025542 0.034798 0.106659 -0.436371 -0.142517 
-0.396117 -0.141602 -0.072174 -0.375275 0.485962 0.323730 -0.423523 -0.391663 
0.260168 0.041290 0.192471 -0.123810 -0.225861 0.210236 0.120422 -0.225159 
-0.654837 -0.120392 -0.045021 0.275116 -0.050507 -0.049652 -0.379601 0.130402 
-0.546375 -0.074164 -0.152419 -0.152740 -0.299042 -0.141785 -0.086034 0.343120 
-0.084459 0.102244 -0.026288 0.170166 -0.065425 0.439812 -0.128839 -0.377450 
-0.747748 0.271284 -0.502626 0.448868 0.386067 0.456696 -0.183533 -0.475641 
-0.232802 -0.277246 -0.021962 -0.492651 -0.074588 -0.010040 0.244904 -0.122258 
-0.023168 0.344581 0.635232 0.685166 -0.385895 0.494904 0.303650 -0.254456 
0.280060 -0.341747 0.706226 0.252115 -0.237842 -0.145052 0.381276 0.322104 
0.436089 0.023687 0.010105 2.403630 2.456115 1.973167 -0.380183 -0.041140 
0.348037 -1.114156 0.515895 2.818177 0.974006 2.564985 -0.778299 0.405001 
0.043381 -0.879381 -0.191792 2.319304 3.070941 2.929015 -0.530332 0.295762 
-1.404766 0.518067 0.359250 0.357477 0.627470 -0.570985 -1.523222 1.050854 
-0.126638 0.436706 -0.315421 -0.148404 -1.080748 -1.632668 0.457899 1.328870 
1.062398 1.402741 0.466621 -0.016067 -1.259295 -0.143360 0.181487 0.358239 
0.273554 1.279614 -0.263544 0.309036 -0.250860 -0.078869 0.384582 0.161850 
-0.461029 0.077302 -0.487376 -0.238139 -0.077134 -0.253061 -0.462784 -0.438912 
-0.988693 -0.070108 -0.456753 -0.272726 -3.420989 -0.371621 0.357184 0.266760 
-1.248249 -1.074416 -0.646239 1.349634 -2.726056 0.714117 1.648965 0.963655 
-0.598667 -1.919352 0.403184 1.018392 -0.395094 3.482352 4.126562 4.303082 
4.445474 0.131006 1.600633 1.987399 -0.964593 0.954668 4.059418 5.498533 
3.792570 0.028553 1.056942 -0.125012 -0.932585 -0.372262 1.207116 5.001207 
4.782763 0.501934 -0.017571 1.010612 3.170842 -1.273360 -0.244701 -0.405736 
-0.938978 0.316285 -0.021119 -0.728579 -1.080634 -0.444805 -0.059165 0.245361 
0.113697 0.336400 0.150574 -0.002808 -0.433155 -0.321157 -0.249559 0.279838 
-1.149787 -1.924699 0.111584 -0.511199 0.244257 0.275449 -0.470725 -0.012202 
-1.498327 -1.057418 -0.316453 -0.342411 0.379615 -0.900689 -0.077488 -0.433289 
-0.043274 -0.122140 0.289446 -0.578280 0.242264 -1.648143 -0.338922 -0.024451 
-0.337524 -0.413147 -0.245390 -0.397315 0.461864 0.259836 -0.255946 0.497811 
0.265686 -0.266794 0.597995 -0.059784 0.363407 -0.194025 0.606073 -0.086131 
0.469893 0.595006 0.362295 0.491730 0.485173 0.436606 -0.388275 0.233312 
-0.251778 0.571554 -0.210577 0.326752 -0.362787 0.394058 0.100342 0.247772 
-0.238068 0.290574 0.105499 -0.152985 -0.021698 0.124573 -0.380157 0.091492 
-0.382813 -0.176340 0.427490 0.046285 0.358429 -0.159363 0.147461 0.269318 
-0.469849 -0.153817 0.438538 0.477405 -0.280029 -0.116516 -0.483002 0.210775 
-0.300964 -0.326648 0.281969 0.652874 -0.341858 -0.276550 -0.018860 0.364658 
-0.273754 -0.425164 -0.205518 0.071988 -0.016022 0.001074 -0.365137 0.268552 
0.370497 -0.251788 0.297543 -0.192179 0.279276 -0.342807 -0.830568 -0.403564 
-0.398100 0.469830 0.235106 -0.756920 0.483597 -0.040230 -0.435150 0.236389 
-0.081793 -0.394935 -0.162392 -1.105343 0.064260 -0.492493 0.000824 0.345612 
0.241547 0.365875 -0.162550 -0.023259 0.442728 -0.647957 -0.415323 1.752763 
-0.406423 -0.212030 -0.803376 -0.097101 -0.043688 0.655132 0.445694 -0.416129 
-0.825390 -0.042576 -1.467576 -0.337379 0.526618 5.241675 -0.057908 0.265104 
0.254986 0.397751 0.265141 0.364945 0.415717 0.559987 4.849007 -0.383332 
-2.628474 0.498696 0.105571 -0.382944 -1.589271 -0.867977 2.802592 3.630504 
-0.518953 0.182721 0.155021 -0.245088 -1.169773 -1.913356 0.588514 1.480455 
-0.561193 0.058237 -0.145861 -0.499303 0.088405 -1.201187 -0.717382 0.143907 
0.171500 -0.487340 0.470124 0.573429 0.503784 0.925282 0.226659 -0.262116 
0.310364 -0.444092 0.308606 -0.755181 -0.612176 0.096340 -0.160213 -0.268945 
0.014093 -0.370720 0.135617 -1.469335 -0.704625 2.299886 -0.478082 0.374929 
0.167977 0.536872 1.711633 -0.933571 -2.525055 3.595861 -0.035061 -0.035382 
0.238789 0.247818 1.349267 -1.903581 -1.683728 0.581443 0.580601 0.263745 
2.383020 1.377622 -0.282503 -2.976820 -5.170713 -0.598807 1.765213 -0.014699 
-0.243864 1.115634 0.363843 -2.312014 -1.377244 1.221825 4.805056 -1.344389 
-1.254834 1.061771 0.290983 -3.150028 -0.019960 3.302909 2.399713 -0.302937 
-0.029498 0.008172 0.296843 -0.291412 -3.316927 0.316701 0.238308 -0.392390 
-0.273834 -0.377167 -0.028259 -0.192169 -0.480377 0.252794 1.279932 -0.351406 
-0.638719 -0.911411 -0.490997 0.007456 -0.475506 0.409316 0.341106 -0.851839 
0.184013 -0.575584 -0.456097 -0.842891 0.530494 0.998173 0.053534 -0.011212 
0.338013 -0.169617 -0.286269 0.013366 0.128195 -0.445001 -1.112744 -0.286827 
-0.023233 -0.102264 0.358368 -0.462638 -0.038625 -0.258491 0.073855 0.216779 
-0.679299 0.495819 -0.401568 -0.065104 0.056091 -0.660877 0.124290 -0.376192 
-0.180091 -0.393080 -0.252191 0.003937 0.105103 0.271984 0.006495 0.462250 
-0.104341 -0.044701 0.690829 -0.292678 0.395203 0.495049 0.807337 0.164673 
0.246796 0.386993 -0.024964 0.416260 0.155457 0.151245 0.258148 -0.008118 
0.252380 -0.486328 0.297771 0.498505 0.145097 0.337494 -0.464905 0.071686 
0.206757 -0.414185 0.239351 -0.278656 0.144252 0.323669 -0.462769 0.489929 
0.274582 -0.467682 -0.255959 -0.119742 -0.429598 -0.263641 -0.076477 0.352936 
0.247920 0.443273 -0.069276 0.114181 -0.565777 0.394562 0.598308 -0.149674 
-0.454233 -0.367909 -0.305447 0.206148 -0.526227 0.512897 0.717887 0.207064 
0.495911 -0.317814 0.051902 0.077206 -0.176734 0.054121 0.446865 0.294128 
-0.109222 -0.410079 0.433775 0.247034 -0.708080 0.200651 -0.347626 -0.402740 
-0.369965 -0.331329 0.211884 0.048232 -0.139005 2.002159 1.201267 0.353101 
1.249090 1.838212 0.601132 0.087677 0.348775 0.617881 -0.085480 0.371032 
2.368349 2.864171 0.530958 0.666382 -0.150215 0.264144 -0.679807 0.460935 
0.266252 0.291049 0.430306 0.562712 -0.282672 0.022839 -0.308305 0.231208 
0.029448 0.555499 0.188003 -0.297214 0.210660 2.418887 2.999532 3.136752 
0.172581 0.852448 0.059137 0.142183 0.909774 5.745113 6.409811 4.848487 
0.020465 -0.438504 0.746313 1.159724 1.073696 5.823938 6.071764 4.382186 
-0.038749 -0.305729 0.242559 -0.113475 0.954931 3.586890 3.382934 2.987693 
-0.376663 0.288129 0.379211 0.176376 -0.342926 0.155487 -0.020308 -0.467150 
0.466017 -0.015802 0.636536 0.004018 -0.386917 -0.935795 6.488317 6.616340 
6.688881 1.088540 1.351911 2.735025 -0.402305 -0.810941 7.248144 10.150367 
8.217542 1.328501 0.438012 1.092892 1.325739 0.908436 7.534887 8.301014 
8.437139 1.813899 0.631795 0.195299 0.901505 4.247447 2.596962 2.455950 
2.245810 1.075132 2.266463 1.062121 0.632452 0.167641 1.797592 1.545705 
0.283555 -0.451859 1.198737 0.847557 3.123805 0.559860 0.346135 0.163479 
0.361551 1.005859 2.132231 0.905208 -0.105084 0.475989 0.750550 -0.126229 
0.015669 0.065887 -0.244933 0.340347 -0.461487 0.401459 0.116956 0.094268 
0.473493 0.509449 1.105726 0.304996 -0.113226 0.263282 0.239835 -0.221318 
-0.149004 0.365353 0.368110 0.026659 0.221136 -0.429246 0.317524 -0.160854 
0.748092 0.057800 0.199677 0.442547 0.472707 -0.251302 0.001669 0.514707 
-0.199122 0.055185 -0.015381 -0.208801 -0.326964 0.061168 0.700998 -0.325888 
-0.318724 0.287593 -0.167694 -0.079328 -0.242244 0.395599 -0.372078 -0.005613 
0.391635 0.261811 0.464953 -0.109542 0.059989 -0.415741 -0.487076 -0.090578 
0.063385 -0.336821 0.200331 0.302513 -0.128506 0.226746 0.161754 0.108065 
-0.466339 -0.177948 -0.277649 -0.270329 -0.482574 -0.096283 -0.008545 -0.190491 
-0.294830 -0.368439 0.479950 0.428336 -0.371643 0.129937 -0.216675 -0.318115 
-0.283417 0.031586 -0.213043 -0.099094 -0.090851 -0.313090 0.183685 0.467407 
-0.421326 0.107187 0.303833 0.513961 0.080839 1.075931 0.257782 -0.071320 
-0.263245 0.104505 0.463973 -0.400528 -0.021707 0.391843 0.052216 -0.085770 
-0.418838 0.493774 -0.312890 -0.067009 0.593494 -0.012518 0.159174 0.414244 
0.164120 0.030609 -0.397094 0.434072 0.781723 -0.240844 0.270424 -0.383022 
-0.228699 -0.180237 -0.005848 -0.288480 0.625715 0.304718 -0.147109 0.000549 
-0.054443 0.376984 -0.336212 0.158630 -0.172122 -0.207255 0.216546 0.372070 
-0.151520 -0.305016 0.092713 0.169293 0.202242 0.283069 0.188514 0.088198 
0.544871 0.353457 0.290376 0.454878 0.578777 0.796975 -0.029597 0.321975 
-0.237416 0.084758 -0.653742 -0.063070 0.452985 -6.160304 -0.285903 -0.188322 
0.148210 -0.241495 -0.018659 0.271339 0.171029 -0.718335 0.590954 -0.738082 
0.213539 0.831171 0.370544 0.402561 0.069489 -0.047997 0.111759 0.503033 
0.802142 0.943426 -0.017219 -0.032355 -0.011115 -0.451557 -0.199912 0.359732 
-0.246899 0.320770 0.218411 -0.471487 0.240765 -0.492010 0.322129 -0.231859 
0.009094 -0.448975 -0.037720 -0.235687 -0.201050 -0.041595 0.424988 0.586326 
0.373247 0.358396 -0.100055 -0.260991 0.269926 0.051117 0.136414 0.295880 
2.094177 1.650188 1.969678 0.234719 0.170267 0.028473 1.902837 2.112957 
2.257582 1.847884 1.273707 0.019036 0.098520 0.227439 0.087597 0.567756 
2.180083 1.697678 1.088259 0.389042 0.587534 0.940149 0.621977 0.099050 
-0.085044 0.483260 0.888064 0.432312 -0.052197 -0.677276 -0.014648 -0.059709 
0.633868 0.895721 1.406805 -0.467976 -2.659405 -0.575731 -0.916715 1.369066 
2.086631 0.775130 -0.559433 -3.409895 -1.824021 -0.772123 0.267769 -0.328845 
0.482178 0.164459 0.000580 0.094849 0.117218 -0.348541 0.248291 -0.205811 
0.475891 -0.109100 -0.396257 0.651350 0.063164 0.077003 0.210765 0.189240 
0.009094 0.222780 0.231124 0.139680 0.725157 0.161750 -0.238323 0.254174 
-0.087776 0.362551 -0.208527 0.195648 0.079307 -0.425815 -1.075649 0.232912 
0.649435 0.218204 0.238474 -0.172699 -0.019623 -0.398521 0.426737 -0.023378 
0.015667 0.332920 -0.000456 0.427765 0.184601 0.389079 0.247986 0.155727 
-0.260678 0.049428 0.453387 -0.135811 0.305206 -0.158299 0.296722 -0.238585 
0.446583 0.497437 -0.159307 0.147812 0.417877 -0.233607 -0.313385 -0.421692 
0.122559 0.037628 0.161499 -0.404510 -0.435791 -0.117950 0.319733 0.044373 
0.475616 -0.329376 -0.464661 0.070984 0.312929 -0.069427 0.503673 -0.400055 
-0.440308 -0.460876 -0.111206 -0.319733 0.305732 -0.274719 0.067913 -0.356598 
0.291809 -0.115509 0.288513 0.074097 -0.082274 0.268803 0.483856 -0.406464 
0.023529 0.109192 -0.498688 0.521194 -0.319207 -0.428562 0.481371 -0.047821 
0.103516 -0.160288 -0.443176 -0.299303 -0.219665 -0.020023 -0.219015 0.366730 
0.439972 -0.011385 0.309753 0.155126 -0.227190 0.409003 -0.306712 -0.304731 
0.063202 -0.186249 0.002563 0.062359 -0.735650 -0.193537 -0.052861 0.087202 
-0.311951 -0.009186 -0.172119 -0.288452 0.147736 -0.300059 0.279239 -0.203863 
0.261071 -0.335746 0.214128 -0.988542 -0.603262 -0.440587 -0.071789 -0.074268 
-0.437513 -0.578037 -0.512623 -0.871916 -1.468276 -1.327711 -0.409432 -1.257291 
-1.217146 -0.619138 -0.358279 -1.409220 -0.505587 -1.072041 -0.273440 0.358884 
-0.959015 -1.060758 -0.580475 -0.365070 -0.442411 -0.195489 -0.368790 -1.923152 
-1.578813 0.435543 -0.179169 0.721843 -0.193852 0.307940 0.009125 -0.623064 
-1.917274 -0.561388 0.767291 -0.048849 -1.672756 -0.335246 0.189492 -0.203495 
-0.404597 -0.188678 0.101933 -0.296787 -0.282050 -1.171591 0.398310 0.102460 
-0.343901 -0.440761 0.382507 -0.044524 -0.124359 0.250562 -0.261780 0.099518 
0.170258 0.248436 0.355798 0.368713 -0.178323 0.201480 -0.521461 -0.162475 
0.087459 0.385720 0.590315 -0.455569 -3.537573 -1.317656 0.259525 -0.020412 
-1.242970 -0.614555 0.372777 0.486641 -1.601294 -0.958833 0.446800 -0.105343 
-0.481926 0.170336 0.019911 -0.649540 -0.902399 -0.023449 -2.116807 -2.432194 
-0.807423 0.991288 -0.701838 0.349815 -0.620369 -0.388353 -0.905199 -2.260272 
-1.090297 -0.801682 -2.423357 -0.277752 -0.144702 -0.375603 -0.661967 -0.391147 
1.568096 -0.415157 0.409881 -0.309622 -0.715816 -0.480209 -0.530790 -1.714702 
-1.539707 0.275807 0.196882 -0.428772 -0.244263 -0.497711 0.350922 0.295105 
0.312653 -0.426086 -0.179648 -0.219492 -0.104868 -0.461418 -0.071696 0.208775 
0.180268 -0.270171 -0.233225 0.484866 -0.312760 -0.791241 -0.319655 -0.047620 
-0.343166 0.060709 0.158829 -0.127228 0.174316 -0.142624 -0.123621 -0.372277 
-0.533259 -0.132087 0.224329 -0.030811 0.411530 0.343750 0.314851 0.203266 
-0.240566 0.035089 0.232960 -0.486196 0.455750 -0.043747 -0.249450 0.365295 
-0.423317 -0.179676 -0.354303 -0.414358 -0.469895 -0.958986 -0.374485 -0.135010 
-0.366448 -0.502997 -0.493378 0.199415 -0.498833 -0.134680 -0.465515 0.075012 
-0.523325 -0.520608 -0.312195 0.205475 -0.204193 -0.591834 -0.257019 0.196472 
0.063660 0.130798 -0.056458 -0.036438 -0.299988 0.025150 -0.138428 0.406987 
0.236053 -0.391602 -0.390961 0.351990 -0.037415 -0.348345 0.355286 -0.551157 
-0.146179 0.364166 0.157227 -0.331792 -0.196259 -0.341912 -0.065824 -0.152632 
0.174835 -0.043243 -0.238800 -0.264122 -0.467830 0.089232 -0.178844 0.368869 
0.453949 0.168609 -0.306444 0.190950 -0.314486 -0.105829 0.292407 -0.308387 
-0.494354 0.053969 -0.886405 0.001099 -0.399068 -0.323202 -0.252019 -0.105701 
0.267196 0.072631 -0.045563 0.119324 -0.276884 -0.351522 0.340302 -0.091150 
0.148447 0.010162 0.204102 0.236389 0.003662 -0.440735 -0.780468 0.854644 
-0.419855 -0.498223 -2.527796 -0.455828 0.765955 -0.149070 -0.361493 0.131126 
-0.410127 -0.298283 -4.520676 -0.717731 0.306030 0.734569 -0.288279 0.458093 
0.099239 -0.543524 -2.883603 -0.347780 -0.041703 -1.508420 -1.182206 -0.353266 
-0.134811 0.561116 -0.581512 0.348137 1.969201 -0.206846 0.651535 -0.036032 
0.081177 2.903936 1.354218 0.887915 2.438584 -0.406183 0.168438 -0.013747 
-0.285633 2.136398 2.481882 2.088689 1.401937 0.191974 -0.747064 0.154157 
0.074080 0.603818 -0.338911 0.256658 0.127557 -0.336626 0.513154 -0.204212 
0.420808 0.185591 0.209628 0.102408 0.387146 0.491730 0.800841 -0.102264 
0.320557 0.050090 -0.625622 -0.955486 -0.423687 8.126527 8.000538 0.146969 
-0.909870 0.073998 -0.199877 -1.040998 -2.797206 -1.757282 5.474337 -0.301254 
-1.695436 -2.245480 -2.778152 -0.337273 -1.439654 -0.831677 0.407420 -0.203989 
-2.445994 -3.046968 -1.851381 0.393744 -0.559358 -2.192259 -0.035541 4.192352 
2.105597 1.428501 0.478019 0.358094 -0.013417 -0.885926 -0.614689 1.949697 
1.146402 0.120546 -3.663919 1.945501 1.037260 1.594027 0.800541 0.016261 
0.694067 -1.230757 -5.691734 -0.342843 -0.081380 -0.160542 0.095223 0.083580 
0.537760 4.669179 -0.539849 0.269355 -0.045929 0.453322 -0.094536 0.088257 
0.342072 0.053100 -1.191631 -0.222405 0.397952 1.188695 2.076468 -0.437255 
-0.569822 -0.346568 -0.756990 0.053945 0.127173 0.998831 0.773272 0.317920 
-0.008205 -0.035068 0.012202 -0.071147 0.435150 0.322998 0.207403 -0.232785 
0.627341 0.966963 1.450515 0.558916 1.128951 -0.250580 -0.204773 -0.460177 
0.477617 0.921336 -0.548425 0.030044 0.221228 0.308563 -0.366774 0.341406 
0.099762 0.756461 0.120745 0.187032 0.716896 0.531280 0.229130 -0.471020 
0.099060 0.175625 0.452096 0.384064 0.190614 0.328198 0.380912 0.077771 
0.206299 -0.170737 -0.170748 0.162384 -0.287781 -0.483795 -0.176371 -0.234192 
-0.030640 -0.487885 0.204498 -0.406342 0.286499 -0.010529 -0.313538 0.359680 
0.220466 -0.260529 0.447662 0.151886 0.313416 0.155243 -0.229012 -0.409180 
-0.261376 0.046234 0.409943 -0.199707 -0.075689 0.265106 -0.398683 1.033088 
-0.438062 0.147369 -0.329285 0.053955 0.479604 -0.297267 0.079281 0.586131 
0.579014 -0.018494 -0.238643 0.099433 0.016022 0.326690 0.370134 0.394292 
0.037864 -0.397672 -0.677359 -0.481889 0.088745 0.167692 0.112330 0.121082 
0.529808 0.101060 0.237628 0.185577 0.029694 0.242961 -0.076484 0.113874 
1.796701 0.791563 0.292480 0.233185 -0.330597 -0.251190 -0.457703 -0.136744 
0.460268 -0.252537 -0.383518 0.179416 2.478870 2.846581 0.134632 -0.136288 
0.770433 -0.472160 -0.032807 0.890705 1.445949 1.944203 0.926926 1.010956 
0.552231 1.212942 0.797342 0.180469 0.430612 -0.285882 0.211689 0.849396 
0.433355 0.597248 -0.528031 0.412096 0.104593 0.379292 0.641766 0.435026 
0.320863 -0.896393 -0.765672 0.261732 -0.390011 -0.378588 0.512628 0.304737 
0.228069 0.202422 -0.937464 -0.330186 0.151465 0.466313 1.265853 2.265965 
-0.154410 0.181154 0.049593 0.008685 0.153154 0.101023 0.230699 0.742618 
0.447699 -0.136889 0.177470 -0.109406 -0.166534 0.222132 -0.100342 0.363190 
0.072322 0.079219 -0.064043 -0.283447 0.436188 0.451965 0.398109 0.148540 
0.091045 1.047745 0.282632 0.256134 0.413574 0.483680 0.458935 0.225205 
-0.405002 3.040099 2.444208 0.433503 -0.168147 0.141535 0.362579 0.830777 
0.062711 0.403780 0.991383 0.871495 -0.497683 0.235818 1.992894 0.086382 
-0.473087 -0.999355 -0.147487 0.094621 -0.151803 -0.292762 1.400233 0.561740 
-0.795041 -0.527215 0.382470 0.505197 0.463778 -0.336695 0.839576 0.379991 
0.248702 0.172952 0.998347 0.308084 0.066692 -0.026606 2.713224 -0.049921 
-0.056316 2.184672 0.294372 -0.855375 0.191035 0.006409 0.466064 -0.326355 
0.064087 -0.171600 0.041901 0.061839 -0.497573 0.318096 0.224641 -0.136130 
-0.352676 0.145946 0.343364 0.319389 0.347168 0.421409 0.382959 0.319991 
0.102616 -0.031672 0.242937 0.171755 0.302612 0.240631 0.129974 0.127726 
-0.226444 0.395151 0.027352 -0.052044 -0.423788 0.177530 0.306702 0.229767 
-0.498654 -0.358089 0.245629 0.218859 0.072606 0.139072 0.208282 -0.131241 
0.186417 -0.424774 0.016928 -0.247650 -0.484480 0.197617 0.233288 0.695154 
0.350627 -0.020538 0.307964 -0.039610 0.220856 -0.026551 0.185897 0.372798 
-0.298728 0.367462 -0.022195 -0.069360 -0.186554 0.171997 -0.125641 0.252380 
-0.307312 0.314606 -0.181732 0.461334 -0.426544 0.318604 0.382202 0.201342 
0.088531 0.441372 -0.095276 -0.420044 -0.119720 -0.369171 0.031738 0.362615 
-0.475494 0.439372 -0.453278 -0.058411 -0.233337 -0.489712 -0.486786 0.122776 
0.045472 0.862413 -0.270111 -0.282410 0.481171 -0.491291 0.703516 0.204959 
-0.308772 -0.022648 -0.297516 -0.306580 0.052013 -0.337812 0.263005 0.568155 
0.269214 -0.405011 -0.436703 0.458520 0.026639 -0.046021 -0.052663 0.497100 
0.407137 0.465335 -0.298337 -0.147939 0.128632 -0.002655 -0.274826 0.129344 
0.477557 0.430525 -0.342441 0.201874 -0.355042 -0.210785 -0.242645 -0.205322 
0.457847 0.010430 -3.849903 -2.479821 0.103442 -2.206814 -2.580263 -0.087732 
0.082081 -0.300295 -0.096865 -0.562504 -0.049147 -1.065584 -3.292044 -0.828993 
-1.534864 0.222558 -0.459303 -0.929908 -0.248720 -0.635915 -0.269154 -0.529566 
-1.696124 0.672413 -0.519867 0.481014 -0.332384 -0.858856 0.138354 0.457272 
-0.167179 -1.400380 -5.218584 -5.334962 -4.230679 0.170405 0.024557 -0.667236 
-0.521682 -2.708395 -11.567419 -14.090879 -9.986127 -1.072703 -0.318512 -2.123219 
-3.766943 -2.554730 -11.170993 -14.847795 -9.612181 -0.361792 0.481444 -0.348784 
-0.482719 -1.821425 -7.521661 -7.347847 -6.372519 -0.063979 -0.268592 -0.004120 
-0.054347 -0.248928 -0.115261 0.240464 -0.311166 0.151825 -0.293518 0.540250 
2.608756 -0.493979 0.051771 -3.803281 -0.262908 0.152528 -0.438674 -3.210198 
-0.325095 -1.370887 -0.180339 -4.164474 -0.446593 -0.072477 0.299066 -1.914518 
-1.239819 -4.021377 -2.978004 -2.234847 -0.521092 -0.140325 -0.075089 -0.888092 
-0.067318 -1.223881 -6.478394 -1.441009 1.652788 0.136276 0.197320 -0.044111 
-0.366366 0.238451 -1.240453 -3.926751 -0.614189 -3.191319 1.598168 3.149543 
1.232869 -0.470485 1.605748 2.064380 -1.008057 0.092423 0.327205 1.041582 
0.235045 0.146042 -0.484226 -0.248465 0.742189 -0.319547 0.478607 -0.448730 
-0.021240 0.399872 -0.001648 -0.341216 -0.178336 -0.165189 -0.035474 -1.576509 
-0.617891 -0.162936 -0.069230 0.245188 0.088571 -0.432384 -0.497322 -0.574068 
-0.237028 0.302106 -0.714143 0.268041 0.060949 0.143148 0.153595 0.384277 
0.301336 0.382790 0.167357 -0.019839 0.159162 -0.330744 0.561555 -0.227173 
-0.149719 0.039312 0.306933 0.307473 0.084075 0.624005 0.219099 -0.213470 
-0.753174 0.450876 0.259674 0.123107 -0.451824 0.510342 0.434530 -0.412380 
-0.569998 0.418863 0.440918 -0.498901 0.495562 -0.202301 0.125496 -0.142179 
0.021520 -0.295255 -0.210297 0.133041 -0.376807 0.053650 -0.417480 0.156189 
-0.273184 0.038208 0.284790 0.066559 0.060822 -0.485809 0.433411 0.350861 
0.264557 0.186890 0.625049 0.136200 0.163239 -0.386505 0.309326 0.332184 
-0.368792 0.017517 0.198230 -0.398285 -0.154327 -0.084290 0.310854 0.144043 
-0.184478 -0.349349 -0.966745 0.290619 0.262970 0.177307 -0.444298 -0.106018 
-0.235302 0.275628 -0.056459 -0.355255 0.336512 0.281584 -0.476635 -0.103317 
0.108803 0.243051 0.002626 -0.229508 0.310359 -0.681125 0.088715 -0.304368 
0.414708 0.403386 0.401787 -0.440978 -0.499130 0.481354 -0.397156 -0.196073 
0.007998 -0.514507 -0.591160 -0.448126 0.430328 0.180450 -0.307617 -0.494080 
0.414581 -0.185735 -0.398292 -0.524332 -0.375094 -0.439164 -0.164803 0.355401 
0.255766 0.246994 -0.017061 -0.336045 -0.149626 0.215307 -0.097576 0.039775 
0.173138 0.243496 -0.215269 -0.395258 -0.000364 0.232537 0.394961 0.088807 
-0.092421 0.738267 0.411876 -0.229307 0.727343 0.775765 0.692563 -0.673700 
0.310753 0.074890 0.426329 -0.029460 0.651410 1.116649 0.673740 0.738994 
0.104639 0.354866 0.387701 0.204877 0.129814 -0.205539 3.173879 1.029163 
0.052130 0.137983 0.411919 0.234788 -0.769755 -0.309557 0.410279 -0.299632 
0.176756 0.321111 0.435023 0.488298 -0.272547 0.113746 0.440948 0.295807 
0.279449 -0.348297 -0.005890 0.052002 -0.464081 0.616249 1.948535 2.107399 
1.504946 0.396125 0.343567 0.493622 0.104450 0.224373 3.071367 3.436536 
2.128303 1.102775 -0.121796 2.599658 0.109636 0.560864 2.454524 2.664656 
1.899069 0.193672 -0.371658 -0.466248 -0.337095 3.973488 0.690770 0.000530 
0.533996 0.535241 0.125098 0.021982 -0.406812 1.416607 0.612833 0.757462 
0.795416 0.221789 0.426094 0.537798 0.501920 -0.567222 0.157201 0.110136 
0.333790 0.062375 0.100775 1.173322 3.643170 -0.133997 -0.444214 0.382059 
-0.235637 0.057729 -0.338907 0.701673 0.535334 -0.086121 0.461121 0.221130 
-0.413940 0.267456 0.182617 -0.475983 -0.141327 -0.094727 0.102997 -0.464214 
-0.110201 0.063054 -0.239230 -0.124005 0.052368 -0.328430 0.465539 0.084955 
0.219760 -0.512065 0.138721 -0.483211 -0.104256 -0.388146 0.446038 0.175507 
-0.273224 0.164741 0.263087 0.303139 0.476781 -0.100475 0.431974 -0.318672 
-0.045685 0.386475 -0.159768 0.063605 -0.078046 0.451882 0.106581 0.090264 
-0.328888 0.324885 0.030867 0.031250 -0.245233 -0.118220 0.007101 0.037638 
0.212940 -0.002509 0.500540 0.494019 0.440203 -0.165617 0.250641 0.330550 
0.111190 0.321362 -0.306688 0.114716 -0.429663 -0.338876 0.385651 -0.022766 
-0.407806 0.182953 0.104095 -0.090698 0.248627 0.076233 0.345215 0.308228 
0.273987 -0.489567 -0.325958 0.630345 -0.337769 -0.396729 0.213104 0.000610 
-0.409332 0.459670 0.472382 0.590337 -0.343628 -0.037415 0.492004 -0.245546 
0.424988 -0.208443 0.304260 0.265052 0.292084 0.066895 -0.333954 0.352834 
-0.355237 0.308555 0.218267 0.404652 0.408752 0.083862 -0.236687 -0.275543 
-0.283952 -0.373643 0.094750 0.424433 0.186584 0.498474 -0.081892 0.005829 
0.198887 -0.233505 0.229047 -0.125817 -0.291633 0.175598 -0.065186 -0.395905 
0.308465 0.160639 -0.168619 0.049837 -0.470403 0.422516 -0.152649 0.259399 
-0.444336 -0.281433 -0.156597 0.182025 0.511144 -0.026635 0.402927 0.327642 
2.301942 -0.204453 0.413875 0.493842 0.983142 1.428474 -0.163887 -0.016216 
1.835525 -1.864792 -2.188846 -0.467841 0.526032 2.415665 -0.315267 0.315554 
-0.208506 0.395721 1.588078 -1.559508 1.424002 3.275495 4.056450 -0.081080 
-0.668982 -0.839801 0.425771 0.441533 2.335360 0.923342 2.691220 2.612382 
1.082648 0.002963 0.401835 1.108644 1.018384 -0.084738 -0.638861 2.245176 
0.999385 1.173728 1.015016 -0.292345 0.865742 -1.182511 -0.530745 0.709811 
0.221395 1.483706 -0.343426 0.037543 0.160014 0.974146 0.528718 -0.237030 
-0.243847 0.194519 -0.325181 0.201019 0.261444 0.239681 -0.416531 0.128647 
-0.369101 0.497803 0.387051 0.179625 -0.100912 3.453978 -0.460006 0.012600 
1.035496 -1.504614 0.347735 0.158429 2.098387 2.418657 -0.125019 -0.053418 
0.715289 -2.854065 -3.827289 -0.049249 0.072715 -0.179299 -0.384556 -0.477764 
0.105101 7.247217 0.098193 0.085108 0.799045 0.380656 -0.254402 -0.544699 
0.754822 5.182986 0.885980 0.834060 1.091171 2.169721 0.036839 3.608298 
2.040389 -1.220065 -1.461858 0.264537 0.447739 -2.114312 0.986474 0.819887 
-0.010768 -1.415705 -1.476629 0.764400 1.318950 -3.703798 0.065168 0.183272 
0.385956 -0.068818 -0.017205 -0.001953 -0.100067 -0.312200 -0.075711 -0.445737 
0.313368 -1.332667 -1.834676 0.470024 -0.220918 0.113877 0.367147 0.463938 
0.443474 -1.665574 -2.108579 0.142861 0.068297 0.322990 -1.236776 -0.085014 
0.312561 0.233459 -0.264882 -0.456239 0.245836 0.629911 -0.819231 0.423377 
0.314439 0.091125 0.190979 0.144644 0.028764 0.282941 0.198267 0.516049 
0.069027 -0.299622 -0.391658 0.655121 -0.408966 0.308795 0.456001 0.041553 
-0.028922 0.170694 -0.388325 1.222885 -0.453491 0.357945 0.747566 0.457855 
0.123262 -0.075789 0.088896 0.671934 0.226013 0.494451 -0.216240 0.215515 
-0.231628 0.248871 -0.269900 0.489624 -0.363129 -0.495270 -0.382385 -0.426544 
-0.383392 -0.118622 0.039482 -0.366821 0.002465 0.100098 0.243103 -0.132507 
-0.102936 -0.201599 1.395206 0.478302 -0.176003 0.157135 -0.430847 0.453949 
0.398805 0.339874 -0.088334 0.168982 0.200446 -0.255157 0.486176 -0.227783 
-0.092025 0.338842 0.402411 0.456924 -0.166846 0.187073 0.401810 0.477707 
-0.229736 -0.066934 0.528968 -0.241305 -0.223446 0.116433 -0.119085 0.488894 
0.453552 -0.052158 0.500035 0.248829 -0.371343 -0.418230 0.187879 0.068665 
0.110107 -0.309283 -0.225993 -0.067107 -0.684521 -0.797817 -0.277679 -0.444885 
0.139404 0.467865 -0.395172 -0.087835 0.079321 0.740757 -0.321394 0.550639 
2.135790 2.257908 0.343790 0.111893 0.267962 0.316017 -0.409661 0.114144 
0.678837 1.948801 1.436271 0.626512 0.388077 -0.775598 -1.386984 -0.204513 
0.145065 -0.281511 0.568884 1.992260 -0.413568 -0.170099 0.929732 1.885881 
0.470933 -0.171885 0.409234 -0.206379 0.677886 -0.256344 0.201239 4.021932 
-0.462976 0.126758 0.017788 0.076498 0.381377 -1.288507 -1.129641 0.283414 
-2.531470 -0.797276 1.845426 1.666911 0.264187 0.302924 0.466168 0.263312 
0.586365 0.237132 0.703475 0.467390 -0.006291 -0.062526 0.303187 -0.442703 
-0.240079 0.446512 0.463287 0.549737 0.437408 -0.049866 0.295286 0.140417 
0.094929 -0.351683 0.013008 0.416397 -0.340393 -0.493806 -6.699281 0.069250 
-0.614662 0.199676 -0.255300 0.476024 0.338074 -0.408106 -5.286451 -0.592932 
-0.364945 -0.143549 0.321945 1.062493 0.177539 0.654371 1.419921 -0.733740 
-0.184900 -0.196726 2.828582 0.849005 -0.704981 -0.936213 -1.301227 -0.701337 
-0.895581 0.107015 2.089297 0.504554 -0.859461 -2.642075 -5.707307 0.251702 
-2.969611 0.732278 -0.275378 -0.745927 0.003641 0.019780 1.171922 0.399230 
-0.276148 0.296475 -0.125884 -0.432008 -0.159762 0.564938 3.462579 -0.070816 
-0.122627 -0.108917 0.234467 -0.415344 -0.483368 -0.273254 -0.390656 0.243962 
0.080566 0.070046 1.412954 0.578942 0.117267 -0.092865 -0.132015 0.448708 
0.341666 -0.341942 1.046556 0.620641 -0.164828 -0.664501 -0.231277 0.647313 
-0.367332 0.006500 -0.117645 0.253749 -0.437539 0.356014 -0.284405 0.399922 
0.393182 -0.434887 -0.168091 -0.141235 0.479359 -0.024411 -0.193272 0.558682 
0.274703 0.019889 -0.117432 -0.145094 -0.232651 0.191498 -0.454729 0.353938 
0.219421 -0.502853 0.161562 0.324038 0.480325 -0.037292 -0.411355 -0.295987 
-0.299255 0.414053 -0.392803 0.135894 0.108381 0.053558 0.231164 0.303577 
-0.237793 -0.264099 -0.198914 0.422941 -0.274414 0.299683 -0.249390 -0.353424 
-0.207520 -0.178711 -0.082977 -0.415585 0.308441 -0.395996 -0.100647 0.432892 
0.052338 -0.007568 -0.065826 -0.081828 0.472809 -0.000580 0.038177 -0.257416 
0.237091 -0.266366 0.463196 0.487250 0.012020 0.180237 0.463776 -0.328705 
0.039154 -0.278852 0.568591 0.498509 -0.266686 0.370929 0.016724 0.460052 
-0.532069 0.163330 0.484777 0.361572 -0.454190 0.307206 -0.355956 -0.441950 
-1.339667 0.188629 -0.465412 0.229081 0.459452 0.450515 -0.027570 -0.315154 
-0.158386 -0.357849 -0.084416 -0.211536 -0.357734 0.877410 0.040598 -0.106903 
-0.334229 -0.236694 0.046021 0.451416 -0.427360 -0.050855 0.001370 -0.326936 
0.160338 0.378706 -2.143175 -1.078619 0.159668 0.290743 1.304653 1.006294 
0.613067 -0.200374 -1.470367 -1.165153 -0.312043 -0.476358 0.986060 1.418911 
0.609428 -0.236486 -0.425330 -0.309714 -0.055524 -0.123366 1.253811 -0.755298 
0.581034 -1.131872 -3.481907 -2.185445 -0.435923 0.315275 0.705992 0.588746 
0.564823 -0.653337 -0.586343 -0.663366 -0.180845 0.440319 -1.766707 -3.137597 
-1.721150 -0.099560 -0.805859 -0.850704 -0.160856 -0.005700 -0.758074 -3.825942 
-0.495586 -0.367888 -0.304111 0.392069 -0.411254 -0.644474 -0.294406 0.121408 
-0.381429 0.319915 -0.186695 -0.038239 -0.525204 0.116104 0.046371 0.359484 
0.020812 0.102335 -0.637148 -2.029153 -1.867118 0.301270 -0.020236 0.292671 
0.415916 -0.051455 0.243841 -1.402618 -2.261867 -0.210006 -0.961873 -3.495596 
-1.704681 0.037097 -0.416970 -0.953140 -0.652932 -0.832687 -0.351481 -1.183449 
-1.849261 -3.080758 -0.742084 -1.174929 -0.761222 -2.177748 -2.257022 -1.311023 
-0.521335 -1.786443 -0.453284 -1.309797 0.263786 -3.010951 -3.167221 -2.528250 
-4.200563 -3.606509 -1.799279 -3.219657 -1.488527 -1.729282 -2.002857 -1.516894 
-2.499184 -0.814850 -0.412136 -1.179992 -0.542455 -0.470007 -0.219028 -3.042629 
-1.396963 -0.346863 0.102051 -0.216187 0.208776 0.499664 0.465912 0.125858 
0.071322 -0.534621 -0.510136 -1.583754 -0.897960 0.081296 0.234862 0.418299 
0.323070 -0.503476 -0.173490 -1.328243 -0.642047 0.042352 -0.410851 0.085891 
-0.410296 -0.092238 0.230530 0.355499 -0.351495 -0.026621 -0.804278 0.309662 
-1.108591 -0.501045 0.141470 -0.236603 0.216125 0.337528 -0.419352 0.333214 
-0.410714 -0.180556 0.001352 -0.057800 0.237645 -0.113174 -0.072815 0.179099 
-0.108117 -0.410483 -0.137770 0.072135 0.253403 0.072676 -0.258820 0.291991 
-0.379057 -0.139099 -0.261131 -0.214548 -0.430431 -0.192959 0.364838 -0.120685 
-0.021634 0.144104 -0.321228 -0.137115 0.008204 -0.038910 0.244202 0.027527 
0.301605 -0.177032 -0.033905 -0.357117 0.447755 -0.385010 -0.320777 0.196747 
-0.443512 0.388855 -0.008881 0.430084 0.310628 -0.010620 0.420212 0.120331 
0.439880 0.494232 -0.246156 -0.322968 -0.152433 0.051816 0.085243 -0.449890 
-0.449554 0.015259 -0.527859 0.361697 0.057884 -0.595948 -0.174001 0.383423 
0.073666 0.100156 -0.463287 0.511220 0.101203 -0.662821 -0.495755 -0.298092 
0.119903 0.144494 0.120453 0.039053 -0.181928 -0.563437 -0.678996 -0.056255 
0.009819 -0.499878 -0.221893 0.089292 -0.548451 0.216340 -0.967749 -0.579384 
-0.365265 0.104919 0.465027 0.144348 0.489410 -0.439333 -0.511832 0.266625 
0.129689 0.185884 -0.862039 -0.756470 0.199810 -0.429554 -0.419997 -0.020832 
-0.034448 0.119552 -3.411915 -1.263937 -0.117222 -0.571695 -0.702935 0.067357 
0.861271 -0.727318 -0.564495 -0.010620 0.082891 -0.411080 -0.244331 0.329892 
0.254352 -0.359048 0.109006 -0.595109 -0.331442 -0.048841 0.139408 -0.606527 
-0.050494 -0.167948 -0.381047 -0.297731 -0.501861 0.339690 -0.420278 -0.342701 
-0.074759 -0.961936 -0.042839 0.138712 -0.104406 -0.694761 0.333789 0.441896 
-0.084775 0.739270 -0.066221 0.421815 0.289315 -0.653082 -0.335079 0.145031 
-0.528984 0.497399 0.386281 -0.427034 0.140686 0.223529 0.385898 0.093143 
0.454167 -0.491857 -0.930867 -1.755640 -0.686716 -0.151190 -0.035812 -0.877157 
-7.925835 -8.687181 -9.828521 -2.403913 -0.770357 -0.642587 0.357996 -0.813595 
-8.834607 -12.112700 -11.430096 -2.396678 -0.691883 -0.299495 -0.417314 -0.469287 
-8.800813 -10.345437 -10.923737 -1.800389 0.301798 -0.404696 0.037491 -0.568555 
-2.448736 -3.850434 -4.302918 -1.190963 -0.111531 -0.400525 0.398843 0.401085 
1.099031 -0.305241 -0.878694 -0.848505 -0.147496 -0.457513 -3.665714 0.394176 
0.322027 -0.033750 -0.884853 0.016404 -0.395536 -0.067759 0.316180 -0.859072 
0.085624 -0.250935 0.191732 0.095490 0.476379 -0.485882 0.058075 -0.308929 
0.046649 -0.340889 -0.515773 -0.683487 -0.842638 -0.594482 0.005037 0.080256 
0.384248 0.241906 -0.127111 0.166436 -0.059940 -0.605294 0.007235 0.100635 
-0.297283 -0.356258 -0.818801 -0.048584 0.264069 0.094859 0.055256 -0.190273 
-0.182802 0.072575 -0.043884 0.280975 -0.409180 -0.422760 -0.323108 -0.278711 
-0.256130 -0.217506 0.017649 0.302502 0.057098 0.136504 -0.201916 -0.411011 
0.291328 -0.279418 0.425525 -0.280751 -0.351014 0.192151 0.243160 0.006866 
-0.487457 -0.382055 0.035980 -0.453785 0.312634 0.038464 -0.449505 0.433777 
0.266443 0.067606 -0.090790 -0.344147 0.004272 -0.105867 -0.401611 0.216339 
-0.356018 0.386383 -0.366394 0.339996 -0.181091 -0.366252 0.090454 -0.354825 
-0.090485 0.487671 -0.067902 0.184204 0.216034 -0.358825 0.151733 0.094438 
-0.492798 0.085938 0.227783 0.313802 -0.118317 -0.490042 -0.107838 -0.180540 
-0.058105 0.213623 0.206482 0.512847 0.252691 0.037318 -0.068895 -0.387055 
0.278076 0.225167 0.386102 -0.101440 0.234424 0.406169 0.133057 0.155422 
-0.272196 -0.176925 -0.362128 -0.074219 0.394798 0.048696 -0.601210 0.316275 
0.083054 -0.216612 -0.148407 0.424500 0.003424 -0.107018 -0.516263 -0.474040 
-0.514066 -0.007355 0.361786 0.199799 0.232208 0.393005 0.006810 -0.114117 
0.011844 0.485533 -0.300769 -0.013696 0.158836 -0.468520 0.085415 0.191258 
-0.217964 -0.151039 -0.226980 0.515968 0.164407 0.441667 0.975772 0.268218 
0.049570 0.603201 -0.134296 -0.499559 -0.002619 2.294736 1.755000 -0.803758 
-0.029262 0.584307 0.352523 0.051450 0.758279 0.018722 -0.128301 -0.238498 
0.152566 0.477683 0.396074 0.667812 1.767043 0.252839 0.534631 -0.000588 
0.390814 -0.382042 0.875541 1.006544 0.752125 0.312588 -0.173486 0.799646 
-0.387370 0.307439 0.220801 0.381370 0.137696 -0.341184 0.286905 0.402769 
0.220685 0.072404 0.453576 -0.327461 -0.332031 0.296539 0.045586 -0.105042 
-0.091125 -0.289416 -0.023110 -0.308092 -0.275827 -1.777030 -1.277974 0.320995 
0.201208 0.444278 0.385181 0.343054 1.635142 0.350582 -2.423737 -0.224849 
0.392160 -0.364148 -0.235343 0.042574 1.202696 0.328158 0.266449 0.449640 
0.515126 0.663054 0.412780 -0.139131 0.621647 2.067595 0.449220 1.466043 
0.220980 0.482421 0.347426 0.512169 0.426503 0.474751 0.455755 0.607755 
-0.017432 1.672066 2.052052 1.239707 0.282660 0.546312 -0.095504 0.285793 
-0.142744 0.255421 0.457696 0.098363 -0.298479 -0.214896 0.390977 -0.046345 
-0.561729 -0.702095 0.036295 0.024971 -0.180603 0.269867 -0.114166 0.438904 
0.092102 0.447330 0.095429 -0.049322 0.420673 -0.174360 0.163019 -0.204304 
0.389125 -0.353268 -0.063290 -0.312467 0.362000 0.406472 0.504797 -0.407155 
0.057847 -0.368470 -0.571072 0.331099 0.296051 -0.125397 -0.179547 -0.020139 
0.247209 0.742333 0.444080 0.175176 0.271200 0.117157 -0.117676 -0.247347 
0.364561 0.388079 0.016686 0.420628 -0.390154 -0.495209 -0.135771 0.663790 
0.128143 -0.373941 -0.009346 -0.199513 -0.160157 0.638830 -0.174280 0.460768 
-0.378571 0.131765 -0.014449 0.307037 -0.274481 0.320642 0.626878 0.400367 
-0.350555 -0.274109 -0.004662 0.186371 0.194275 -0.116730 0.402805 -0.286957 
0.319611 0.011597 0.419525 0.165283 -0.101776 0.158234 -0.359823 0.319946 
-0.387144 -0.211121 0.257111 0.457092 0.185150 0.412445 0.112899 0.143158 
-0.068329 0.020691 0.334564 -0.173218 -0.352112 0.339905 0.371051 0.505979 
-0.232971 -0.104340 -0.256042 -0.346344 -0.341392 -0.102887 0.329490 0.019836 
0.073428 -0.111481 0.416055 -0.004549 -0.079123 0.329445 -0.103107 0.501438 
-0.369506 -0.181788 -0.412428 -0.330854 0.058441 0.293793 -0.106789 0.442135 
-0.439372 -0.067595 -0.352557 0.196655 0.148651 -0.109741 0.390785 0.159970 
-0.182374 -0.124263 0.236359 0.117828 0.300446 -0.292938 0.294312 0.047871 
0.363242 0.008515 0.264418 -0.200023 0.261635 0.526228 -0.289517 -0.463516 
0.209274 0.203718 0.292420 -0.283247 -0.045140 0.925647 -1.733016 -2.535124 
0.525787 -0.312127 -0.711524 -0.310631 0.363344 0.415235 1.168427 -1.151487 
0.133880 0.252141 0.216722 0.647086 0.044959 0.014221 0.120389 0.027665 
0.286507 0.505441 -0.467359 -0.119794 -0.176124 0.532147 -0.216670 0.335920 
-0.847101 -0.504831 0.661654 0.169204 -1.358363 -1.321170 0.897909 0.500881 
-0.617014 0.277455 0.232236 0.368159 -0.034739 0.179368 0.399211 0.358287 
-0.833803 0.420954 -0.397290 -0.403264 -0.363355 0.311580 -0.037964 0.484969 
-0.061371 0.378601 0.043884 0.007978 0.002816 -0.336962 0.381419 0.302502 
0.345963 -0.229898 -0.294069 -0.430368 -1.392301 -0.698874 -3.341927 -1.826802 
0.647644 -5.019507 -0.100232 -0.461790 -1.299862 -1.359037 -4.158228 -3.094880 
0.710957 -0.161608 -0.026631 -0.632894 -0.529544 -0.332845 -0.885335 0.305215 
0.576406 1.122176 0.285110 0.054012 -0.645087 -0.010701 0.138906 0.151842 
0.519081 0.522687 0.667021 2.768189 -0.312827 1.562039 4.181674 1.123446 
0.746913 -0.116472 -1.744586 -2.863890 -0.419901 0.223283 -0.084846 0.047149 
-0.083260 -0.141628 -1.067296 -0.770539 -0.449960 0.267151 0.449361 -0.129198 
-0.154205 -0.178192 0.074800 0.115256 0.362124 -0.271386 -0.831458 -0.556153 
0.184893 -0.369814 0.416928 -0.155899 0.102432 0.404120 -0.723299 -0.887406 
0.361300 0.005082 0.358673 -0.134367 0.469270 -0.249756 -0.432617 -0.550425 
0.449365 0.575146 0.303638 -0.612729 0.267362 0.495607 -0.114716 0.023712 
-0.369895 -0.405236 0.497770 0.420080 0.035307 0.187963 0.214996 0.473379 
-0.431391 0.420105 0.405702 0.042470 0.010493 0.248652 0.317491 -0.289242 
-0.558281 -0.076843 -0.259620 -0.176689 0.276550 -0.443598 0.207138 0.373251 
-0.111028 -0.104492 0.402452 -0.088055 0.084717 0.144043 -0.111450 0.079464 
-0.171509 0.198578 -0.176178 -0.381256 0.193634 -0.309540 -0.213531 -0.326905 
0.162201 -0.321663 0.466156 -0.251221 -0.114014 -0.154449 -0.167328 -0.343952 
0.235291 -0.359489 -0.408997 -0.234222 -0.339630 0.452005 -0.051147 0.052579 
0.390193 -0.386468 -0.303253 -0.294678 -0.206360 -0.439743 -0.441381 0.329270 
0.448509 -0.259106 0.106812 0.303849 -0.079984 -0.200326 0.322390 -0.198628 
0.422836 0.230157 -0.459399 -0.035470 -0.750679 -0.244720 0.508709 -0.284000 
0.055310 -0.653813 -0.361562 -0.039214 -0.397278 -0.257721 0.405603 -0.277075 
0.205364 0.025775 -0.685067 0.398407 0.194122 -0.487427 0.412964 -0.127716 
-0.570258 0.415984 -0.365613 0.394111 -0.509780 -2.489867 -2.523431 -0.601929 
0.122146 -0.008909 -0.615872 -0.456273 -0.075549 -0.887342 -1.747178 -1.903442 
-1.754366 -0.106352 -0.880689 -1.416401 -0.266191 -0.271228 0.171612 -0.403387 
-1.083490 -0.618053 -0.430484 -0.553205 -1.504009 -1.622100 -0.645327 -0.596940 
0.059093 -0.569563 0.156618 -0.019367 -1.499052 0.419413 0.168297 -0.220880 
-0.618972 -0.231649 0.516795 -0.075372 -1.432070 -1.269318 -0.256222 -1.278608 
-2.310104 0.081642 0.300789 -0.995690 0.039663 -0.495905 -0.179263 -0.321182 
-2.357371 -0.458274 0.162005 0.052798 -0.482990 -0.062565 0.006724 -0.370941 
-0.360109 0.033907 -0.085905 -0.251311 0.372208 -0.462179 0.177220 -1.048146 
-0.527452 -0.271630 0.024771 -1.003550 0.227927 0.002745 -0.631006 -0.621001 
-1.486107 0.512243 3.087707 -1.200419 -0.482186 -0.077752 0.071163 -0.295854 
-0.375298 0.036986 1.621427 -0.062890 -0.410921 1.188902 0.657548 -0.819310 
-0.251326 1.489383 1.531887 0.599407 0.084136 -0.628127 -0.909057 -2.044094 
-0.536518 3.441125 2.408456 2.172111 0.458608 -4.389991 -1.581493 -11.612632 
-2.079015 2.946614 2.530306 2.418962 -0.248754 -0.577461 0.167114 -0.690632 
0.055450 1.465115 1.236522 -0.650660 -0.112576 -0.148866 0.248138 0.482618 
-0.196471 0.133240 0.021179 0.204485 -0.231115 -0.133476 0.142349 -1.195780 
-1.254636 0.122844 0.093427 0.267874 -0.196548 -0.405801 -0.030123 -1.536471 
-1.402496 0.244864 -0.173868 0.394342 -0.561981 0.362105 -0.128906 -0.112152 
-0.471310 -0.142983 -0.124897 0.096924 -1.680230 0.209503 0.373905 0.039032 
0.147217 0.430221 0.021265 -0.019532 0.383250 -0.264049 -0.142321 -0.020721 
0.117613 -0.037387 0.079803 0.431754 -0.234797 -0.158814 -0.220925 -0.072553 
-1.030744 -0.510067 0.229675 -0.187924 -0.466371 0.236694 -0.293015 0.767226 
-0.293176 -0.015851 -0.282745 0.470167 0.190700 0.271271 -0.175476 -0.370026 
-0.531951 0.447296 0.346558 0.200378 0.205078 -0.270233 0.073792 0.237122 
0.060834 -0.001556 0.079812 -0.440735 -0.181488 0.426331 -0.239075 -0.477600 
-0.125760 -0.080811 0.264554 -0.385773 0.420685 0.367432 0.216466 -0.137268 
0.394922 0.081461 -1.023278 0.057007 0.194733 -0.185608 0.322468 -0.246941 
0.317698 0.473253 -0.035443 0.256226 -0.349914 0.204639 0.010718 -0.013412 
-0.362805 0.691654 -0.062578 0.299202 0.184420 -0.400188 -0.019806 -0.458415 
-0.101240 0.055111 0.005507 0.143854 -0.176349 -0.059845 0.091492 -0.284512 
-0.068753 -0.036738 -0.761836 -0.791808 0.413239 0.309540 0.017212 0.264771 
0.398041 -0.491862 0.274425 0.172858 0.409605 -0.497279 0.024781 1.527947 
0.689935 0.141682 -0.219933 -0.255998 -0.484172 -0.399565 0.424972 1.046884 
-0.280168 0.236463 0.312027 0.095067 0.121134 0.445650 0.153802 -0.064925 
-0.190571 -0.027038 -0.129788 0.072911 0.005916 -0.400749 -0.287517 -0.481798 
0.306757 -0.167949 -0.057605 0.479723 0.355393 0.334186 -0.077725 -0.276900 
0.300307 -0.219297 -0.165703 0.403526 0.500070 0.044560 3.995720 1.793338 
0.094762 -0.291418 -0.276898 -0.082424 -0.707513 -0.624518 1.524220 -0.146261 
-0.206618 -0.238973 0.337726 -0.217624 -0.280070 -0.308896 -0.042278 -0.417114 
-0.252106 0.000866 0.183563 -0.429474 -0.489410 0.242401 0.005848 0.582464 
0.242067 -0.409545 -0.093994 -0.184692 -0.488496 -0.300079 -0.045412 0.810847 
3.221729 1.301570 -0.149963 3.617276 0.354033 -0.330946 0.347105 1.033209 
1.839978 1.910029 -0.381957 0.245423 0.150029 6.441187 0.383634 1.109134 
1.156712 1.680153 0.079228 0.454387 0.347178 1.698522 0.568772 0.407791 
-0.126403 0.606287 -0.148951 0.389331 0.657477 -0.992275 0.869705 0.822499 
0.663575 0.379248 -0.255216 2.072618 5.808507 -0.423095 0.240113 0.099607 
0.727638 0.283626 -0.143368 2.158204 0.045597 -0.013916 -0.217316 -0.220398 
0.477936 -0.119035 0.460846 -0.165985 -0.484375 -0.044678 0.110413 0.378577 
-0.092293 -0.254595 -0.443540 -0.285438 0.345734 0.165894 0.373989 0.213450 
0.014380 -0.393866 0.340740 0.179268 0.126946 -0.071730 0.206844 -0.376465 
-0.028931 0.038865 -0.188822 0.602295 0.548692 -0.543539 0.311194 0.355337 
0.441101 0.300079 0.145327 -0.143754 -0.107558 -0.180794 0.310791 -0.255396 
0.114258 -0.321554 -0.393432 -0.135559 0.123389 -0.406708 0.932700 0.761636 
-0.217832 0.364006 -0.198120 -0.414490 -0.009521 -0.349182 0.229584 -0.425347 
-0.079398 -0.501137 0.358856 0.203186 -0.033051 -0.235046 -0.378906 0.050232 
0.345978 0.257202 0.487701 0.410187 0.432617 -0.223816 -0.012665 0.493408 
-0.189575 -0.093170 -0.463684 0.866093 0.482727 -0.345154 0.080994 -0.154297 
0.421417 -0.117035 -0.447113 0.349614 0.428314 -0.436340 -0.363770 0.140228 
0.308899 -0.156433 -0.153443 0.205124 0.358765 -0.079712 -0.068909 -0.444427 
0.162240 -0.267981 -0.442312 0.422178 -0.295715 0.459717 0.349652 0.478363 
-0.206792 -0.121611 0.207101 0.280239 -0.201660 0.296814 -0.054542 -0.434265 
-0.234479 -0.067013 0.266778 0.242745 0.438969 -0.011139 0.006256 -0.192230 
-0.370922 0.067719 -0.273454 -0.049846 0.359884 -0.402039 -0.392944 -0.409851 
0.109863 -0.049438 -0.081639 -0.432622 0.262983 -0.433647 0.122972 0.072610 
-1.013273 0.599406 1.638512 -0.214565 0.442371 -0.128585 0.227330 -0.865184 
-1.239566 -1.314905 1.339350 -0.781228 0.704223 0.135582 -1.002689 -2.018121 
0.269191 0.199480 -0.733532 -1.166064 -0.391864 -1.356156 -2.075498 -0.691872 
1.515855 0.630601 0.240556 -0.805553 -0.829210 -0.107021 -1.277120 -2.565030 
-0.693850 0.026523 0.530964 0.427747 0.166619 0.682257 2.833412 0.592826 
-0.508305 -0.400120 -0.594927 0.140913 0.572730 1.225390 0.047402 -0.577140 
-0.237836 -0.497521 -0.233694 -0.356830 0.296470 -1.229128 -2.642168 -0.404472 
-0.477543 -0.220032 0.353685 0.393279 0.145019 -0.056968 0.187579 -1.163226 
-0.857258 5.272579 6.805195 0.080088 -0.626531 0.208081 -1.165632 -1.662965 
-3.454705 1.597838 8.870705 0.040033 -2.757897 2.119662 -1.116114 -2.359960 
-2.381044 -2.930903 -0.977283 0.928342 -2.704612 0.509290 -6.067979 -1.193657 
-2.185742 -0.267389 -0.528517 -2.851093 -6.046744 -7.300790 -6.140450 0.175579 
-0.222043 -1.125631 -0.149560 -2.674255 -7.494195 -7.761222 -5.882113 1.285954 
-0.091460 -0.935036 -1.704126 -4.833131 -6.656180 -7.909513 -3.036950 -0.092838 
-0.164884 1.569691 -0.887785 -0.591663 7.431027 0.584220 2.058496 0.346187 
0.356384 -0.433624 -0.092879 0.468079 -0.266663 0.456210 0.304690 0.175523 
-0.765680 1.465521 2.736846 -0.669244 0.046655 -0.079860 -0.267699 -0.523890 
-0.443314 1.271066 1.987177 -0.579724 -0.773851 -0.398013 1.339966 0.011236 
0.371216 -0.360443 0.857036 -0.206477 -0.995253 0.178708 1.499535 0.358882 
0.111523 -0.331451 0.292786 0.028642 -0.185485 -0.174437 0.027793 -0.054028 
0.054618 0.018585 0.462854 0.182105 -0.474060 -0.037970 0.097801 0.323074 
-0.097966 0.074734 -0.047971 -0.542599 0.124664 0.279479 0.194480 0.142303 
-0.381304 -0.042176 -0.161067 -0.383772 -0.041290 -0.076449 -0.519634 -0.221619 
0.354614 0.130066 -0.250643 -0.251831 0.376190 0.329651 0.027130 -0.051788 
-0.092163 0.017609 0.380546 -0.263336 0.233323 0.031036 0.292938 0.258118 
0.311218 0.189758 -0.102621 0.039368 0.049044 -0.451752 -0.283905 0.397461 
-0.451597 0.460144 0.012917 -0.207451 -0.247107 0.455139 -0.019012 0.201111 
0.168500 -0.091661 0.292828 0.419555 -0.384335 -0.357025 -0.111047 -0.155506 
0.356607 0.031165 -0.085690 0.494844 -0.341950 0.409191 -0.050513 0.626781 
-0.081696 -0.477910 -0.229467 -0.184449 0.264233 0.407950 -0.347911 0.441376 
-0.256195 0.102122 -0.621058 0.330345 1.232751 0.383374 -0.317505 0.348358 
0.279938 0.291382 0.264221 -0.270338 -0.630564 -0.377209 -0.111871 0.373964 
0.410369 0.037899 0.376871 0.479132 -5.305969 -0.622042 -0.004204 -1.305328 
-0.247463 0.280673 -0.323273 -0.003059 0.266194 0.724724 -0.328579 -1.345497 
-0.142036 0.195991 0.017880 0.008306 0.556815 0.416188 -0.642678 1.144886 
-0.362146 -0.032959 0.113823 -0.075836 -0.221731 1.166053 1.342333 -0.010638 
0.778803 -0.237421 -0.340689 -0.231679 0.459199 -0.235041 -0.514371 -0.368364 
1.186473 0.599783 1.469370 1.565931 0.192906 0.128229 -0.421543 -0.028197 
0.408509 -0.201257 0.622026 0.745591 0.154795 -0.459324 0.208135 -0.510405 
-0.109510 -0.129375 -0.172333 0.674801 -0.477739 0.452284 0.117114 -0.471955 
0.493622 -0.069854 -0.229520 -0.280511 0.444628 0.728709 -0.117068 -0.473429 
-0.325923 -0.747327 -0.342443 0.370845 -0.001459 -0.862645 -8.408981 -2.336000 
-0.174511 -0.442524 -0.762107 -0.480723 0.177783 -3.444024 -9.728848 -2.616111 
-0.128842 -1.449444 -18.870604 -2.624310 1.204331 1.207761 1.417127 1.199564 
-1.187683 -2.783190 -8.979586 -1.178553 7.076513 7.019310 7.488699 1.496405 
0.870438 0.257850 -0.014800 0.198329 8.781391 7.860968 7.276147 2.373420 
0.394942 0.197336 -0.819238 0.441614 6.769689 6.561576 6.954349 1.831688 
-0.020387 -0.311890 -0.179626 -0.394714 0.042084 -0.152954 -0.465612 -0.401366 
-0.306585 0.948356 -0.255943 0.080184 0.261916 0.163209 -0.112557 -0.637699 
0.112870 0.109381 0.291525 0.393280 0.646123 -0.696842 -0.866040 -0.050838 
-0.222850 0.072021 0.409637 -0.016199 0.229828 -1.406921 -2.946431 -0.508998 
0.365583 0.094067 0.003601 0.366333 0.133762 -0.622466 -2.394389 -1.502280 
-0.255192 0.554398 0.124695 -0.219942 -0.246690 0.151794 0.130540 -0.175444 
0.262091 0.218752 0.611506 0.212043 0.526006 -0.343475 -0.356074 -0.326603 
0.147369 -0.210967 -0.249593 0.950348 -0.326631 -0.148315 -0.287999 0.190114 
0.196503 -0.435883 -0.374817 -0.125353 -0.464142 -0.109802 -0.306885 0.101471 
-0.145874 -0.169220 0.142639 0.109161 0.006195 0.124572 -0.103302 0.259644 
0.065552 0.339569 0.113373 -0.264148 0.185516 -0.109202 -0.046539 0.134430 
-0.226837 0.038438 -0.339355 -0.076325 0.031701 0.074205 -0.046021 0.216980 
0.478973 0.103003 -1.895723 -1.435759 -0.367295 0.444929 0.095306 0.233759 
-0.159737 -0.489380 -1.537319 -0.875611 0.283658 -0.317815 0.201388 -0.073138 
0.240570 -0.139557 -0.262461 -0.354751 -0.249637 -0.395194 0.493837 0.113127 
-0.188843 -0.211945 -0.217628 0.186707 0.128200 -0.412410 -0.280045 0.039429 
0.408264 0.319000 -0.375122 0.143860 -0.492998 -0.499845 0.253717 -0.025917 
-0.433043 0.080199 -0.074936 0.206237 -0.111213 0.181692 0.195505 -0.334574 
0.061243 1.221734 6.147946 5.314705 -0.248673 -0.405211 0.119635 2.289465 
-0.096360 0.679160 0.178324 0.774835 -0.161397 -1.290937 -0.405801 -0.184182 
0.429721 0.547695 0.366374 3.388920 0.624121 -0.417013 0.714976 0.210245 
0.950164 1.228936 0.688136 -0.187773 -0.853937 0.263362 1.003603 -0.179086 
2.327009 3.279318 1.011040 -1.510241 -1.683299 -0.502659 -0.102047 -0.178301 
0.176871 0.100293 -0.270882 -0.687817 -0.714578 -0.364182 0.052825 -0.163858 
0.414807 -0.225584 0.202301 0.339203 0.118555 0.204376 -0.207794 0.208776 
-0.793683 -0.645970 -1.294990 -0.499979 0.167988 0.091033 0.184508 0.048894 
-1.895061 -2.142907 -2.166000 -0.231836 -0.014973 0.340859 2.735243 0.869885 
-1.221544 -1.987394 -1.867406 -0.023817 0.671247 0.357163 -0.254119 -0.297466 
2.323591 -0.777880 -0.176971 5.364532 3.711999 0.475896 2.779629 0.162996 
0.894602 0.991320 0.626515 13.611973 2.379133 0.005308 0.340540 -0.582994 
0.330209 -0.070350 -1.179721 11.915663 -2.149096 -0.343599 1.444335 2.447008 
0.399964 0.649098 0.288363 1.238964 -1.002478 0.347184 0.639625 0.754045 
-0.271425 -0.253784 -0.259735 -0.254303 -0.157336 -0.383942 -0.001892 0.472981 
0.469881 -0.263722 0.166991 0.301211 0.468328 0.184629 0.237773 -0.491826 
0.334464 -0.261074 -0.143263 0.207295 -0.276859 0.019410 1.006432 0.564926 
0.015280 -0.195564 0.163147 0.302124 0.110705 -0.252238 1.010725 1.800147 
0.226050 0.053121 0.092977 0.261047 0.019287 -0.367811 -0.315597 1.549032 
0.671051 0.730621 0.282952 -0.467743 -0.201450 0.060051 -0.126099 0.065271 
-0.383286 -0.096590 0.659022 -0.120958 0.051291 0.249179 0.488098 -0.453701 
0.005791 -0.429291 0.789630 0.479973 -0.882737 0.445016 0.174408 0.189364 
0.417687 0.059937 -0.378448 -0.191345 0.292808 -0.042175 0.485321 0.453247 
0.149292 -0.153656 0.271851 -0.010773 -0.134451 0.226563 0.675908 0.350281 
0.184357 -0.167603 -0.381897 0.102203 -0.063397 -0.117584 0.124958 -0.148865 
0.325500 0.144257 0.197976 0.464325 0.428669 0.030826 0.133492 0.103210 
-0.019073 0.194122 0.395431 1.339350 1.675375 0.531287 -0.330090 0.461853 
-0.323488 -0.326517 -0.183580 -0.044934 0.719910 -0.057960 -0.390221 -0.449444 
-0.372607 -0.309495 0.306458 -0.264400 -0.024716 0.169386 0.097035 0.336734 
0.314969 0.498810 0.017120 -0.275679 -0.550566 0.380217 0.374341 0.190907 
-0.005157 -0.466614 0.228973 -0.026642 -0.105286 0.912401 -0.515873 -0.770682 
0.306552 -0.108575 -0.185149 -0.717180 0.323010 -0.431030 0.333951 -0.861487 
-0.297476 -0.653426 -0.231289 -0.330218 -0.497235 -0.269012 -0.065005 -0.051630 
1.122237 -0.782113 -0.343933 -0.953692 -0.987152 -0.077462 -0.522062 -0.137967 
0.063799 -0.310176 1.317466 -0.706857 -0.237201 0.274064 0.590370 0.646499 
-0.725545 -0.383794 0.063029 -0.682900 -0.221573 -0.406285 0.233872 -0.446305 
-0.297466 -0.580895 3.408673 0.652093 0.008381 0.316551 -0.543848 -0.094504 
0.160832 0.397072 -0.052349 -0.003555 -0.067131 -0.128519 -0.005208 -0.057496 
0.423050 0.443356 -0.054626 -0.314515 0.399200 -0.168849 -0.305961 0.218824 
0.033015 -0.259874 0.060995 -0.544845 -3.839119 -3.489043 -1.000348 -0.306810 
7.208922 -0.188865 -0.466573 -0.384359 -1.294222 -4.242575 -0.101078 -1.237678 
4.517552 0.968117 0.570229 -0.444012 -0.368130 -0.516590 0.103428 -3.422545 
-2.248905 1.579561 0.438205 0.139775 -4.821099 -0.635068 3.225365 2.433828 
0.635261 -0.100162 0.159291 -0.472681 -3.498746 -0.845092 0.549646 2.379529 
5.084851 -2.714447 2.097203 0.621175 -3.546721 -3.155763 -0.362713 0.205470 
-0.699338 -0.189040 -0.187165 -0.436711 -0.465808 -0.319776 0.265795 -0.506412 
-1.365589 0.242591 0.151804 0.389282 -0.067200 0.267061 -0.036896 -0.320648 
0.098996 -0.198591 -0.023490 0.211500 -0.444290 -1.117192 -0.282459 0.309303 
-0.448323 0.182177 0.445551 -0.051086 -0.755401 -0.177920 -0.157809 0.778932 
0.135448 -0.951154 0.177845 0.282196 -0.446014 0.236029 -0.326935 -0.505374 
0.583660 -0.802183 0.280410 0.627650 0.056732 0.462769 0.005623 -0.188147 
0.336611 -0.439725 0.034314 0.216800 -0.065155 0.083243 -0.240290 -0.358154 
0.292855 -0.397063 0.028311 0.607976 -0.109419 -0.390617 0.221568 0.374237 
-0.339590 -0.352137 0.453003 -0.407943 0.293501 0.448883 0.356285 -0.190063 
0.448323 0.218440 0.236298 -0.468842 -0.496643 0.043410 -0.096252 -0.496521 
0.293335 -0.435699 0.285095 -0.106293 0.456421 0.031629 0.279785 0.103748 
0.167664 0.168243 0.272491 -0.002258 -0.068024 -0.072443 -0.099396 0.112772 
-0.242035 0.211761 0.134308 -0.165902 -0.355682 -0.395115 -0.341986 0.396265 
0.378632 0.263336 -0.368469 0.117907 -0.801453 -0.870264 -0.422464 -0.021955 
0.466248 0.216280 0.096727 -0.064667 -0.401073 -0.328528 0.351697 0.184419 
0.130253 0.382586 0.725625 -0.184296 -0.174676 -0.333634 -0.162619 -0.719873 
-0.228264 -0.276837 -0.263855 -0.304657 -0.113829 -0.360684 -0.190033 -0.436627 
-0.879550 0.434509 -0.423523 -0.443970 0.118652 0.079681 0.344028 -0.492365 
-0.030084 0.464984 0.184326 -0.389246 2.540082 -0.279909 0.243594 0.227015 
0.748773 0.474161 3.229894 -0.208814 1.011138 1.479925 0.621204 0.105622 
1.409158 -1.081988 2.500563 -0.727048 0.906995 1.084668 -0.222523 1.332498 
4.204054 -0.217230 -0.543868 0.457601 0.490987 -0.961208 0.354350 1.434284 
-1.240403 -2.527043 -0.429260 0.215990 0.133844 0.110137 0.121166 -0.475331 
-1.056685 -0.297807 0.501522 0.896219 -0.160646 -0.128006 -1.016026 0.572045 
0.616056 0.255068 0.150090 0.045749 0.111109 -0.631720 -0.746978 0.380174 
0.769896 0.329705 -0.195559 -0.114580 -0.213502 0.478821 -0.334892 0.448173 
0.466301 -0.204083 -0.239686 -0.465275 0.298422 -0.262404 -0.104720 0.508398 
-0.349742 -1.162093 -0.105618 -0.141884 0.067695 0.244694 0.856937 -0.139202 
0.868903 0.481020 -0.114940 0.029705 -0.087798 -1.346270 -0.615588 -0.170489 
-0.352038 2.235245 3.375123 0.295674 0.124631 -2.593923 -0.288310 1.235185 
-0.429094 0.134286 1.161131 0.664122 -0.344699 -2.834534 -0.852858 0.366529 
0.525394 0.294209 1.373891 4.595083 -0.267104 0.906502 1.356606 0.211902 
0.585467 0.681661 1.007597 0.495813 0.236189 0.314591 0.515058 0.341061 
0.462389 0.821902 0.007309 0.033707 -0.485229 0.300262 -0.070679 -0.043396 
-0.022034 0.070055 -0.135533 -0.350997 0.230564 0.420595 0.286955 0.222445 
0.306904 0.078784 -0.105052 -0.355570 -0.031666 0.695771 0.151322 0.161054 
-0.147386 -0.466554 0.408457 0.468130 0.170135 0.378876 0.317779 -0.248399 
-0.250112 -0.226320 0.693421 -0.252229 -0.248924 0.235077 0.450104 -0.067271 
0.500299 -0.629746 -0.219828 0.279922 0.081674 -0.371399 0.029730 0.248409 
0.364685 0.383608 0.478367 -0.326242 -0.444722 -0.030966 -0.141078 -0.242116 
-0.342346 -0.104922 0.452561 -0.017822 -0.118390 0.153567 0.070960 -0.192721 
-0.278351 0.270622 0.019411 0.381836 0.311188 -0.385651 0.406964 -0.247772 
-0.213745 0.484650 -0.317627 0.316986 0.279083 0.012909 0.068557 -0.201141 
-0.465472 -0.152863 -0.423462 -0.197296 -0.323822 0.369873 -0.188137 0.223755 
-0.408704 -0.237061 -0.005951 0.468292 0.131858 -0.115906 0.430419 0.386925 
0.379464 -0.043213 0.102173 -0.380280 -0.360810 -0.227618 -0.456187 0.224337 
-0.103937 -0.497894 0.415908 0.388878 -0.084747 -0.354952 -0.015146 0.263851 
0.041111 -0.061123 -0.237263 0.829428 0.456024 0.474406 0.387976 0.428079 
-0.252535 0.061279 0.450191 -0.486237 -0.437775 -0.086707 -0.151047 -0.276698 
-0.322902 -0.401393 0.167358 0.391876 0.183624 0.491364 -0.055847 -0.251330 
0.091954 0.352138 0.321579 -2.446354 -1.345759 -0.065435 0.052902 -0.521826 
-0.169305 0.218802 -1.150826 -2.079665 -0.245807 -0.202601 -0.214269 -0.296179 
-0.419775 0.985941 -4.001416 -1.622715 0.324883 -0.043834 -0.252506 0.363397 
0.120933 0.415308 -0.932787 -6.492349 -0.651066 -0.571518 1.176934 -0.135320 
-0.545199 -0.542895 -0.212826 -1.863353 -1.627636 -0.825453 0.184499 -0.459083 
-0.021879 0.279142 -0.194108 -0.902272 -1.501720 -0.384765 -0.384154 -0.622042 
0.211957 -0.171558 -0.184145 -0.484810 -0.351775 -0.404377 -0.385159 -0.179600 
0.032998 0.342408 -0.486971 -0.682088 0.125846 0.001649 0.049316 -0.024569 
0.320752 0.052930 0.065979 -0.667344 -0.380909 -0.361682 -0.215542 0.273471 
-0.140054 -0.075102 -3.404261 0.153860 -0.170420 -0.191820 -0.519767 -0.935768 
0.190252 2.187617 2.388021 0.191631 0.078535 -0.520239 -0.394285 -0.514275 
0.349347 1.147757 1.372249 0.058732 -0.017012 0.191567 0.482003 -0.161602 
-0.315654 -0.613603 0.350386 -0.693690 -0.132727 -0.169297 0.396032 -0.294579 
-0.662083 -0.977302 -4.101266 -7.805381 -1.673044 -1.118418 -0.964486 -1.007355 
-0.186016 -0.794876 -5.344131 -3.729871 -0.326427 -0.188125 1.583183 -0.217255 
0.372378 -0.595145 0.076835 0.385525 0.169352 0.215485 0.396759 -0.192689 
-0.439331 -0.141510 0.253372 -1.430638 -0.300560 -0.035793 -0.697349 -0.188349 
0.226653 0.414503 -0.773783 -1.816595 0.097643 -0.370919 -0.223711 0.338278 
-0.289552 0.674414 -0.016869 -0.682107 0.428310 0.154388 -0.359558 -0.014917 
0.373823 0.497719 0.482637 0.243773 -0.480316 0.315254 0.452850 -0.017212 
0.316359 -0.223433 0.098141 0.429004 -0.074639 0.226455 0.232849 -0.463549 
-0.425399 0.431976 -0.097125 0.000040 -0.448411 0.219662 -0.502781 -0.288159 
0.360033 0.429535 -0.387889 -0.411022 0.424133 0.437113 0.333508 -0.533814 
-0.131532 -0.082031 0.343254 -0.106527 0.335114 0.203217 -0.380707 -0.324118 
0.128052 0.107361 -0.036316 -0.240936 -0.166565 -0.372345 0.230255 0.149811 
-0.272186 0.352097 0.030243 0.017120 -0.332306 -0.203888 0.477600 -0.270076 
0.263245 0.280495 0.269104 -0.079681 0.364716 0.069507 0.076904 -0.029938 
-0.394965 -0.225464 0.253723 0.431000 -0.207764 0.153491 -0.034481 -0.066209 
-0.421366 -0.109304 -0.054718 -0.193955 -0.285568 -0.032670 0.328218 -0.064520 
-0.239098 -0.321559 0.026682 -1.357103 0.592201 0.148468 0.076012 0.201020 
-0.493065 -0.136688 -0.392647 -0.922299 0.059418 -0.350952 -0.163861 0.085546 
-0.495938 0.199033 -0.559315 -0.019104 -0.410309 0.035156 0.349701 0.353973 
-0.023882 -0.149450 -0.016979 0.436890 0.772757 0.959444 -0.655996 0.302776 
0.307497 1.890290 -0.151713 0.490394 1.846066 2.520139 0.087105 0.304574 
1.089805 1.936965 0.286946 0.992650 2.861714 0.103845 -0.586955 -0.482644 
0.335814 -2.474419 -0.817074 -1.952948 0.224483 0.302229 -1.401988 -0.898112 
-0.282279 -0.047080 -0.416322 -2.691759 0.258320 -0.641963 -1.000670 -0.693916 
0.761832 0.169642 0.136363 -1.344646 0.746074 -0.201467 -0.563396 -0.579083 
1.891542 1.971053 0.726200 0.179245 -1.066799 -0.131270 -0.493321 -0.785891 
0.362688 -0.855404 0.263450 0.022284 -0.090802 -0.255909 0.220822 0.466248 
0.672768 0.299440 0.553162 -0.100970 -0.326640 0.209156 0.244395 0.257749 
-0.132461 0.278290 1.020381 2.101137 1.622392 0.158746 0.555640 1.145131 
-1.112042 1.343994 5.123333 2.369363 0.359254 -0.152832 0.328146 1.058390 
0.032889 0.077985 -0.493167 -0.319410 1.213090 -0.662792 0.608262 -1.514949 
-0.028732 -2.359334 -1.125182 -0.382199 1.118373 0.187992 -0.315915 -0.394227 
-0.219954 -0.087464 -0.886580 3.265920 8.748013 -2.796301 -1.880842 -2.302815 
-3.373346 12.013662 1.428776 4.050104 5.293139 -1.086148 0.116899 -1.278293 
-1.269622 0.888397 1.589525 1.879898 0.689210 -0.474934 -0.134552 -0.268463 
0.362343 -0.288849 0.024353 -0.296943 1.354604 0.319809 3.005484 0.036760 
0.238836 1.162010 0.730299 0.628308 0.924212 1.877182 0.859644 0.254214 
0.673683 1.592744 0.476165 0.526564 0.543728 1.630264 0.326263 -0.005310 
0.195223 0.213044 -0.520252 0.575821 0.433720 -0.488219 -0.719163 -0.329895 
0.438416 0.473695 -0.008361 -0.030176 -0.229368 -0.479862 0.342889 -0.430969 
0.608908 -0.073228 0.247772 -0.560360 0.290301 -0.114877 0.371513 0.687307 
0.173697 -0.401747 -0.272125 0.042941 -0.051881 0.481476 0.268461 -0.689316 
0.996332 -0.418933 -0.208954 0.560318 0.211955 0.299194 -0.083618 -0.154846 
-0.024782 -0.067505 -0.370972 -0.280029 -0.380524 0.390076 0.293274 -0.396088 
0.284688 0.233917 0.137981 0.140930 0.406525 0.010681 0.002319 -0.484680 
-0.089337 0.316162 0.480874 -0.327576 -0.130646 -0.327698 0.189534 0.351776 
-0.093652 -0.122071 -0.047296 -0.067047 -0.218109 0.203766 0.172564 -0.095986 
0.091468 0.029316 -0.194133 0.280365 0.132852 -0.223033 0.435704 -0.168850 
-0.054561 0.168955 -0.374290 0.041163 1.077079 0.390645 -0.431274 -0.641567 
-0.481323 1.102145 -0.109539 -0.259011 0.293297 0.377655 0.332642 -0.064638 
-0.403860 0.843087 0.396496 -0.018955 -0.163208 0.210999 0.006470 -0.497559 
-0.114258 0.612209 0.515340 0.043324 0.105787 1.983614 2.742977 1.464611 
-0.288892 -0.777351 0.002324 0.411969 0.298159 4.928142 1.226027 1.909890 
-0.364280 -0.902491 0.557686 -0.257231 -0.250881 2.788521 0.197330 -1.476640 
-1.324004 -0.154722 -1.181185 0.464754 0.072209 0.216767 1.236185 -1.081188 
-0.185592 0.121072 -0.806019 2.573250 -0.680100 -1.457946 0.902168 -0.314494 
0.051660 0.370510 -0.554354 -0.386319 -0.197397 -8.512102 -2.335347 -1.462149 
-1.349471 -0.029005 0.246536 0.101266 -3.241514 -6.747662 0.423043 0.313580 
0.226488 -0.273945 -0.409921 -0.932232 -1.702966 -0.581559 -0.240905 0.399041 
-0.173859 -0.120972 -0.488037 -0.448792 -0.249814 -0.269231 0.440460 -0.482880 
0.106862 -0.021216 -0.317507 -1.095312 -0.339428 -0.058071 0.167480 0.180578 
0.952071 -0.475768 -0.292513 0.890432 2.965136 1.818492 0.364271 0.001318 
0.310329 0.884755 0.686022 0.641755 3.259147 3.200622 0.587330 0.351143 
0.995884 0.470160 -0.712302 0.630648 0.299056 0.047323 1.572237 0.283338 
0.347677 0.502807 0.833574 0.672879 5.250110 4.804151 2.746552 0.998485 
3.979124 4.023759 -0.176344 -2.194068 3.775145 4.863557 -0.300836 -0.223001 
0.864102 -0.035005 -0.500845 -27.434778 -34.206402 -0.328316 -0.164673 0.229218 
-0.102264 0.112772 -0.444153 0.113129 -0.338196 1.279299 0.382847 0.453572 
-3.312219 -3.630096 0.001768 0.158124 0.302741 1.652368 0.066722 0.279883 
-3.151951 -3.983047 0.286426 -0.327574 -0.030327 -1.088506 -0.188709 0.218262 
-0.460815 -0.618040 0.189632 0.700308 -0.513388 -3.276882 0.123444 0.438025 
0.344513 0.311249 0.421076 0.800222 -0.616456 -0.059501 -0.066152 -0.439251 
-0.248566 0.397485 -0.578313 0.259460 0.127919 0.086165 0.305803 0.001551 
-0.452595 -0.149327 0.105885 -0.299835 -0.490334 -0.157964 -0.024872 0.497342 
-0.127384 0.041296 -0.144327 -0.297089 -0.023479 0.321490 -0.160278 -0.310638 
0.358276 0.485965 0.178406 -0.300354 0.137177 -0.199768 -0.251892 -0.359894 
-0.254028 -0.064112 0.386658 -0.200492 0.392670 -0.486450 -0.315491 -0.369263 
0.289032 0.191426 0.065033 0.423753 0.136902 0.209839 0.176941 0.075596 
-0.073059 -0.229085 -0.407302 -0.385244 0.050079 -0.125916 -0.140015 -0.440926 
-0.192365 -0.028364 -0.257629 -0.138603 -0.284241 0.237983 -0.002384 0.230469 
0.468006 -0.172409 0.486849 -0.133220 0.377003 1.077997 0.182503 0.059235 
0.440061 0.589916 0.391170 -0.277695 -0.510163 -0.258468 -0.192719 -0.223999 
0.351921 0.222011 0.400979 -1.261042 0.103522 -0.481079 0.414490 0.474396 
0.465668 0.104004 0.201367 0.255361 -0.312950 0.394299 -0.238258 -0.340696 
-0.396736 0.097169 0.117291 0.313569 -0.131355 0.114725 -0.587573 -0.151173 
0.426556 -0.178302 -0.026210 0.329735 1.350655 0.076322 -0.632769 -0.402450 
0.404250 -0.140694 -0.034572 0.261072 0.203211 0.523857 0.281280 0.396479 
-0.175451 0.062087 0.045329 0.291704 -0.028620 0.569816 0.000618 0.248100 
0.571899 -0.442619 0.088324 -0.085596 0.056504 -0.553125 -0.036242 0.877290 
0.591236 0.221479 -0.313213 -0.080076 0.134838 0.100177 0.121619 -0.221828 
-0.243497 0.270896 0.998019 -0.380998 -0.046288 0.069077 0.183843 0.278298 
0.477631 0.393433 -0.044194 -0.272217 -0.173309 0.155991 0.413182 -0.292949 
0.345669 0.450847 -0.342053 -0.374420 0.217871 0.590778 -0.228198 -0.145183 
0.197066 0.460148 -0.153691 0.206909 2.260957 1.829667 0.476533 0.049282 
-0.172224 0.471566 0.187213 0.111578 0.359491 0.845828 0.677002 -0.386144 
0.100485 0.016101 0.164789 -0.399413 0.280539 0.540335 0.968259 0.429249 
0.473419 1.559762 0.403109 1.833537 2.543662 1.990713 0.526933 1.423392 
2.434570 7.972943 0.967971 2.714235 2.782080 3.302155 0.625257 -0.244206 
0.186176 0.331542 0.168741 1.732652 1.464583 2.320772 0.246929 -0.187437 
-0.347931 -0.351349 0.346337 0.060028 0.056427 -0.009855 -0.334203 0.173140 
0.474921 -0.209527 0.211753 0.159964 0.396378 0.137129 0.146020 -0.208087 
-0.214297 0.154151 0.294307 -0.071431 0.258114 0.298130 -0.443309 0.274410 
0.269836 -0.410156 -0.451885 -0.492103 0.066633 -0.235794 -0.175186 -0.060359 
-0.488325 -0.230225 -0.183594 -0.311376 0.339720 -0.215496 0.066191 0.227446 
0.470998 0.251343 0.519014 0.192185 -0.148529 -0.497465 0.070331 -0.145353 
-0.092292 -0.302348 -0.178461 0.114126 0.108673 0.200135 0.037979 -0.313599 
0.419090 0.315585 0.403557 0.075245 -0.296783 0.012020 -0.111205 -0.267975 
0.246704 0.189941 0.216967 0.198120 -0.113403 0.358063 0.094818 -0.234619 
-0.448212 -0.007233 0.291577 0.116852 0.212930 -0.195221 0.024170 -0.274139 
-0.377869 -0.196014 -0.366299 0.076752 -0.245810 0.176331 -0.388397 -0.301758 
0.303325 -0.026642 -0.201757 -0.014266 0.102185 -0.386017 -0.102020 -0.024567 
-0.437091 0.208180 0.103972 -0.446823 -0.121054 -0.361115 -0.417145 0.221974 
0.054626 -0.406601 -0.379553 0.264845 0.044126 0.206384 -0.378930 0.564806 
-0.323669 -0.265210 0.002864 0.496226 -0.486622 -0.191412 -0.237014 -0.002899 
0.137573 -0.257488 -0.030053 0.304507 -0.130454 0.479042 0.073700 -0.230194 
-0.480560 0.337646 -0.130005 0.261872 -0.172121 -0.250844 -0.465253 -0.386342 
-0.049796 0.010690 0.178357 0.153891 -0.090460 0.162429 -0.371959 0.502031 
-0.301933 -0.049895 1.177382 0.517899 -0.308410 -0.007697 0.177133 -0.064604 
0.776413 0.187713 0.630155 0.857642 -0.262309 -0.280512 -0.870452 0.276894 
0.740366 0.062798 0.131683 0.142831 0.359115 0.183748 -1.281310 -0.149786 
-0.368852 -0.692367 0.345663 -0.353958 0.118960 -0.184623 0.290466 -0.096238 
-0.174878 -0.651583 -1.232401 -1.662385 -0.487269 -0.374623 -0.438294 -0.190225 
-0.280273 -0.266207 -0.935791 0.769828 0.214066 -0.164623 0.124416 -0.383972 
-0.340127 0.412200 -0.496216 -0.251000 0.379425 -0.026367 0.303533 0.034938 
0.023120 0.437865 -0.382887 -0.210384 0.429342 -0.343867 -0.695889 2.718876 
2.253734 1.941385 0.296775 0.504288 -0.437505 -0.776624 -1.049738 3.267600 
3.004091 2.357336 0.911943 0.975353 -0.101109 -0.832220 0.106712 2.852766 
2.706794 1.964362 -1.043958 0.485359 -0.756664 -1.028734 -0.634699 -1.444901 
-0.391308 0.299146 1.840564 0.249288 -0.706680 0.084812 -0.280974 -1.120972 
-1.361337 -0.497357 11.077961 10.663446 -0.367167 0.242028 -0.628903 -1.249008 
-0.164424 0.649129 4.086388 3.700285 -0.209931 -0.264117 1.187028 -0.046320 
0.130280 -0.266510 -0.104096 -0.099831 0.057739 0.361664 0.303406 -0.197964 
0.414352 -0.024683 0.733597 0.548954 -0.158314 -0.068214 0.365541 0.512259 
-0.047697 0.441917 -0.109292 0.695964 -0.180867 0.226985 0.239428 0.575283 
-0.229787 -0.048279 -0.297272 0.430066 -0.486146 -0.181040 0.181167 -0.203906 
-0.533675 0.257892 0.058502 0.394348 -0.175553 -0.166811 -0.376866 -0.269324 
-0.016858 0.358582 0.317688 0.172297 -0.360695 -0.287384 -0.002373 -0.397287 
-0.210838 -0.398058 0.354690 0.285554 0.395869 -0.143188 -0.080800 -0.318512 
-0.071350 0.266713 -0.222599 0.615276 -0.410921 -0.370483 -0.425728 0.486911 
-0.015961 -0.377747 -0.070740 -0.060029 0.367706 -0.436371 -0.166626 0.479797 
0.222107 -0.113281 0.341675 -0.031617 0.106903 0.308312 -0.478729 0.300720 
-0.164673 0.273376 -0.477936 -0.283391 -0.039185 -0.002711 -0.030640 -0.322998 
-0.424377 0.290559 -0.331055 -0.418304 0.206865 -0.263936 -0.375336 -0.442169 
0.317017 -0.198136 0.342332 -0.180194 -0.220204 -0.507172 -0.396881 0.176599 
-0.200448 0.031860 0.098322 -0.318675 0.126537 0.258545 0.255727 0.056108 
0.691604 -0.234070 0.108629 0.073979 0.301544 -0.377928 -0.285092 0.165117 
-0.068085 0.263489 0.278042 -0.099868 -0.375939 -0.257449 0.616806 -0.111267 
-0.452911 0.398682 0.486572 0.062500 -0.175940 0.157289 -0.009988 0.158891 
-0.469441 -4.532656 -5.120732 -0.915853 0.157786 -0.561026 0.202022 -0.531484 
-1.494694 -1.567455 -3.506629 0.485725 -0.398379 -0.091364 0.350913 -0.667028 
-0.539975 -0.815019 0.028073 -0.569146 -1.706795 -0.674821 -0.504335 -0.379214 
-0.932713 -0.139062 -0.429094 0.060731 -0.217047 -0.580115 -0.825076 -0.382620 
-2.123991 1.700429 0.358068 -0.004420 -0.862503 0.535747 -0.049588 -1.034003 
1.318643 1.062627 -0.085648 -2.391558 -3.515246 3.772048 0.215662 0.536778 
0.028354 -0.207840 0.335093 -1.212536 -1.504122 1.441305 -0.089736 0.131821 
0.404704 0.386351 0.477740 -0.112671 -0.094724 -0.309448 -0.119171 0.102135 
-0.254677 0.401609 -0.075466 3.968343 3.851032 -0.442207 -0.220111 0.072464 
0.690441 0.512534 -0.357071 1.725555 7.786544 -0.360693 -0.664038 -0.914617 
0.487148 0.096484 0.138528 1.007011 1.265927 -0.183343 -0.851937 -1.438075 
-2.131274 -0.526898 -0.709032 0.481046 0.665219 2.811243 0.740451 0.354396 
0.978184 0.139549 -0.561966 -0.159064 0.063922 44.210506 44.448483 2.905429 
1.015738 -0.129381 -0.936381 -0.185076 -0.629696 62.927456 47.823139 4.305215 
-0.551557 0.244942 -0.134604 0.901824 0.384130 47.082077 46.365891 3.479082 
-2.277148 -0.009687 -0.295502 0.134518 0.186103 -0.243866 -0.336060 0.414063 
-0.317947 -0.495239 -0.268220 -0.475413 0.605161 0.496479 0.187454 0.040285 
0.277169 0.102853 -0.358510 0.248852 -0.086492 -0.408902 0.192225 0.268558 
-0.385790 -0.187127 -0.083282 -0.217010 -0.331342 -0.283387 0.474235 -0.335146 
0.095380 -0.445727 -0.490974 0.056976 0.477264 0.384522 0.124781 -0.235622 
-0.103787 0.431844 -0.212259 -0.013580 -0.228186 0.789480 -0.310547 -0.276120 
0.260639 0.013769 -0.324956 -0.525929 -0.754595 1.527312 0.182709 -0.002524 
0.535990 0.250031 -0.145343 0.071332 -0.475320 0.110318 0.366974 0.356771 
-0.029170 0.256958 0.130707 -0.248535 -0.018010 -0.083130 0.463745 0.283325 
0.256958 0.123688 0.043671 -0.269531 -0.075882 -0.247772 -0.261897 -0.144684 
0.428680 0.226379 0.373535 -0.318695 1.418562 0.396179 -0.180131 -0.473846 
0.243591 0.227234 -0.292502 -0.152496 -0.295655 0.006878 -1.609159 -0.098785 
0.481964 0.137146 -0.126756 0.250932 0.213318 0.180141 -0.992130 -0.143646 
-0.351085 0.333227 0.404562 -0.431238 0.236539 -0.315471 -0.412618 -0.422841 
0.267745 -0.125750 0.147339 -0.441650 0.445315 0.206784 0.315299 -0.254389 
0.206761 -0.027985 -0.175659 -0.273376 0.254977 0.235252 0.346477 0.467529 
0.048615 -0.212891 -0.387817 -0.318604 0.165985 -0.053228 0.430480 -0.018965 
-0.231380 -0.017731 0.459083 4.247001 1.028503 0.669965 0.593303 -0.198404 
-0.854565 -0.554653 0.383716 4.929935 1.127024 0.343886 1.499050 -0.745547 
-1.852910 -0.849503 0.186301 1.174953 -1.266709 -3.459377 2.081162 2.185808 
-0.784440 -3.752814 0.020566 3.675930 0.447457 -0.199994 3.116043 3.074545 
0.503269 -12.338884 -0.756000 2.644479 0.273861 -0.322500 -0.303129 0.261368 
0.027617 -0.521892 -5.322289 -0.784590 0.855742 0.346689 0.249634 -0.475832 
-1.471420 -0.522747 -1.684347 -0.068809 -0.357371 -0.026253 -0.251292 -0.260921 
0.132865 -0.254120 0.031765 -1.765822 -0.069977 -0.214914 -0.355377 -0.375244 
0.067291 -0.716643 -0.877043 -0.423016 -0.387191 -0.762365 0.405975 -0.343750 
-7.796696 -1.241385 -1.490604 4.606521 4.820357 2.637797 -0.044434 -0.066651 
-6.140690 -1.066184 -0.889733 1.026856 3.097345 3.582727 0.413221 -0.219154 
-0.761579 -1.478664 0.042739 2.509609 2.364396 3.768448 5.434156 5.253810 
-1.315244 -1.019700 -0.822455 0.566968 1.692974 0.896670 0.310870 -0.922575 
-5.481666 0.468087 -3.942949 0.859669 2.183593 1.658080 -0.820506 -0.877769 
-4.536474 -0.175393 0.266954 -0.327769 1.233089 1.578535 -0.288417 0.901161 
-9.583768 -0.329822 0.272125 0.263519 -0.119598 -0.318442 0.291351 0.463989 
-0.051941 -0.297699 -0.077698 0.335603 -1.949664 -2.833628 -0.252075 -0.504430 
-0.388580 -0.378204 -0.007236 0.395380 -2.339672 -3.134839 -0.299347 -1.253687 
0.140413 -1.859827 -0.343443 0.268768 -0.115540 -0.557595 0.397816 0.936610 
0.999620 -2.632167 0.334175 0.857989 -0.197083 0.056610 -0.125041 0.333086 
1.399436 -0.309776 0.757192 0.276175 -0.201538 0.225959 0.368513 0.017792 
1.263600 -0.483844 -0.425049 0.291446 0.404391 0.249654 0.285760 0.106628 
0.443240 -0.211424 0.417145 0.092388 0.461320 -0.137617 -0.210440 0.050995 
0.005280 -0.405945 0.216217 -0.193634 -0.475037 -0.091467 0.485992 -0.324036 
0.156281 0.203705 -0.104675 -0.098602 -0.189636 0.407006 -0.012054 -0.110352 
-0.097870 0.163025 -0.359741 0.433624 -0.163483 -0.380524 0.454163 -0.254364 
-0.192688 0.290588 0.462006 0.302826 -0.091461 0.248371 0.767197 -0.479806 
-0.441681 -0.246552 -0.240723 0.148041 0.319452 0.277224 0.593015 0.165341 
-0.473724 0.129883 -0.405573 0.410065 0.471594 0.118718 0.190871 0.205786 
0.329346 0.471832 -1.480440 0.393982 0.611464 0.652400 -0.477070 -0.611196 
0.364832 0.367279 0.119110 0.331635 0.231664 0.342112 -0.458750 -1.728341 
-1.278575 0.002899 -0.253174 0.444092 0.371521 0.109131 0.132002 0.487018 
0.433461 0.212842 0.345392 0.024361 0.234960 0.317297 -0.318341 -0.173034 
0.404247 -0.406586 0.447305 0.407598 -0.078841 0.306940 0.293747 -0.257318 
-0.323310 -0.339386 -0.104814 0.192259 -0.231440 0.487625 0.511760 -0.269785 
0.206938 0.109665 -0.615314 0.257249 -0.225492 -0.344593 -0.108465 -0.343755 
0.188904 -0.502123 1.053409 0.876630 0.341770 0.390409 -0.255080 0.444783 
0.106600 -0.021388 0.418703 0.107010 0.834714 0.015704 0.544302 0.248138 
0.374955 0.444974 -0.008599 0.399408 -0.147334 -0.233808 0.388793 0.288239 
0.072487 0.182191 0.078435 0.138917 -0.072144 -0.182526 0.581128 -0.000549 
-0.413605 -0.408977 -0.341543 -0.078339 0.297058 0.001864 0.488078 0.117918 
0.374980 0.282852 0.335621 0.266083 -0.339845 0.387474 0.476420 -0.474504 
1.069554 0.447760 0.864997 0.383237 0.332578 -0.233157 0.066014 0.364550 
0.239570 0.948567 0.702700 0.327818 0.804674 0.670686 -0.314752 0.137929 
0.267956 -0.428582 0.296095 0.648302 -0.027203 -0.707881 -0.465433 -0.109959 
0.201001 0.441830 0.214829 2.973955 1.203859 0.311498 0.258138 0.273529 
0.460728 0.652651 -0.432022 0.325616 0.462435 -0.008410 -0.249630 -0.179993 
-0.086946 0.452718 0.098785 -0.214355 -0.298218 -0.386841 -0.314438 -0.498413 
0.323883 0.117703 0.213940 0.099091 0.451219 0.501144 0.033654 -0.031494 
0.074093 0.499271 0.163249 -0.020050 0.064941 0.063338 -0.297590 -0.483398 
-0.030336 0.114552 -0.487206 0.320221 -0.196014 0.418488 0.256588 0.153108 
0.189634 0.164401 -0.276385 0.292759 0.387512 0.315735 0.430878 -0.357282 
0.502057 -0.269625 -0.354543 0.236776 0.198457 -0.415131 -0.159579 -0.395217 
-0.006042 0.107419 0.303020 0.045470 0.665214 0.231677 0.116245 -0.467408 
0.451843 0.415381 0.105700 -0.198517 -0.454842 -0.468995 0.679252 -0.111417 
0.289215 0.167590 -0.263911 0.380035 0.201141 0.066498 0.509097 0.157715 
0.420135 -0.373291 0.396667 -0.018219 -0.466919 -0.147034 -0.042274 -0.096283 
-0.176532 -0.416656 -0.177704 0.486023 0.418762 0.331848 -0.413733 -0.164520 
-0.165546 -0.021820 0.379913 0.448822 0.078462 0.269409 -0.062453 -0.055892 
0.053669 0.134644 -0.125519 0.165466 -0.340511 -0.188846 0.352160 0.281856 
-0.065194 -0.212799 0.061075 -0.178052 -0.408478 -0.429114 0.425872 0.394436 
-0.226472 0.143950 0.207404 0.369214 -0.347870 -0.423425 0.470415 0.210175 
0.064562 -0.050646 -0.342838 0.192871 -0.018158 -0.459237 0.229016 0.186371 
0.473849 -0.453793 0.390503 -0.149384 -0.066284 -0.252167 0.326538 0.285236 
0.144035 0.675538 0.710742 1.384746 -0.011815 0.933940 0.794589 0.309846 
-0.106800 0.217667 0.173371 -0.693837 1.004994 0.750704 1.441038 0.347802 
-0.215215 0.227068 -0.630514 -1.581846 0.549036 1.352774 1.457407 1.140805 
-0.201196 0.258436 -0.102271 -0.442371 -0.494618 0.730550 0.180720 0.021405 
-0.244633 -0.105764 -0.207283 -1.115140 -0.542157 1.014466 0.623342 -0.238713 
-0.205439 0.027490 -0.279578 -1.818002 -3.946770 0.148619 0.800793 -0.327562 
-1.017624 0.446262 0.124027 0.058398 -0.256179 0.477991 0.173580 1.213749 
-0.139933 -0.420206 -0.326056 -0.131414 0.429802 0.231389 -0.402222 -0.076197 
-0.341594 -0.188487 1.224816 -0.166375 -0.107819 -0.121701 -6.326156 -4.167624 
-0.141398 -0.809301 -3.741548 -1.028628 -0.374516 0.068545 -9.912877 -15.596718 
-0.568313 -0.504627 0.066732 0.074465 -0.768177 -0.538271 -0.793800 -4.034829 
-0.265450 0.196812 2.167005 -0.180971 -1.301012 -0.790320 5.037553 0.973007 
-10.000401 -10.697056 -0.957798 1.132108 1.321327 0.981205 3.822485 0.939639 
-13.721044 -11.658780 -1.509601 10.062331 0.843561 2.216769 3.940592 0.750584 
-11.835702 -11.132066 -1.588958 4.593269 0.485517 0.466111 0.527946 0.523288 
-2.019862 -2.131214 -6.539434 0.990844 0.129141 0.075714 0.347724 0.026262 
0.439240 0.251099 -0.360791 0.816177 -0.449096 -0.035536 -2.585726 -4.135298 
0.294770 -0.203315 -0.244339 0.834941 0.421821 0.310254 -1.805230 -3.515841 
0.488706 -0.158960 -0.120313 -0.673783 -0.117739 0.192047 -0.231171 -0.277086 
0.292486 0.486760 0.452977 -2.274241 0.435092 -0.410563 0.347961 0.330566 
0.179718 0.095712 0.410572 0.642221 -0.263759 -0.377061 0.081970 0.247427 
0.544674 -0.083313 0.323926 -0.449203 -0.388564 0.126889 0.285152 0.072005 
0.188248 -0.409515 0.409740 0.316174 0.304688 0.180512 -0.395390 0.746665 
0.424963 0.375397 -0.017596 -0.105929 -0.390991 -0.137115 -0.294006 0.342829 
-0.451538 -0.107269 0.047638 0.471558 -0.496887 -0.414154 0.084503 0.398257 
0.489441 0.001569 0.419586 0.338470 -0.236053 -0.056885 -0.368622 0.311365 
-0.378021 -0.177223 -0.021271 -0.214508 -0.490845 -0.156602 0.418640 0.498692 
0.464246 -0.260913 -0.063782 -0.235809 -0.240234 -0.426860 0.615185 0.313389 
0.113177 -0.190170 0.453491 0.254781 -0.128382 0.010689 0.217241 -0.271598 
0.124022 0.359374 0.289924 0.718713 -0.906934 0.238678 0.354021 0.101083 
-0.299230 -0.848277 -0.065510 0.098146 0.116425 0.140198 -0.361070 -0.395526 
0.400502 -2.326224 -1.409624 0.400909 0.352631 0.159271 -0.191467 -0.415588 
-0.553247 -0.135809 1.458966 -0.420802 -0.668573 -5.506145 -2.150973 -0.496649 
0.086237 -0.013740 0.737748 0.058888 -0.428860 -1.932496 -2.673229 -0.425208 
0.886260 0.503842 0.471849 -2.202745 0.448927 -0.742513 -0.670050 -0.196191 
-0.810441 -0.961090 -0.923579 0.179194 -0.735171 -0.963483 -0.379273 0.651497 
-0.338018 -1.409754 -2.078201 0.150109 -3.815161 -1.085681 0.261032 0.721048 
-0.187782 0.061581 0.421006 0.671637 -6.745065 -1.751475 0.107836 -0.183058 
0.428498 -0.438310 0.349770 -0.128851 -0.853772 0.011225 -0.111776 0.647789 
0.623503 -1.290952 -1.331836 -2.409652 -1.436382 -0.446440 -0.231516 0.266144 
-0.059695 0.239052 0.076424 -0.246291 0.330211 -0.387726 -0.117279 14.515287 
11.667202 0.288229 -0.459950 0.062714 -0.494912 -0.351013 0.297739 2.395931 
11.073688 0.006691 0.601339 -5.251895 -0.057021 0.042737 0.742519 1.957425 
2.126677 -0.288514 0.400227 -1.875442 -6.254434 -9.956251 -9.717551 -3.410827 
0.320990 -0.752782 -5.470624 -0.404208 -9.050678 -12.137154 -10.496741 -5.176573 
-0.351535 -0.295331 2.545040 3.847146 -2.221871 -11.917581 -10.087299 -6.987144 
-2.986009 0.055876 4.377158 3.822427 0.523691 -2.627603 -3.220658 -2.696867 
-0.819837 0.366251 3.276509 4.211267 1.994209 -0.161142 -0.225403 0.469086 
-0.205933 -0.397491 0.372345 0.298013 0.185204 0.124858 -0.069643 -1.132273 
0.604627 0.382579 -0.166424 -0.414285 -0.202800 -0.130368 -0.439630 -0.617982 
-0.347395 0.331844 -0.153147 -0.377427 -0.574264 -0.032192 0.345062 0.064026 
-0.391495 -0.204590 -1.029549 0.104108 -0.936882 -0.443748 0.031497 -0.454224 
0.223907 -0.068727 -0.533548 -0.135300 -0.015101 -0.181623 -0.010582 0.018555 
-0.051968 -0.188481 0.316589 -0.232098 -0.082492 -0.001511 -0.441496 0.190532 
0.373435 -0.116366 -0.186310 -0.047860 -0.214185 0.321716 -0.173360 0.061748 
-0.190794 -0.165014 -0.223053 -0.114934 -0.045203 -0.193054 -0.096252 0.388519 
0.008085 -0.498230 0.348267 -0.129211 0.220459 0.107056 -0.131042 -0.128937 
-0.392869 -0.125153 -0.129866 0.490967 0.372070 -0.016663 0.104614 -0.373718 
-0.045372 0.226196 -0.487770 -0.187164 -0.272675 -0.485382 0.037092 -0.115448 
0.263211 0.083898 0.450236 0.444214 0.213440 0.159485 -0.376366 0.251905 
-0.044202 -0.264130 -0.501630 -0.205322 0.180955 -0.202534 0.124084 0.321684 
-0.147798 -0.443071 0.169289 0.121191 0.076914 -0.194124 -0.273773 0.120019 
-0.515154 -0.272636 0.724419 -0.336068 0.040518 0.372681 0.304657 0.278141 
-0.565652 -0.361151 1.028483 0.129614 0.128235 -0.156616 0.307404 0.219788 
0.467560 -0.419174 -0.445440 -0.805780 -0.783585 -0.542419 -0.390179 -0.982686 
-0.190486 0.284759 -2.924240 -6.229859 -0.544207 -0.615399 0.444728 -1.165408 
-1.096396 -0.651607 -1.363640 -1.552464 -0.082285 -0.577853 -0.675649 -0.174629 
-0.148047 -1.063023 0.629856 -0.187354 -0.031046 0.220384 -3.184589 -0.432933 
-0.084574 0.435920 0.094350 -0.294348 -0.326315 0.567715 -5.018102 -1.039580 
-0.134082 -0.089098 -0.617836 -0.016220 -0.076242 0.348578 -3.644106 -0.973919 
0.355524 -0.191110 -0.723093 -1.116973 -4.718726 -0.222113 -0.268551 -0.042745 
-0.286917 0.414241 -0.569859 0.179756 -3.335108 -2.344442 0.120754 0.144236 
-0.169342 0.494100 -0.101532 -0.432312 0.146651 -1.890900 -2.359943 -2.570035 
-0.703144 -0.738104 0.950209 1.631456 0.886205 -1.954660 -2.026637 -2.247722 
-0.916675 -0.801031 1.253350 1.696959 2.022541 -1.450294 -1.512852 -1.191951 
-1.133096 -0.251738 0.859639 1.035270 -0.560148 -3.939464 -1.064086 0.249396 
-1.019161 -0.535488 -0.987759 -0.823571 -2.347833 -4.594984 -8.260983 -0.391407 
-0.911310 -0.168695 -0.889041 -0.655582 -0.007711 -0.261611 -18.792278 -1.273428 
-0.979947 0.960436 -0.804836 0.308806 -0.348538 -2.196128 -1.225775 -0.229266 
0.071065 0.706202 0.113906 0.351942 -4.501691 -0.737391 0.345095 0.399017 
-0.111603 -0.302044 0.238373 -0.400970 0.145722 0.484053 0.021917 -0.433964 
-2.886169 -2.553708 0.359603 -1.225239 0.072142 0.173014 0.426007 -0.171129 
-2.608961 -2.600104 0.332142 -1.377648 0.536074 -1.360748 0.466500 -0.024780 
-0.097107 -0.722859 -0.231502 0.208894 -0.416082 -2.889940 0.101501 -0.330992 
0.070862 0.314606 -0.190960 0.091283 0.145516 -0.096359 0.092453 -0.209947 
0.485931 0.219582 -0.619101 0.400299 -0.286537 -0.493874 0.453739 -0.442007 
0.683989 0.124368 -0.345844 0.198730 0.448861 0.363856 -0.229797 -0.466699 
-0.005953 0.470256 0.345360 0.213837 -0.341839 0.455502 0.493378 0.137604 
0.398651 0.140985 -0.201447 -0.320587 0.185120 -0.083405 -0.189087 -0.175659 
-0.402710 -0.267213 -0.139954 0.427669 -0.256836 -0.047485 -0.499054 0.327209 
0.019684 -0.497275 0.219055 0.144558 0.224030 -0.258423 0.447968 -0.457148 
-0.022614 -0.159061 -0.390968 -0.466189 0.461304 -0.101379 0.205475 -0.334843 
0.372970 0.100469 -0.326928 -0.676956 -0.245758 0.494100 -0.842860 0.013857 
-0.300444 0.387053 -0.535362 0.420625 0.437787 0.090483 -1.583457 -0.334991 
-0.187527 -0.186208 -0.306994 -0.499125 0.376603 -0.261237 -0.277588 -0.104584 
0.169119 0.169621 0.358078 -1.313163 -0.928858 0.300232 0.323090 -0.430725 
0.119141 -0.117828 -0.870309 0.234442 0.256330 0.183959 0.086942 -0.011403 
-1.379595 0.102926 -0.347329 0.197127 0.021157 -0.420212 -1.647956 -0.626603 
-0.768763 0.120782 -0.192785 -0.309389 -2.026441 -1.823907 -1.486792 -0.203337 
-0.194293 -0.432105 0.060623 -0.106972 -0.126425 -0.169744 0.164037 -0.525290 
-0.074109 -0.038122 0.228184 -0.506076 -0.020473 -0.575541 0.026743 0.086287 
-0.078047 -0.472128 -0.067305 0.041976 -0.443800 -0.395993 -0.649678 0.547677 
0.539910 -0.315538 -0.312966 0.099104 -0.261081 -0.427231 -0.010608 0.449531 
0.237718 0.191385 -0.066747 -0.182774 -0.272511 -0.164690 0.098558 -0.111081 
-0.192261 0.277252 0.122604 -0.243907 0.404012 0.316830 -0.144021 0.245922 
0.075665 0.081986 -0.364010 -0.189237 -0.810736 0.148395 0.413441 0.065156 
-1.170585 -2.508773 -1.240892 -0.762150 -5.413745 -1.230156 -0.399691 0.072276 
-0.259293 -1.191927 -1.850909 0.121193 -4.885601 -3.191140 -1.212770 -0.769165 
-1.118674 -1.297992 -0.860805 -1.041090 -1.076836 -0.030380 -0.416036 -1.130630 
0.367668 -0.575549 0.229490 -0.483660 -0.751003 0.779020 -0.898332 -1.829445 
-0.435768 -0.417194 -0.620908 0.056476 -0.450552 0.537520 -1.345235 0.143109 
-0.188353 0.294055 -0.241346 -0.187463 0.054576 -0.572168 -0.562511 0.293080 
0.222260 -0.040619 -0.370994 -0.332123 -0.378296 0.419982 0.087887 -0.095634 
0.411685 -0.565412 -0.387157 -0.045937 -0.012858 -0.412106 -0.719348 -0.226917 
-0.138161 0.385659 0.299186 0.185494 -0.479043 0.092301 -0.545156 -0.476204 
0.386383 0.474091 -0.261299 0.082255 -0.211704 0.143741 -0.000295 -0.490792 
0.135094 0.445709 0.364655 -0.198486 0.341732 0.198650 -0.198856 0.062850 
0.197297 0.173218 -0.251010 -0.318193 0.086761 -0.398935 0.333952 0.313662 
-0.302166 0.439488 0.019139 -0.412494 -0.141632 0.148132 -0.172743 0.218994 
-0.119104 0.128265 0.419802 -0.137265 0.222717 0.127712 -0.044281 -0.024200 
0.120483 -0.251099 -0.095839 0.397491 -0.102905 -0.485565 0.410339 -0.242645 
-0.028625 0.100952 -0.296813 -0.303925 0.416776 0.350647 0.320374 -0.101471 
-0.437836 -0.028687 -0.139387 -0.060455 0.493580 0.038116 -0.004303 -0.057861 
0.107224 0.308319 -0.199370 -0.152041 0.000320 0.347992 0.396057 -0.298401 
-0.525195 0.449091 -0.122568 -0.398399 -0.009490 0.493713 -0.268377 0.298146 
-0.064863 0.285989 0.027862 -0.495897 -0.008028 0.143934 -0.325448 -0.356524 
0.323334 0.089391 0.196699 0.170870 -0.455182 -0.266977 0.371594 -0.221252 
0.009186 -0.014997 0.006249 -0.084827 -0.289826 0.010621 0.355652 0.132874 
0.260223 0.466125 0.302338 0.078586 0.410944 0.286823 -0.431881 -0.448600 
-0.030714 -0.602294 -0.015938 0.666246 -0.111338 0.258336 -0.201411 0.463422 
-0.055479 0.305492 0.012740 1.271703 -0.518693 -0.567648 0.903542 0.945494 
0.532068 -0.122882 -0.094488 0.444219 -0.284619 -0.981857 0.356447 0.269167 
1.069812 -0.805076 0.249915 -0.054281 -0.589147 -1.157531 -1.384786 1.420773 
1.101237 -1.525009 -0.457292 -0.106036 -0.342645 -0.864538 -0.248749 0.140228 
-0.892449 -0.526033 -0.210390 -0.848426 -0.978327 -0.822281 -0.481611 0.167194 
0.256012 -0.007019 -0.227126 -0.427345 -0.642788 -0.227684 0.290486 -0.123250 
0.387361 -0.068665 0.223358 0.232897 -0.327971 -0.002288 0.478391 -0.123833 
0.367615 0.395838 0.466148 -0.267816 -0.277197 0.068150 -0.467804 0.438653 
-0.163304 0.088245 1.147825 -0.610254 0.182272 -2.549936 -2.636554 0.096954 
0.154902 0.507803 0.951821 -0.084329 -0.404211 -0.546237 2.832589 2.177590 
-1.323381 -0.372512 1.506889 -0.037782 -0.591079 -1.914572 1.853687 2.012814 
2.002076 -0.301564 1.258108 0.727629 0.477475 -0.199834 -0.172480 -1.977179 
-3.585892 -0.904887 -0.730156 -0.100923 0.001936 0.446332 0.929494 0.441567 
-0.842361 0.177634 -0.492472 -0.428222 -0.107491 2.928650 5.706382 0.486235 
0.358910 -0.035156 0.044342 0.021118 0.222290 -0.437775 -0.191590 -0.415056 
-0.292296 -0.446031 1.723573 1.527711 0.195433 0.042896 -0.405801 0.035176 
-0.511119 -0.191177 1.340118 1.062179 -0.352248 -0.484725 0.493055 0.898162 
-0.384419 0.191650 -0.429565 0.805751 -0.190926 -0.095152 0.369423 1.300077 
0.143676 -0.193323 0.005707 0.325012 -0.319959 0.235288 -0.397222 0.429559 
0.015431 -0.263273 0.233276 0.272733 -0.502001 0.315063 -0.014939 -0.279718 
0.056410 -0.080458 -0.197799 -0.303517 0.045433 -0.178040 -0.504500 -0.733329 
0.442047 0.386484 0.424588 -0.379624 -0.559799 -0.474579 -0.198049 0.334820 
-0.293182 0.386993 0.148102 -0.410240 -0.143616 0.400635 0.167236 0.170105 
0.225616 0.439484 -0.038361 -0.280567 -0.225891 -0.301780 0.062897 -0.159821 
0.000397 0.280243 0.183014 -0.585860 0.053162 0.025946 0.232147 -0.387604 
0.155182 0.001927 -0.351501 -0.086465 0.232760 -0.240030 0.041016 -0.043579 
0.498627 0.076536 0.315594 0.119654 -0.419058 0.169298 0.086884 -0.330635 
0.076366 -0.303031 0.068519 0.201243 0.343534 -0.181114 -0.224669 -0.004572 
-0.442897 0.161102 0.487388 -0.232165 0.027446 0.302878 -0.183847 0.487839 
-0.172119 -0.326935 -0.263476 -0.009038 -0.421882 0.456044 0.467430 0.410583 
0.390839 0.018097 -0.082520 0.085663 -0.334520 -0.421538 0.122324 -0.499519 
0.141541 -0.330486 -0.476684 0.250767 -0.052152 -0.452509 -0.361797 0.096352 
-0.328979 -0.065549 -0.711194 -0.572680 0.310067 -0.340480 -0.454656 -1.145950 
-0.613621 0.103590 -0.205603 0.393118 -0.022852 -0.616077 -0.516942 0.196093 
0.176436 0.123776 -0.165519 0.577142 -0.215917 -0.149333 -0.493360 -0.503476 
0.269019 -0.277884 0.008453 0.477797 -0.266731 0.028750 0.226746 -0.414113 
-0.292045 -0.445416 0.295566 -0.039800 -0.009593 0.192831 -0.389543 0.204912 
0.418400 0.434320 -0.148249 -0.022408 -0.631874 -0.256755 -0.059446 -0.166629 
0.089644 -0.321990 -0.264710 0.148499 0.419718 0.233093 -0.489014 0.212646 
-0.285946 -0.343847 0.050201 -2.563776 -2.339292 0.485464 0.114916 0.100513 
-0.288296 -0.340123 -0.895274 -0.780129 -2.167647 -0.405322 -0.464833 -0.591585 
-0.339036 -0.358986 -0.112538 -0.285849 0.414884 -0.002014 0.762611 -0.201917 
-0.286779 0.418942 -0.149392 0.505990 0.101307 -0.739667 -0.893657 -0.229748 
-0.186860 -0.427051 -0.111896 -1.340044 0.166349 0.068977 -0.537854 0.155152 
-0.208153 0.008970 -1.309080 -1.830781 -0.798638 -0.117179 -0.587131 -1.095612 
-0.491341 -0.021122 0.375900 2.331259 -0.262229 -0.270842 0.073953 -1.123263 
-0.391286 0.188324 -0.015686 0.158777 0.453676 0.367767 -0.235992 0.001526 
0.200897 0.295900 -0.342822 -0.400271 -0.428045 -0.104032 -0.182390 -0.128510 
0.467682 -0.324462 -0.358762 -0.989487 -0.313553 0.228427 0.281735 -0.487227 
-0.059296 -0.450925 -0.293671 -0.215210 -0.285836 0.148238 0.275177 -0.345023 
0.047480 0.021233 0.205759 0.189667 -0.356720 0.423484 -0.022823 -0.164510 
-0.175429 0.269115 -0.422110 0.457397 0.052111 -0.228563 0.269135 -0.545119 
0.496064 0.393258 -0.346470 -0.304639 -0.269748 0.002938 0.326782 0.075592 
0.318882 -0.379303 -0.443134 -0.388252 0.049431 0.060313 -0.386719 -0.082696 
-0.345600 0.368103 0.047394 -0.438110 -0.461525 0.075165 -0.418396 -0.437408 
-0.140045 0.261627 0.135345 0.101379 0.433993 0.433777 0.228523 -0.347809 
-0.165619 0.213470 -0.313629 -0.171051 0.385647 -0.160034 -0.342648 0.043671 
-0.388855 0.484528 -0.057678 -0.022675 -0.029993 0.249943 -0.360986 -0.137115 
-0.094818 -0.253204 0.093701 -0.463006 0.198446 -0.516392 0.117228 -0.431274 
-0.321594 0.138096 -0.144287 -0.485229 0.130562 0.380357 0.066715 0.015594 
-0.294510 0.362551 -0.002136 -0.353483 0.371204 -0.376553 0.277207 -0.484546 
0.120422 -0.319366 -0.057770 -0.196281 -0.237910 0.306947 0.027607 -0.384383 
0.010925 0.038086 0.307312 -0.196960 -0.178741 0.276177 -0.391371 -0.407947 
-0.031517 0.091778 1.258915 3.294449 -1.371967 -1.779603 0.887692 -0.786551 
-1.197416 -1.012076 0.385642 3.820090 -1.556220 -2.244479 2.413722 -0.611003 
-2.019392 -1.190735 -0.177417 0.740789 -2.525371 -3.973617 0.968958 -0.207426 
-0.439674 -2.057992 0.270053 -0.876113 -0.170939 0.404072 -0.848681 -1.707066 
-2.019455 -10.027817 -5.521904 -1.753648 0.059601 0.113213 0.488974 0.864868 
0.286537 -6.411883 -4.705727 -0.439281 -0.585211 -0.113900 0.141900 1.178355 
1.189706 0.797807 -0.520986 0.511335 0.394969 -0.018127 0.033610 -2.597915 
-3.406569 0.779305 0.144389 0.327755 0.227783 0.433689 0.441559 -0.217499 
-0.265455 0.176018 -0.351938 -0.367258 0.316275 0.127737 -0.378853 0.022124 
-3.847103 -0.082816 0.519208 7.609204 8.196936 4.890106 -0.287171 -0.289897 
-3.084074 1.754856 -0.006473 3.594855 4.570967 4.724080 0.326535 0.915919 
-1.011380 1.538714 3.688222 5.858701 3.993576 4.466723 2.039858 0.338288 
-1.498645 -1.652210 3.296767 3.878969 -0.417055 0.720344 3.142726 -0.505257 
-3.911406 -0.068635 -0.804783 6.743385 1.860424 2.084799 0.580257 -4.319217 
-3.114740 0.288025 0.249247 0.475440 1.571470 1.163370 -0.370611 -26.109556 
-14.978171 -0.012246 -0.051054 -0.419098 -0.209595 0.336670 -0.250397 -0.168060 
0.448486 -0.331015 0.387618 0.406064 -3.971060 -3.983840 0.018636 -0.263487 
0.163348 -0.496423 0.024589 -0.432660 -4.457096 -4.048821 -0.084672 -0.189290 
-0.136514 -2.265220 -0.170054 -0.445862 0.499146 -1.456109 -0.122161 0.614301 
-0.193130 -4.707697 -0.409565 -0.113400 -0.211060 0.357452 0.452065 0.604026 
-1.020650 0.163352 0.340175 -0.062701 -0.114227 -0.417263 0.277234 0.106476 
-0.012355 0.439088 0.197168 -0.297812 0.499748 0.162918 -0.236694 0.301605 
0.045349 -0.403101 -0.274506 -0.038887 1.187286 0.214902 -0.230188 0.025024 
0.594038 0.371153 0.096313 0.008209 -0.483093 0.025605 0.153412 0.434814 
0.374451 0.067413 -0.275635 0.254120 -0.143188 0.118646 0.317230 -0.143172 
-0.435913 0.270966 -0.129364 -0.190338 -0.003448 0.342508 -0.228760 -0.241921 
-0.021515 0.219971 0.183838 -0.404588 0.394592 -0.042981 0.456647 -0.056606 
0.238739 -0.257263 0.262848 0.418011 -0.077133 -0.422950 0.911535 -0.204723 
0.213043 0.141113 0.059849 0.295776 -0.334074 -0.332046 1.033236 0.091623 
-0.425286 0.234370 -0.413322 0.310394 0.285940 -0.304645 0.060599 -0.898240 
0.342117 -0.487749 0.149139 -0.277527 -0.113225 0.043602 -0.375932 -2.257756 
-1.550790 0.026093 -0.028229 0.054871 0.415131 -0.336395 -0.086176 0.195342 
-1.194016 -0.597996 0.495829 -0.078300 -2.382867 -1.406587 -0.056986 -0.285239 
-0.275843 -0.250964 -0.207592 -0.198679 -2.910985 -3.400249 -0.582779 -0.452283 
-0.501073 0.075557 -0.054703 -0.755149 0.498093 0.417683 -0.338648 -1.466407 
-0.323856 0.173285 0.329364 0.327509 -0.111241 -0.589157 -2.063013 -0.338907 
-1.815425 -7.716509 -0.453372 1.385309 -0.030251 -1.323024 0.385686 -0.111486 
-0.453163 -1.508536 0.600598 5.925936 3.588168 -14.096127 -18.701878 -0.160672 
0.211850 0.489922 0.349838 0.533209 0.416886 -9.421327 -10.685107 0.209713 
-0.135132 0.457122 -0.046287 -0.501037 0.492859 0.283813 -0.220338 0.082092 
-0.132019 -0.379547 -0.391534 -0.142236 0.332435 0.009074 0.362955 -0.407748 
0.292447 -8.512070 0.151981 0.217424 0.136189 -0.226585 -0.134156 0.079115 
5.008680 -1.735328 -0.048527 0.506352 0.348375 -0.618320 -1.130777 -3.409847 
-3.481101 -4.903671 7.379921 0.049623 -0.420362 -12.028130 -1.156920 -4.271095 
-2.638736 -3.633527 3.350131 1.575928 -2.416282 -7.243608 -0.742120 -2.377638 
-1.305366 0.494315 0.901062 2.195430 -0.413191 -1.694787 -0.900239 0.412277 
3.552591 8.228263 0.111044 0.277265 -0.682266 -2.106385 0.119654 -0.488634 
0.106249 0.304408 0.438232 -0.212585 -0.242065 -0.031097 0.239414 -0.482910 
-0.048828 0.430573 -0.134830 -0.274375 -0.975744 -0.692570 0.277278 -0.045440 
0.293100 -0.115701 0.132215 0.097360 -0.309878 -0.299688 0.187522 0.073018 
-0.005096 -0.197214 -0.033083 0.281872 0.347534 0.455994 -0.000706 -0.104257 
-0.273364 -0.526952 0.461982 -0.180700 -0.594307 -0.485992 0.488525 0.285367 
-0.364928 -0.838796 -0.928283 0.629742 -0.171990 0.283417 -0.368654 -0.008583 
-0.489838 -0.790132 -0.196230 1.104182 0.284470 -0.695137 -0.496304 -0.274220 
0.120300 -0.264451 0.267077 -0.353821 -0.140339 -1.025177 -1.046296 0.219569 
-0.347137 0.359406 -0.205109 0.363953 0.218140 -0.210815 0.370221 0.286774 
0.269073 0.356873 0.228638 -0.293091 -0.457397 0.232727 -0.170984 -0.112671 
0.405255 -0.047302 0.235779 0.481049 0.386078 -0.079895 0.073336 0.189148 
0.472882 -0.279694 -0.128693 0.231659 0.113403 0.247467 -0.298144 -1.353313 
-1.936378 -0.355835 0.140289 0.305878 -0.444885 -1.012116 -1.631149 -0.381015 
-0.573088 0.182434 -0.439392 -0.081583 -0.429871 -1.090832 -0.344372 0.116993 
-0.128129 0.329468 -0.246642 0.440730 -0.391815 0.040779 -0.421244 -0.450555 
0.134193 -0.321658 -0.134842 0.279358 0.272278 -0.325260 -0.347063 -0.470494 
-0.257232 0.489048 0.410889 0.341095 -0.118683 -0.184998 -0.242371 -0.424319 
0.097550 -0.312536 -0.534863 -0.554142 -0.010538 0.301973 -0.273055 -0.382931 
-0.256438 0.102989 -0.726502 -2.649632 -0.120376 0.095151 -6.679862 -6.770297 
-0.435290 0.385506 -0.790411 -2.173157 -0.142977 -0.623248 -2.089336 -0.357682 
-1.106632 -0.966702 -0.540195 0.410975 -1.024831 -1.244238 -0.717473 -0.568091 
-1.142484 -4.622425 -6.616679 -0.882361 -1.639691 -2.396126 -0.521895 -2.058724 
-0.107388 -0.627667 0.725773 -3.292518 0.858016 -0.859609 -4.726672 -4.550318 
0.181052 -0.010437 0.431927 0.023336 -0.543756 -0.439585 -0.236250 -1.784100 
-0.483503 0.436690 -0.506351 0.171727 -0.242248 0.116669 0.025177 -1.765205 
-0.353876 -0.154840 -0.390432 -0.345024 -0.064923 0.698672 -0.191189 0.069113 
-0.226097 0.426642 3.961755 0.661497 0.504730 -0.540361 -13.463668 -9.556717 
-0.362432 -0.361850 0.844626 0.445689 0.316222 0.035869 -16.171240 -14.903790 
0.302303 -0.660102 -2.326106 -0.099783 -1.013209 -0.837444 -0.298251 -0.101479 
-1.883166 -4.654912 0.118901 -0.420484 -1.216582 -0.327471 -0.670646 0.125292 
0.658996 0.893697 3.171846 -5.437607 -2.919199 -7.554688 1.020491 1.123212 
1.080310 1.465516 -4.316956 -2.393004 -0.167795 -0.327518 0.767803 1.319421 
0.563933 3.039495 -5.446728 0.741575 -0.152202 -0.235535 -0.181793 -0.129856 
0.209015 0.035858 -0.365432 -0.038267 0.247422 -0.029857 -4.100597 -4.587722 
-0.096870 0.474087 -0.202833 -0.702268 -0.013901 0.381035 -3.837392 -3.890305 
-0.403951 0.595772 -0.151415 -1.452463 -0.139538 0.481934 -0.458771 -0.830819 
0.035482 0.306475 -0.588830 -2.544022 -0.713721 -0.355318 -0.359253 0.123535 
-0.447855 0.386782 -1.247684 -0.456498 -0.563590 -0.062738 -0.123627 -0.857313 
-0.201004 0.216125 -0.783488 -0.063807 0.139735 -1.088322 -1.558919 -1.357199 
-0.146964 -0.403412 -0.315742 0.255967 0.212677 -0.569199 -0.128087 -1.204966 
-0.354974 0.369568 -0.420849 0.034577 0.166687 -0.171295 -0.230499 -0.773912 
0.043793 -0.370056 0.148193 -0.040283 -0.008698 0.275635 0.263947 0.297371 
-0.289185 -0.211303 0.281860 0.343079 0.054199 0.064575 0.065186 -0.375061 
0.447327 0.534191 -0.494690 0.480804 -0.373596 -0.268856 0.164246 0.465837 
-0.885481 -0.086965 0.229889 0.376129 0.444733 0.208956 -0.370134 -0.661272 
-0.446087 -0.668376 0.379761 -0.170908 0.301284 0.281402 -0.167698 -0.270200 
0.201874 0.091527 -0.113080 -0.492747 0.382943 -0.301636 0.074583 -0.407794 
-0.163946 -1.662220 -0.411181 -0.137997 -0.455292 0.268036 0.274358 -0.316831 
-0.194137 -2.785743 -1.705492 0.161774 -0.280182 0.379730 -0.488098 0.491211 
-0.620895 -0.068037 0.115697 -1.667356 -3.361101 -1.225506 -2.549793 0.020013 
0.608000 -0.783138 -0.338770 -0.837766 0.463484 -1.533682 -2.673951 0.796278 
0.845449 -0.267678 0.408953 0.204476 1.390338 -0.976760 0.473434 0.759680 
0.172614 0.980078 -0.615542 0.544022 1.395335 -0.333179 1.232130 -0.688573 
-0.035307 -0.175754 0.349600 -0.312184 0.977227 6.479980 1.449686 -0.079908 
-0.585627 0.281429 -1.422252 0.202883 2.064651 1.246168 -0.411909 -3.091770 
-3.649643 0.271843 2.054882 5.729362 0.997351 0.993104 0.384692 -0.705403 
-2.263683 -0.473316 1.571596 3.578219 0.297498 0.487823 -0.321809 -0.129517 
-0.765777 0.291595 -0.455017 0.155649 -0.411748 -0.626297 -0.298227 -0.662980 
0.308998 -0.132832 -0.527887 -1.529107 -3.789057 -3.323125 -2.699615 0.522593 
-0.388228 0.496837 -1.345974 -6.393501 -1.605746 -2.885070 -2.774044 0.362104 
0.284152 -1.062862 -1.966683 -0.605867 -0.340013 -3.127475 -2.951532 0.288711 
-0.054749 -2.041358 -5.835146 0.800011 -3.317451 -3.677258 -0.592294 0.059247 
0.342365 -3.808803 -3.532613 -2.393459 -1.964649 -6.661345 -2.977796 -1.621982 
-0.212733 -4.234836 -3.516964 -1.611479 -0.926633 -0.599664 -0.362877 -0.245784 
0.435542 -2.784930 -0.957279 2.355374 -1.043993 0.226534 -0.098816 0.451630 
-0.278046 -0.000183 0.192444 0.162208 -0.054934 -0.213967 -0.796542 4.098778 
4.682082 -0.021181 -0.502066 0.000393 0.048637 -0.462735 0.212933 4.487428 
4.847034 0.206389 0.137899 -0.176509 2.035760 -0.029595 -0.077576 0.225677 
1.460513 -0.360634 0.253077 0.056258 4.604567 -0.517153 0.369976 0.378906 
-0.249207 -0.443809 0.535282 -0.091718 0.526030 0.332371 0.458792 -0.313873 
-0.881897 -0.117163 0.414429 -0.446615 0.295428 -0.086553 -0.096746 -0.858457 
-1.175875 -0.396722 -0.497009 -0.351678 -0.321293 -0.323059 -0.426039 -0.239216 
-1.413932 -0.292713 0.141022 -0.146038 -0.062079 -0.343445 -0.186249 -0.070068 
-0.203547 0.386658 -0.016937 -0.487396 -0.297058 -0.252502 0.121948 -0.396118 
0.123942 0.188995 -0.519227 -0.104187 -0.499146 0.278595 0.245270 0.378571 
-0.533666 0.015625 -0.141710 -0.188782 0.433594 -0.041565 -0.405799 0.004822 
-0.206278 -0.125989 -0.939169 -0.081665 0.144165 -0.061981 -0.146834 -0.364753 
0.546501 0.295396 -0.221768 -0.259003 0.301678 -0.363002 0.198481 -0.402043 
0.012308 -0.017088 0.417943 -0.253768 0.185591 -1.216444 -0.319061 -0.100211 
0.071504 -0.129688 1.028815 0.368204 0.183745 0.133789 -0.095306 0.022827 
0.461694 -0.253303 2.098810 1.176552 0.430634 -0.142212 0.048615 0.000702 
0.230377 -0.077477 -0.197956 0.417059 0.364649 0.463289 0.069270 3.237052 
-0.044524 -0.017654 -0.179333 1.110563 1.698002 1.448437 -1.726043 2.763962 
-0.592122 -1.453172 -0.676873 -0.016058 1.826280 0.997401 0.184158 0.232605 
-0.616886 -1.406987 2.608472 2.010774 1.332005 0.518194 -0.023109 -1.181058 
0.289800 -0.128175 0.005211 0.957418 0.037291 -1.804741 -0.391680 -0.453286 
0.520955 -0.070204 -0.024847 0.535757 -0.134206 -2.234674 -1.535054 0.604990 
2.799480 0.479600 0.388954 -0.333539 -2.729854 -0.863732 -0.278933 -0.384667 
0.910909 -0.284663 -0.198069 -0.417051 -0.349942 0.018176 0.218642 0.355253 
0.074890 0.489830 -0.475037 -0.192200 0.401650 -0.356875 -0.316828 0.034049 
2.448147 2.565084 -3.116961 -3.226143 -0.781713 0.965175 0.799049 1.481448 
3.877993 3.578973 -5.385873 -5.695906 -2.643800 1.188949 0.839548 1.685081 
1.298866 1.497581 -5.076753 -5.966147 -2.613129 1.446416 1.002748 1.412917 
1.432587 1.602356 -2.173493 -3.444848 -4.168719 -4.115767 -1.711305 -0.366674 
0.345422 0.387297 -0.608594 -1.864536 -3.926520 -4.188162 -5.481555 -0.316178 
-1.568336 2.511863 -2.425791 -2.072353 -3.246218 -3.844227 -3.994595 -0.589605 
1.244578 1.650679 -0.650385 -1.610513 -2.591137 -3.498766 -2.282187 -0.299011 
-0.009949 -0.177611 0.041870 -0.356293 0.085040 -0.269261 0.003391 -0.047212 
-0.988527 -1.057575 0.109138 0.162642 0.093448 0.549825 -0.296031 0.106611 
-1.323510 -0.818968 -0.568571 0.228400 0.020010 -0.739069 -0.561720 -0.319580 
-0.281616 -0.056183 -0.142244 1.275584 0.388839 -0.886926 0.251327 -0.406705 
-0.226563 0.178467 -0.365219 0.761129 0.186785 -0.412683 -0.076305 0.500055 
-0.469299 0.147990 0.284480 -0.102295 -0.235606 0.013086 -0.232809 0.111275 
0.387613 0.238030 0.090095 -0.068817 -0.068527 0.390237 0.316742 0.352078 
0.439706 -0.271960 -0.241153 -0.112213 -0.175278 -0.199172 0.015442 -0.278900 
0.233643 0.073016 0.233185 -0.134460 0.177521 0.148315 -0.096954 0.267731 
0.440552 -0.263871 0.416718 -0.372989 0.226105 0.062195 0.114044 0.114777 
-0.438354 -0.347905 -0.387115 -0.289317 0.034943 0.379211 0.451935 -0.325701 
-0.156952 -0.233308 0.076420 0.335875 0.153412 0.406647 -0.048370 -0.295736 
-0.173693 -0.363057 0.483896 -0.070222 0.159149 0.013693 0.339577 0.257078 
-0.300707 -0.087514 -0.327305 0.380322 0.243960 0.536469 -0.181094 0.019592 
0.546336 0.473898 -0.113855 -0.438220 -0.359928 -0.153152 0.055145 0.073120 
0.011646 0.018930 0.294757 -0.014911 -0.582951 -0.250854 -0.132172 0.114929 
0.063507 -0.288086 -0.000368 0.489099 -0.183048 -0.089482 0.239050 -0.017416 
-2.305245 -0.582560 -0.391591 0.203932 -0.404823 0.336028 0.178068 -0.174368 
-1.817196 -0.700994 -0.712731 -0.248834 0.483252 -0.306136 -0.228564 -0.441207 
-0.492193 -0.472548 -0.313453 -0.366186 -0.944525 -0.220089 -0.303165 -0.382613 
0.319135 -0.411123 -0.190449 0.426554 0.133891 0.357300 -0.578638 0.356637 
0.585704 -0.046688 0.100090 -0.117993 -0.289887 -0.863765 -0.733976 0.226146 
0.334917 -0.377868 -0.792978 0.201719 -0.319477 -1.504299 -1.155403 -0.177375 
-0.250428 -0.000915 0.032453 0.204340 -1.181335 -0.947292 -0.543579 -0.513054 
-0.262543 -0.102661 0.192291 0.246287 0.355204 -0.196823 -1.026824 -1.159982 
-0.950774 0.541368 0.703096 -0.505346 -0.372563 -0.363913 -2.161973 -2.878314 
-2.521939 -1.082560 -0.127179 -0.196287 -1.376844 0.721913 -2.380596 -2.939698 
-2.346296 -1.306034 -0.205624 0.193869 -0.052110 0.109658 -1.819609 -1.445084 
-2.047948 -1.564825 -0.525240 0.516940 0.824061 0.559256 -0.982701 -0.709591 
-0.030028 -0.010808 0.254592 -0.058127 0.818070 -0.344536 -1.464421 -1.600793 
-0.481942 0.250548 -0.424571 -0.212867 -0.290186 -0.680621 -1.210485 0.118237 
-0.435321 -0.393685 -0.587830 0.452231 -0.746398 -0.489099 -0.339699 -0.195301 
-0.486725 0.003610 -0.320091 0.299805 0.459930 -0.359022 -0.357426 0.060769 
-0.341935 -0.229775 -0.352021 0.063392 -0.126378 0.047255 -0.399363 -0.201685 
-0.436102 -0.032141 0.084052 -0.249037 0.533462 0.041360 0.081381 -0.335138 
0.283356 -0.406799 -0.105424 -0.332115 -0.201897 0.431395 -0.497079 0.199638 
0.239678 -0.279083 -0.447021 0.486373 -0.097969 -0.184746 -0.291110 -0.619088 
-0.394682 -0.405090 0.403759 0.344338 -0.158356 -0.130825 -0.149529 0.140333 
-0.301994 0.401202 0.204670 -0.241033 0.386963 0.372791 -0.046767 -0.110657 
0.027876 0.540544 -0.063885 -0.110998 0.496216 -0.310650 -0.107429 0.492004 
-0.351227 0.351044 0.407887 -0.481506 -0.084930 -0.021912 0.107239 -0.198090 
0.149048 -0.077606 -0.492532 0.073303 -0.385388 -0.084625 0.171539 -0.388062 
-0.014130 0.370544 0.127936 -0.284058 -0.519949 -0.489777 0.277283 -0.014526 
0.314780 0.305054 -0.224446 0.451547 -0.403435 0.226074 -0.134338 0.318878 
-0.453171 -0.213463 -0.322714 0.085568 0.175369 0.031433 0.159557 0.427972 
-0.162811 -0.502710 0.091808 0.290459 0.109072 0.461149 -0.226045 0.624839 
-0.172913 -0.389938 -0.173194 -0.052380 -0.520697 -0.319226 0.209627 0.349609 
0.011047 -0.012323 -0.078173 -0.168492 0.412582 -0.448924 0.469513 0.333893 
0.401794 0.259979 0.204071 -0.316803 0.256195 -0.315921 -0.436130 0.435589 
0.086278 0.106248 -0.157380 0.097531 -0.123840 -0.481738 0.176610 0.698230 
-0.144144 0.161828 0.015031 0.274781 0.015342 1.340395 0.456319 -0.380415 
0.391526 -0.322343 -0.128609 0.211132 0.570858 0.548202 -0.122642 0.606356 
0.308191 0.212591 0.092356 0.155926 -0.089163 0.134818 0.294142 0.747062 
0.008396 -0.299408 -0.443699 -0.019156 0.075881 0.324051 0.022927 1.053217 
1.116666 0.342484 -0.225147 0.377350 -0.253134 0.170029 0.329096 -0.175138 
0.297906 -0.475985 -0.502342 -0.242833 -0.202275 0.041510 0.277996 0.121588 
0.027158 0.050659 -0.019196 0.257384 -0.110681 0.310767 0.149790 0.222454 
0.346699 -0.187946 0.161049 -0.410382 0.133325 -0.061469 0.100438 -0.150332 
0.056567 0.020897 0.443785 0.338393 -0.530100 1.017511 0.911584 -0.244679 
-0.212497 0.373361 0.376601 -0.111724 0.322344 0.444522 0.654049 0.523970 
0.497868 0.353712 0.176221 -0.161735 0.331266 0.488454 -0.060034 0.422421 
0.670910 -0.170673 0.372680 -0.050848 -0.087145 -0.118068 0.011555 0.345707 
0.541214 -0.173659 0.468318 0.245814 -0.413116 0.401737 0.075617 -0.092619 
-0.453447 -0.116590 0.405444 0.205570 0.430256 -0.420216 1.068914 0.264035 
-0.208357 0.043488 -0.388397 -0.369080 0.472778 0.495209 -0.002845 0.072110 
-0.384943 -0.327874 0.216164 0.316848 -0.268612 0.230611 -0.166973 -0.537875 
0.123561 -0.031070 -0.016495 0.088725 -0.374217 0.672876 0.148844 -0.218224 
-0.350288 0.248962 0.271851 0.033283 -0.439034 0.314483 0.289086 -0.021641 
0.285710 -0.290211 -0.133087 -0.095154 0.398277 0.260767 0.449826 -0.435021 
0.411728 -0.476958 0.218445 0.371426 0.203070 0.467529 -0.425261 0.327305 
0.233600 0.098470 0.276506 -0.419486 -0.410635 -0.059662 -0.058310 0.046347 
-0.480347 -0.144540 -0.411088 0.316609 0.437919 -0.129944 -0.064198 -0.191563 
-0.055969 -0.441284 -0.020691 -0.018457 0.415527 -0.263153 0.234528 -0.293549 
-0.246735 0.225464 0.275238 -0.300966 -0.487732 0.341303 -0.082245 0.370117 
0.321472 0.195343 -0.493378 0.311041 -0.379730 -0.140382 -0.442993 0.453217 
-0.292786 0.245680 -0.290100 0.378384 0.148865 -0.097974 -0.000336 0.008392 
0.216156 -0.341544 0.458079 0.476973 0.380473 -0.375622 -0.112885 0.480359 
-0.029882 0.011841 0.313670 -0.049723 0.360075 -0.348937 0.199899 -0.270629 
0.595236 -0.099426 -0.389180 0.247931 0.201191 0.463830 -0.089511 0.333523 
0.057678 0.282532 -0.269098 -0.183097 -0.203080 -0.066208 0.438403 0.157593 
-0.254791 -0.083344 -0.033295 0.205902 0.375194 -0.371796 -0.062023 -0.246362 
0.293463 0.567897 1.277925 0.180532 -0.479035 -0.187544 -0.104532 -0.123792 
-0.317769 -0.003505 0.472503 -0.076847 0.146817 0.165355 1.416671 0.997449 
-1.358738 -0.925154 -0.453281 -0.221675 -0.109574 0.807051 0.559297 -0.583862 
-0.875289 -1.151214 -1.667699 -0.309731 0.381870 -0.139726 0.159599 -0.057639 
-0.588289 -0.926780 -0.807012 -0.236071 0.234974 0.158451 -0.480806 0.170322 
-0.669914 1.749593 0.011215 0.516649 -0.067282 0.315953 0.310486 0.446777 
-0.537850 0.030591 0.265412 -0.187549 -0.727792 0.219379 0.375061 -0.158651 
-0.879047 0.420657 0.486586 0.279297 0.562337 -0.254181 0.425568 -0.223501 
-0.519386 0.196805 0.541038 0.420757 -0.398481 -0.169469 0.530891 2.021322 
-0.345033 -0.274676 0.611814 0.533809 -0.432200 0.285544 0.583966 1.972375 
-1.128031 -0.891104 -0.192543 -0.337528 -0.415462 -0.037970 -0.135646 -0.220524 
-3.282816 -1.745965 -1.367840 -1.714394 0.081349 -1.105888 -0.562806 0.011735 
-0.526034 -0.007802 -0.215478 -0.946573 -0.343646 -0.822630 0.623565 1.318177 
-1.630324 2.140003 -0.349698 1.086389 0.732791 1.034580 -0.717483 -1.177820 
-1.030292 -0.359359 0.362366 0.481793 -0.753728 -0.351128 -0.600287 -2.269336 
0.120344 0.434102 0.331909 0.137115 -0.510649 -0.346222 -0.357208 0.084961 
-0.290397 0.488824 0.277044 0.057279 -0.256617 0.318411 0.651916 -0.032082 
-0.038667 0.558462 0.405726 -0.801843 -0.544062 0.566032 -0.194458 -0.385015 
0.146328 -0.192797 0.197327 -0.403992 -0.140747 0.203450 0.415690 -0.673123 
-0.457493 -0.459112 -0.016701 0.061829 0.098907 -0.373088 0.569205 -0.369247 
-0.529474 0.421555 0.039087 -0.475342 0.270435 -0.510822 0.364685 0.370368 
-0.120669 -0.068356 -0.407688 -0.127899 0.030384 -0.534173 -0.159027 0.250468 
0.232107 -0.434357 -0.402421 -0.496550 0.148590 -0.200953 -0.434570 -0.216830 
-0.661266 0.250000 0.475281 -0.275391 0.192978 -0.075470 -0.215088 0.481384 
-0.246735 0.152832 0.225830 0.013489 0.060139 -0.169495 -0.179162 -0.110718 
0.068451 -0.214966 0.373291 -0.054108 -0.674013 -0.097168 -0.189544 -0.427429 
-0.470215 0.068604 0.310766 -0.193665 0.013955 -0.185088 -0.192620 0.240143 
0.349182 0.399231 -0.185762 -0.341631 -0.415869 0.083835 0.030144 -0.003632 
-0.451771 -0.154640 -0.250332 -0.208619 0.436610 0.415973 -0.108601 0.401870 
-0.474129 0.292623 -0.149567 0.210645 0.360669 0.441618 -0.537995 -0.453639 
-0.407517 0.046661 0.313446 -0.201004 0.106806 -0.043744 -0.314589 -0.139598 
-0.406281 0.181976 -0.230347 -0.012909 -0.343048 0.131857 -0.016376 0.314674 
0.377771 0.194910 6.100088 6.738585 0.905043 -0.169947 0.611767 0.399655 
-0.049512 0.670246 4.164158 4.584644 2.006291 -0.753187 -0.277516 -0.363159 
-0.668382 -0.241400 0.655719 1.005070 -1.803646 -3.190068 0.177535 0.530044 
1.198423 1.915501 1.713039 0.482788 0.605391 0.015736 0.594681 0.617823 
-0.631672 -6.336164 0.522814 0.650221 0.925184 0.422387 -0.014121 0.623626 
0.076190 -4.766958 -2.659961 -0.488937 2.042855 3.671800 0.183441 0.413313 
0.122303 -0.034577 -2.769571 0.355978 0.917310 0.810233 -0.398381 -0.358250 
-0.290753 0.101559 0.098353 -0.130090 -0.434509 -0.161181 2.457110 1.933581 
1.380871 0.057158 0.639268 0.787913 0.599607 0.292937 4.675219 4.219195 
1.319293 0.624237 1.063880 -0.445320 -3.173175 0.585382 4.569926 4.060753 
1.275624 1.118369 1.088671 -0.292547 -1.068419 -0.214993 2.395367 2.977185 
1.913630 2.174227 0.761769 1.154119 0.688311 0.456787 0.821103 1.843723 
1.643429 3.162700 2.148968 0.640520 0.616700 -0.505723 0.626868 -0.553515 
1.023784 0.665222 2.376426 1.140343 -0.098580 0.614477 1.155954 0.061441 
-0.347999 -1.005487 0.990861 0.640344 0.045339 0.070207 -0.180619 0.655218 
-1.376266 -0.219558 0.337107 0.318359 0.412323 -0.371414 0.088654 0.215759 
-0.425110 0.442706 -0.321254 0.978411 -1.436382 -2.749637 0.282519 -0.635633 
-0.336028 0.171147 0.055569 0.182095 -1.928040 -1.824565 -0.006053 -0.370148 
-0.080974 -0.612616 0.373272 0.082977 -0.392456 -0.548261 -0.437905 0.486325 
0.041429 -2.038443 -0.451057 0.446963 -0.497467 0.368835 0.329642 -0.164345 
-0.472710 0.025459 -0.438392 0.333075 -0.474579 0.249852 0.136663 0.255371 
0.399482 -0.464515 -0.120882 0.412909 0.682702 0.500312 0.418240 0.077240 
0.128942 0.319224 -0.124603 0.310400 0.126933 0.620414 0.474902 -0.316864 
0.208457 -0.025462 0.386566 0.277740 -0.294739 0.041843 0.258392 -0.373352 
-0.350983 0.204468 -0.142639 -0.480408 -0.087311 -0.088144 0.476379 -0.288608 
-0.273193 -0.360382 0.186493 0.182800 0.382324 0.578935 0.479462 -0.060331 
0.279358 0.308685 0.222839 0.216885 0.288544 -0.171711 0.230651 1.029204 
0.424866 -0.236481 0.328003 0.459004 -0.162302 0.207711 0.327061 1.095402 
0.091064 0.116173 -0.102513 0.492246 -0.179849 0.434846 0.329093 -0.154904 
-0.404632 0.070179 -0.211747 0.203949 0.193972 0.074791 -0.018316 -0.185569 
0.094352 -0.183851 0.175171 0.308624 -0.426977 0.470435 0.039643 -1.595096 
-0.136555 -0.444031 0.112854 -0.306641 -0.047852 -0.319702 0.054317 0.733592 
0.400835 0.284725 0.429663 0.557352 0.688553 -0.416071 -0.608545 0.261220 
0.320688 0.557289 0.477313 -0.207192 -0.674096 -1.735426 -0.480753 -0.335136 
0.578190 0.561987 -0.018785 0.382260 -0.090542 -0.634107 -0.475871 0.149951 
1.162374 -0.088290 -0.148040 0.192967 -0.331275 -0.947015 0.322387 0.936200 
6.418086 5.508447 1.017434 0.506562 0.215559 0.833349 0.913465 0.259634 
1.257262 -0.412971 0.598361 0.944909 0.894317 2.399968 1.605410 -0.005522 
0.029606 -0.772945 -0.865814 -0.459772 -0.073624 0.840085 1.200944 -0.366247 
-0.445303 -0.315809 0.181119 -0.491668 -0.360003 0.104095 0.693686 0.369415 
0.464050 -0.446276 -0.481137 -0.510408 -0.921218 0.006252 -0.283980 -0.427255 
0.637197 2.226129 -2.949426 -3.318226 -2.700854 -0.773082 -1.147134 0.241549 
0.906830 1.805676 -3.665746 -3.078483 -2.730374 0.065974 0.142796 1.531718 
1.863259 1.320796 -2.422178 -3.292460 -3.001900 0.908733 -0.769000 8.669377 
9.321378 0.653725 0.477783 -0.466057 4.127140 -0.101455 0.351645 5.783380 
4.969899 1.389343 -2.554992 0.896246 5.511764 4.835598 2.460790 1.083161 
0.083810 -0.734850 -0.433489 -0.680177 3.196005 8.453142 -0.140620 0.441123 
-1.263608 -1.599272 0.084828 -0.398656 0.338989 -0.117218 -0.135349 0.091949 
-0.259308 -0.342946 0.351061 0.081254 0.689480 -0.589802 -0.957646 -0.292651 
-0.213620 0.366014 -0.191814 -0.475240 0.229084 -0.911052 -1.380746 -0.127886 
-0.205459 -0.197208 -0.612584 -0.069890 -0.083466 -0.103729 0.142287 -0.208555 
-0.215449 0.350188 -0.824526 0.171624 0.932888 -0.010284 -0.419220 0.157069 
0.010986 0.050517 0.010932 0.500510 -0.241635 -0.298553 0.576678 0.152070 
0.279480 1.765918 0.420635 0.138528 0.527583 0.507508 0.699551 -0.117511 
0.213745 0.040556 -0.295886 -0.050720 -0.081720 1.767269 0.285974 0.345466 
0.110504 0.056093 0.173395 0.130890 0.494537 -0.413239 0.275161 -0.357727 
-0.059479 -0.119659 -0.330200 -0.283630 -0.469269 0.023926 0.282090 0.210541 
-0.209768 0.259094 0.446228 -0.498993 0.454651 0.136261 -0.020033 -0.233917 
0.510804 0.454254 -0.202454 0.081848 0.339862 0.012177 -0.291870 2.349539 
0.100493 0.173981 0.491638 -0.079742 0.274703 0.152268 -0.103852 1.857281 
1.262974 -0.337463 0.331384 0.523870 0.063081 0.066634 0.093491 0.633515 
0.255249 -0.224419 -0.050645 0.603650 0.438965 0.258559 0.204003 -0.390988 
-0.090896 -0.028704 -0.218973 -0.129730 0.014130 -0.078382 -0.201501 0.262660 
-0.720221 -0.703581 0.496368 -0.175323 -0.364716 -0.213745 -0.402435 0.919500 
-0.271769 0.255771 -0.332283 0.249708 -1.285273 -4.019619 -3.538560 -2.767148 
0.608229 -0.808605 -0.381076 -0.998351 -1.694963 -5.500650 -4.416789 -3.341723 
0.465954 -1.471442 -1.143015 -0.984630 -1.642771 -4.832531 -4.638290 -3.385022 
-0.623046 -1.201602 -0.733514 -1.106973 -1.051355 -1.309872 -1.694048 -1.993830 
-0.392385 -0.680203 -0.744325 -0.082001 -0.647939 -0.422986 0.043601 0.264207 
0.447357 -0.284647 -0.375065 -0.584638 -1.269454 -0.649923 -0.854283 -0.267363 
0.460885 -0.629124 -0.486395 0.268557 -0.206544 0.159360 -1.202009 0.004827 
-0.421413 -0.050886 -0.270782 -0.333654 0.284913 0.051666 0.293182 -0.019860 
0.140930 0.233643 -0.042645 9.904130 20.075315 20.004726 9.671657 -0.002891 
-0.109133 -0.369728 -0.199966 10.426623 17.761066 18.329296 9.502691 0.155038 
-0.016426 -2.248567 -1.996682 3.272291 6.160675 6.451563 -0.132056 -0.373326 
-0.192655 -0.424129 -1.341456 -1.599789 -0.685902 -0.469384 -1.398257 -0.182658 
-0.753040 -1.117630 0.167146 -0.151089 -0.478814 -0.974242 -1.768620 -0.224305 
0.018859 -1.022700 -0.176892 -0.719541 0.770666 -2.921620 -0.635689 -0.621590 
6.136488 0.107555 -1.140832 -3.221236 -0.397373 -0.044695 -0.017756 -0.493732 
0.703110 -0.577121 -0.100345 -0.192701 -0.036893 -0.046783 0.374603 0.213470 
-0.342865 0.035217 -0.397884 0.002494 -0.069034 0.743344 -0.653267 -0.132575 
0.648594 -0.137173 0.304483 0.094429 0.327666 0.220027 -0.469057 -0.139622 
0.554462 -0.260441 0.331822 -0.623102 0.888568 -0.414703 0.277679 -0.177656 
0.032626 -0.619020 -0.770234 -0.167352 0.368120 -0.107872 -0.304749 0.313782 
0.066147 -0.284703 -0.056073 -0.394901 -0.577590 0.474880 -0.413452 -0.079802 
0.050489 -0.229126 -0.182835 0.014224 -0.493730 -0.210847 -0.251175 0.382898 
0.223533 -0.200470 -0.181095 0.020942 -0.341614 -0.562436 -0.693256 -0.558599 
-0.060250 0.225739 0.453434 -0.218131 0.046783 0.061310 -0.025360 0.011495 
0.127777 -0.319489 0.163116 0.103821 0.427368 -0.274963 -0.210114 0.016005 
-0.222351 -0.002035 -0.347504 0.400513 0.321167 0.318268 0.219299 -0.087837 
-0.440460 -0.140175 -0.415558 -0.072479 -0.285004 0.085388 -0.264648 0.195556 
0.223269 0.013137 0.133026 -0.197601 -0.375977 -0.225395 -0.560959 -0.063106 
-0.076529 -0.200415 -0.452423 0.058028 -0.310944 -0.290344 0.386964 0.111407 
-0.494491 0.356195 -0.325312 -0.408524 -0.327237 -0.170074 -0.272468 0.368847 
0.756339 0.106853 -0.278208 -0.074972 -0.168854 -0.222626 -0.297508 0.421819 
0.447819 -0.452548 0.373811 -0.118988 0.206390 -0.053833 0.226135 -0.352509 
0.174985 -0.009997 -0.016011 -0.115889 0.286019 -1.080210 -1.522170 -0.464316 
-0.213943 0.143257 0.569211 -0.457281 0.008868 -0.460064 -2.768870 -0.697346 
-0.224952 0.018172 -1.111690 0.465305 -0.489622 0.369440 -1.097433 0.467834 
-0.245274 -0.065464 0.118853 -0.449018 -0.106592 -0.389744 -0.359388 -0.197270 
-0.380923 -0.581782 -0.252757 -0.344753 0.260172 -0.490181 0.119604 -0.410939 
-0.172112 -0.225551 -0.538995 -0.453000 -0.876482 -0.711981 -0.021114 0.908935 
-0.057780 -0.107412 0.051670 -0.524185 -0.033247 -0.164065 -0.430387 0.282882 
0.492089 0.312230 -0.058747 -0.207169 -0.175605 0.178342 0.261902 0.266418 
-0.032538 -0.216553 0.446381 0.029537 -0.381629 -0.263327 0.114270 0.346486 
-0.521625 0.444381 -0.101523 -0.129011 -0.025551 0.588178 -0.904187 -1.867532 
-2.272942 0.462670 0.350964 0.010207 -0.133932 0.569183 -1.444767 -5.236347 
-6.355134 0.067969 -0.136952 -0.141190 0.056786 -0.508916 -1.933667 -5.597799 
-5.570432 -0.310199 -0.315377 -0.477247 -2.205918 -2.280919 -2.623703 -2.147288 
-2.054504 0.263172 0.417992 -0.598335 -2.614586 -2.463016 -2.260905 -1.381476 
-1.942912 -0.883970 -0.034124 -0.499527 -2.584331 -2.504455 -2.419924 -0.546714 
-0.962585 -0.407389 -2.229410 -2.891214 -0.393860 0.327606 0.214722 0.080353 
-0.155669 -0.118286 -0.062988 -0.023438 0.116785 -0.137334 0.049427 -0.475509 
-0.101306 -0.300500 0.386090 0.133504 0.138925 0.021426 -0.169962 -0.707618 
-0.296717 0.184592 -0.267330 -0.382777 -0.578092 -0.557890 -0.215332 0.442413 
-0.246274 0.221548 -0.105059 0.021900 -0.389299 -0.180355 0.146019 -0.222260 
-0.424255 0.010667 -0.511848 0.454004 -0.352378 -0.205948 -0.107554 -0.111938 
0.060961 0.413961 -0.192810 0.394383 -0.012066 0.088182 0.406977 0.061499 
0.506324 -0.137855 -0.488098 -0.061728 0.310330 -0.340820 -0.169456 -0.324221 
0.129637 -0.157872 -0.387939 -0.264607 -0.141023 -0.035187 0.217407 0.284637 
-0.287128 0.104919 -0.162628 0.181946 0.102539 0.495697 0.479706 -0.424255 
0.167769 -0.207306 0.341032 0.381317 0.481842 0.210510 0.270752 -0.433929 
0.039637 0.461945 0.233231 0.245087 -0.107056 -0.489777 0.468685 -0.410492 
0.302915 0.113614 -0.245117 -0.452942 0.257233 0.300781 -0.255772 0.367577 
0.462032 0.343621 -0.047082 -0.012177 0.086914 0.053131 0.135345 0.109335 
-0.457439 0.302610 0.020529 0.257565 0.045442 -0.164985 -0.419891 -0.621108 
-0.446289 -0.291286 0.372483 0.093187 -0.479251 -0.437927 -0.488525 -0.167084 
-0.049951 0.296154 0.240819 0.337338 0.165405 -0.339966 0.402802 0.074554 
0.320709 0.200289 -0.461424 0.086731 0.485676 -0.459533 0.325858 -0.161533 
-0.389138 -0.210641 0.316579 -0.458435 0.339990 0.447544 -0.446927 -0.462860 
0.227032 -0.037082 -0.339424 0.300533 -0.281063 -0.423647 0.042625 0.420792 
0.152773 -0.174602 0.516517 0.324607 -0.196372 -0.037436 0.065284 -0.329477 
-0.122615 -0.437817 0.319881 -0.282041 0.480600 0.357008 -0.920437 -0.127242 
-0.284314 0.276815 -0.241684 -0.132306 0.134341 -0.375862 -4.479265 -2.688653 
-0.444697 -0.689615 0.252840 -0.119359 0.231359 -0.446716 -0.802317 -0.608998 
-0.040637 -0.252430 0.313060 -0.275350 0.024353 -0.016327 -0.096283 -0.354553 
0.431946 0.206535 0.398590 0.136261 0.263336 -0.156344 -0.747299 -0.774430 
-1.305710 0.024572 0.330383 -0.441528 0.328328 0.109464 -1.387771 -1.711484 
-0.962726 -0.582343 -0.118713 -3.493397 0.066544 -0.459475 -1.034656 -1.522502 
-1.270766 -0.197465 0.354747 0.291654 0.369323 -6.874386 0.285359 -0.183299 
-0.482919 0.395823 -0.076809 -0.497970 -0.344697 -2.410928 -0.652510 -0.945873 
-2.401920 -1.434911 -0.096152 -0.693456 -0.768671 -0.272599 -1.778146 -1.382881 
-7.781532 -4.753006 0.043982 -2.541553 -5.395840 -0.296844 0.109406 0.268905 
-0.887564 -0.045982 0.271756 -0.218121 -0.053345 -0.494049 -0.147064 0.192627 
-0.197723 -0.272552 -0.174927 -0.224182 0.451904 0.138885 0.378235 -0.040069 
0.008447 -0.073853 0.206032 0.372446 -0.153778 0.427765 0.159783 0.246112 
-0.305992 0.074432 0.106279 -0.515290 -0.058020 0.140808 0.356217 -0.047089 
0.389069 0.310150 0.161367 0.403004 0.096702 0.050619 -0.492649 0.055989 
-0.084839 -0.192749 -0.476535 -0.206779 -0.221656 -0.019853 -0.574242 0.496932 
-0.029327 -0.319189 -0.463981 -0.148376 0.072221 -0.047848 -0.254301 -0.395678 
-0.461699 -0.543789 0.323886 0.299255 0.252962 0.061087 0.298126 0.313405 
0.196399 0.075380 0.175516 0.490692 0.440033 -0.202728 0.383270 -0.088654 
0.189545 -0.474951 0.192535 0.450745 0.056305 -0.164063 -0.141754 0.399811 
0.473999 -0.295393 -0.095367 -0.553952 0.436737 0.312927 -0.223480 0.443481 
-0.452271 0.276264 -0.205353 -0.962796 0.380707 -0.214508 0.423035 0.032440 
0.153809 -0.322322 -0.156435 -0.345743 -0.284149 0.315765 -0.123383 -0.447632 
-0.172015 0.472575 0.133020 -0.339211 -0.139374 -0.466736 -0.532149 -0.153137 
-0.457314 0.064045 0.353973 -0.101645 0.386841 -0.302551 -0.434716 0.280121 
0.121043 0.391305 0.329068 -0.238312 -0.417877 -0.239899 -0.409576 -0.200714 
-0.086114 0.142130 -0.129277 -0.231110 0.012360 0.427856 -0.372437 -0.002991 
0.351532 -0.193695 -0.436664 -0.376218 0.160812 0.201494 0.443298 0.173770 
0.731810 0.024229 0.598966 0.191563 -0.164268 -0.254654 0.079422 -0.045938 
0.625261 0.627606 0.812614 -0.042736 0.176708 0.993806 0.596462 -0.473754 
0.470336 0.272685 0.666240 0.046767 -0.297598 0.634679 -0.230165 0.031612 
1.613779 0.368393 0.414065 -0.358070 0.138019 0.794713 0.535765 4.341125 
0.923147 -0.221703 0.171455 -0.342103 0.098196 -0.088711 1.128396 2.645091 
0.425263 1.143084 1.384732 -0.253022 0.552884 0.136420 0.504929 -0.233001 
-0.215542 0.897681 1.159070 -0.356044 0.208184 -0.117001 0.470805 -0.252218 
0.088910 0.005829 0.226137 -0.626133 -0.770145 0.060412 -0.257771 -0.025552 
0.203434 7.564604 9.158604 -1.148609 -1.683772 -0.669701 -0.297117 -0.148809 
0.343476 5.626167 14.392849 -1.665654 1.009614 -0.930221 0.321632 -0.199173 
0.335551 1.317793 2.309601 -0.464696 -0.473191 -1.177290 -0.418123 0.167378 
1.021106 0.784257 0.436503 1.221541 -0.002476 1.019048 0.157054 0.487520 
0.693384 0.787903 0.236012 0.429426 0.756829 2.421433 -0.163126 2.462699 
2.276930 0.555415 0.615777 -0.146808 5.309858 10.420928 0.049663 0.753195 
-0.125972 0.405517 0.307494 -0.132214 2.170016 4.828274 -0.008173 0.181405 
0.030975 0.072479 -0.230988 0.140747 0.442688 0.357756 -0.492225 -0.260716 
0.014962 2.322288 3.124542 -0.478392 -0.229500 0.338756 0.241049 0.402206 
-0.351620 1.758006 1.976562 -0.360206 0.370503 0.297626 0.743699 -0.186040 
0.270325 0.221741 0.423137 0.511588 -0.257673 0.510766 1.954164 -0.329285 
-0.322479 -0.343903 -0.427917 0.240041 -0.305378 -0.066934 0.037841 0.625648 
0.274045 0.425690 -0.311885 -0.145001 0.379303 0.123309 -0.032117 -0.216022 
0.655876 0.142951 -0.154057 -0.384629 -0.076538 0.295116 0.463974 -0.070251 
-0.308643 -0.272724 -0.331110 -0.443045 0.281067 0.156438 0.116731 0.408447 
0.064026 -0.173401 -0.297377 0.410217 -0.211395 0.245758 0.425507 -0.015106 
0.189270 0.385895 -0.046278 -0.413147 -0.026329 0.125580 0.236664 -0.027496 
0.432312 0.091705 0.286722 0.296021 -0.024300 0.411560 0.096832 0.017609 
0.468129 0.277161 -0.069636 -0.198497 0.673026 0.322205 0.491119 0.162140 
-0.150796 -0.095256 -0.358075 -0.330464 0.581109 -0.356812 0.268167 -0.068878 
-0.026886 0.212941 0.210892 0.262305 0.094850 -0.227506 0.093532 0.394965 
0.089996 0.494759 0.134711 0.397371 0.372103 -0.125000 0.445561 -0.143860 
0.292572 -0.439358 0.465420 -0.428260 2.175913 0.938488 0.400421 -0.085205 
-0.096893 0.088470 -0.456787 0.626137 -0.485321 0.079582 -0.149982 0.247682 
-0.188883 -3.098717 -0.343532 -0.021126 -0.033048 0.297692 -0.122340 -1.388823 
-0.388498 -1.342494 -1.461073 -0.722778 0.118490 1.197703 -0.913886 -0.873944 
-0.061684 -0.868551 -0.357483 -0.426029 -2.619764 -0.340802 -0.073330 0.437479 
0.806434 0.043184 -0.741995 -0.115003 0.130091 -0.011569 0.902651 0.406288 
-0.285875 -0.889409 -0.392514 -0.385894 0.357486 0.195867 0.256809 -0.130609 
0.537642 0.159979 -2.202164 -3.816087 -0.439839 0.118744 -0.544380 -0.402797 
-0.013795 -0.343013 -0.790400 -1.312524 -0.364951 -0.382682 0.169603 -0.245669 
0.306676 -0.321564 -0.404297 0.216583 -0.472860 -0.317800 -0.537598 -1.376417 
-1.892561 -2.656972 -1.769467 -0.227252 -1.409204 -1.100691 -1.746449 -1.192823 
-1.920844 -1.291138 -1.099656 -0.156362 -1.914492 -1.712352 0.839121 -0.595287 
-1.197214 -0.220137 -0.693885 0.312419 -1.154711 -0.570228 -1.401981 -0.902268 
0.002633 1.401972 1.284694 0.007238 -0.913507 -0.842569 -0.344777 0.806045 
0.210615 0.060749 0.469334 0.447554 -0.280491 -0.413781 -1.502280 -1.876581 
0.239195 -0.931688 -2.572865 1.029099 -0.681462 -0.175259 -0.485677 -1.074037 
0.057938 0.134291 -1.932412 -0.157747 -0.503695 -0.387888 -0.732916 0.064484 
0.030509 0.416779 0.268890 -0.431830 -0.412933 0.024597 0.400604 -0.471538 
-0.100864 -0.677488 -0.374859 -0.030189 0.182827 0.426093 -0.234979 -0.483691 
0.384105 -0.470355 -0.136681 -0.464441 0.118666 -0.248996 -0.092763 -0.522086 
-0.131798 -0.445526 0.078705 -0.246527 -0.327338 -0.192812 -0.444018 -0.243427 
0.032815 -0.065251 0.239105 0.307037 -0.265199 -0.365582 -0.486974 -0.204471 
0.321822 -0.366831 -0.242218 -0.377174 0.421422 -0.191620 -0.034729 0.360773 
-0.314230 0.084697 0.159674 0.031481 -0.159811 -0.207397 -0.305997 0.026705 
-0.009460 -0.395207 -0.549300 0.172306 -0.114818 0.249054 0.528349 0.341015 
-0.165710 0.123810 -0.054443 -0.414527 -0.200500 0.225189 -0.318481 -0.169037 
-0.184113 0.329834 -0.057129 -0.188418 -0.270905 0.155860 0.151123 -0.346893 
0.243896 0.264862 -0.146515 0.029979 0.285675 -0.064442 -0.009430 0.045013 
-0.325928 0.429801 0.476471 -0.043524 -0.112194 -1.078905 0.091217 -0.295227 
0.471588 -0.107617 -0.321758 0.250846 0.366657 -0.515560 -0.299103 -0.213821 
0.354754 0.081211 -0.004653 -0.359651 -0.385365 -0.347197 -0.042824 -0.133263 
0.057197 -0.499908 0.185415 -0.246397 -0.290488 0.335773 -0.406954 -0.506514 
-0.323029 0.081299 -0.473863 0.407188 0.319337 0.006150 0.167502 0.327942 
0.475403 -0.380096 0.008545 -0.407471 0.293166 -0.359736 0.101556 -0.047266 
0.285251 -0.286720 -0.043664 -0.289791 -0.029139 -0.355133 -0.280131 -0.020533 
0.554965 0.263791 0.114524 0.043163 0.042971 -1.029208 -0.540041 0.076018 
0.888650 0.544782 -0.196028 -0.108888 0.196812 0.908815 -0.248853 0.277280 
0.816908 1.007971 -0.553091 0.172943 0.222381 0.132447 -1.588657 -0.838483 
1.025965 1.012460 0.264111 0.039480 0.616576 1.238308 -0.236604 -0.768658 
-0.406059 -0.044963 -0.036805 1.367239 1.211643 0.776770 0.258784 0.311284 
-0.690748 0.122055 0.133108 0.828323 -1.191673 0.621395 -0.156809 -0.254299 
-0.320006 -0.278770 -0.091465 0.113190 -1.079540 0.459717 0.474030 -0.180043 
0.655135 3.931240 4.126280 2.694777 0.641441 -0.031619 -0.063156 -0.032708 
1.237324 4.213247 4.963748 3.422694 1.308157 0.178861 1.411866 -5.654287 
0.261312 2.798319 2.920035 2.732238 0.146314 4.696767 5.113055 1.679768 
2.178013 -3.115476 -2.996945 -3.250839 -0.527421 8.315326 7.855011 3.136255 
-0.974809 -2.315434 -1.135526 -2.234524 -0.742169 9.454195 8.518002 3.332792 
1.104599 -5.711752 -2.611553 -0.767784 -0.578172 5.194127 5.068154 2.039441 
0.057642 -0.238269 -0.543591 0.720006 -0.227450 -0.133722 -0.169360 0.314452 
0.339845 0.259503 -0.175354 -0.432387 0.377203 -0.365692 0.251251 0.147800 
-0.080456 0.290702 -0.423018 0.214081 0.429113 0.075665 0.224725 0.344917 
-0.589065 0.275149 -0.258179 0.596466 0.573875 0.420453 -0.765429 -0.408324 
0.105981 -0.188812 0.067688 -0.130646 0.039824 -0.107240 -0.625137 -0.741647 
0.316676 -0.498781 -0.049698 -0.497070 -0.483490 -0.143951 0.330573 -0.998875 
-0.404430 0.146334 0.139902 0.256989 -0.281711 -0.077992 0.146759 0.194949 
0.441851 -0.318837 -0.326514 -0.085581 -0.438819 0.270023 -0.372620 0.085871 
-0.211515 0.191498 0.376667 -0.478837 -0.193052 -0.079911 0.419434 -0.157805 
-0.253186 0.045319 0.343445 0.401184 -0.391159 0.274170 0.126221 0.437988 
-0.146118 0.038666 0.381805 0.117554 0.079456 -0.118530 0.029237 -0.014648 
0.482513 0.343536 0.201141 0.234650 -0.021325 -0.283752 -0.484729 -0.385345 
0.348114 -0.394379 -0.037959 0.151276 0.070198 0.244987 0.156056 -0.319702 
-0.277771 0.006653 -0.219004 -0.107144 -0.097305 -0.312179 0.331885 -0.005371 
0.289190 0.146725 0.336731 -0.549351 -0.621739 -0.252992 -0.184601 -0.133742 
-0.549647 -0.406072 -0.102295 -0.073211 -0.011078 -0.161957 -0.382606 0.288241 
-0.410894 0.215759 -0.356720 -0.457067 -0.091682 0.056811 -0.173905 -0.174420 
-0.431519 -0.099426 -0.220245 0.059143 0.310272 0.324088 -0.291164 -0.556907 
-0.632678 -1.431449 -0.469973 -1.555168 -0.068203 0.228405 -0.415069 -0.351247 
-0.580284 -0.335100 -0.366533 -2.262593 -0.178041 0.089867 -0.074306 -0.120820 
0.335353 0.749765 0.225427 -0.447336 0.642361 0.519629 -0.813973 0.153199 
0.248484 0.781928 -0.169069 0.563078 -0.027662 -0.270702 -0.356192 -0.742331 
0.393167 1.603749 1.592958 0.284903 -0.325519 -0.245453 -0.268027 -0.399469 
-0.088714 1.480568 -1.044821 -0.980095 -0.588710 -1.434513 -0.197459 0.104437 
-0.217841 0.201450 -0.266255 0.394869 -0.451962 -0.289338 0.201935 1.031483 
0.405601 -0.352909 -0.483534 -0.013154 -0.443146 0.228938 -0.299408 0.058136 
-0.441620 0.086151 -0.450012 -0.309739 -0.123384 -0.217657 -0.281494 -0.332201 
-0.341634 -0.496307 -0.326721 -1.607801 -2.352405 -1.199629 -0.037598 -1.354365 
0.027012 -0.376380 -0.205681 -1.104717 -1.208399 -1.145072 -0.559095 -0.065968 
0.483913 -2.699343 -0.146314 -1.252030 -1.505382 -1.387744 0.458180 -2.008469 
0.011981 -1.114131 -0.893117 0.071603 -0.121504 0.337881 0.624037 0.572098 
-0.395334 -0.322767 -1.099368 -0.226849 -0.536156 -0.689576 0.274005 0.174047 
-1.698310 -0.498186 -0.204404 0.069976 -0.630016 -0.119057 0.394844 7.072686 
4.112618 0.099351 -0.124930 -0.370422 0.336487 -0.311401 -0.334381 -0.244049 
-0.015625 0.028755 -0.289031 -0.245394 0.914061 0.740188 -0.115617 0.172911 
0.429818 0.234557 0.488207 0.478834 1.083559 0.853899 -0.199973 0.112077 
-0.176401 0.968555 0.448870 0.164276 -0.052582 -0.197243 0.418170 0.033073 
-0.206681 0.449987 0.478992 0.433093 -0.477631 0.161713 -0.069032 -0.165892 
0.180635 0.401975 0.344069 -0.176170 -0.300659 0.157652 -0.426655 -0.167419 
0.199247 0.028748 0.055100 -0.278317 0.289312 -0.495973 -0.281186 -0.365448 
0.303467 -0.263756 -0.373108 -0.479194 0.431425 0.257870 0.277697 0.121857 
0.065164 0.096540 0.422211 0.432678 -0.343048 -0.108393 0.259644 0.306030 
-0.196747 0.012390 -0.232727 0.004852 0.198181 -0.175289 0.343109 0.282361 
-0.351898 -0.172241 -0.239014 0.411865 0.429901 0.394929 0.438019 0.039685 
-0.035187 0.339050 0.014893 -0.290329 -0.195251 0.290261 0.259860 -0.883812 
-0.068878 -0.115662 0.215790 -0.111009 0.366039 -0.234679 -0.081750 -0.069773 
0.096832 0.400089 -0.326379 -0.110976 0.310898 -0.331352 0.264108 -0.464954 
-0.053706 0.484134 -0.139819 -0.234467 -0.513377 -0.372574 -0.232285 -0.080617 
0.471086 0.458618 0.308777 -0.354828 0.269906 -0.021923 0.024068 0.142430 
-0.077194 0.430542 0.356903 -0.158569 -0.473938 -0.086273 0.067158 0.692368 
0.325259 0.359720 -0.308257 -0.114169 -0.011216 0.723278 0.745572 -0.371533 
0.300027 0.164807 1.072545 -0.573036 0.460614 0.663871 0.181409 -0.122927 
-0.153568 0.594534 1.499523 0.466096 0.321048 -0.078334 0.442269 -0.286752 
0.192297 0.692030 -0.347679 0.058618 0.991568 0.084743 0.016517 0.037751 
0.602252 0.202401 -0.008417 1.205251 0.849480 0.562087 0.317766 -0.269409 
0.431205 0.575937 1.284861 1.234441 0.519360 0.708757 0.720119 0.189457 
-0.107984 0.614111 -0.041565 0.455536 -0.110871 0.003222 0.114497 -0.048037 
-0.005125 -0.006707 0.106953 0.314015 -0.048340 -0.178131 -0.151149 -0.502273 
-0.595474 0.218244 0.195018 -0.254223 0.621028 0.002536 0.040879 -0.880324 
-0.315193 -0.591181 -0.260953 0.031396 -0.015513 -0.129784 0.458217 -1.278155 
1.286674 -0.306242 -0.385850 0.489807 0.514336 0.592091 0.343305 -0.484918 
-0.976859 0.202758 0.923690 0.538347 0.260583 0.454263 0.533553 0.076043 
0.081670 0.402942 -0.299387 0.918960 0.777456 0.155585 0.228461 -0.171068 
1.539359 2.767636 0.843149 1.786691 0.703789 0.857572 0.504504 -0.577750 
1.520592 2.937426 0.485822 0.036936 -0.289411 -0.128105 -0.425811 -0.077586 
1.166244 0.444184 0.103952 0.257202 -0.058472 -0.312531 0.143741 0.022858 
0.195404 0.404785 0.187929 -0.070251 0.047934 0.636254 0.730819 -0.518260 
-0.375031 0.037817 -0.131580 0.041612 0.037219 0.136088 0.693896 -0.289611 
-0.005388 0.105041 -0.115314 0.163091 0.154999 0.149139 -0.321242 0.053002 
-0.296331 -0.263448 0.315915 0.297354 0.283519 -0.029938 -0.478058 -0.488424 
-0.203409 -0.120394 0.179891 0.011595 -0.045793 -0.053986 -0.146488 0.541045 
0.102753 -0.272051 0.332749 -0.014091 0.419111 0.033962 0.485075 0.239796 
0.280090 -0.233171 -0.175391 -0.241974 0.277358 0.427836 -0.420360 0.121510 
-0.480408 -0.241408 -0.321805 0.154846 -0.496490 -0.419128 -0.446010 -0.064972 
0.164001 -0.248993 -0.400726 -0.026550 -0.375977 0.478180 -0.374080 -0.395325 
0.402087 0.217468 0.032959 0.060974 -0.033264 0.424255 0.104432 0.380646 
0.385190 0.118652 0.000763 0.128693 -0.110093 0.262512 -0.184317 0.011104 
-0.160261 -0.051178 -0.404266 -0.185333 0.340839 0.430642 -0.443477 0.408911 
0.505723 -0.199097 -0.451355 -0.251294 0.433777 -0.090832 -0.420443 0.368082 
-0.122500 0.449383 -0.125730 -0.371648 -0.024933 0.492748 -0.243213 0.101225 
-0.096137 0.314925 0.029848 0.176880 0.066254 -0.417968 0.008673 -0.473781 
0.488376 -0.260243 0.239960 0.439392 -0.354614 -0.427612 -0.187073 0.462790 
0.262737 0.309843 0.293006 -0.432282 -0.074706 -0.055443 0.027252 0.480133 
0.340508 0.624862 -0.243643 0.843900 -0.384596 -0.214000 0.539444 1.802821 
0.090940 0.078089 0.522044 0.567594 0.472044 0.840458 0.338020 0.285789 
0.825036 -0.215784 0.713993 1.455782 -0.366259 0.387134 0.222092 -0.128547 
-0.784451 -1.610349 -1.307826 1.279301 0.824783 0.290078 0.344568 -0.379409 
-0.972685 -2.766293 -1.901553 0.185454 0.867026 -0.248355 0.423090 0.293842 
-1.512444 -3.151629 -2.317661 -0.259206 -0.420058 0.071023 0.022498 0.616809 
-1.118539 -0.907243 -0.107154 -0.556215 0.401818 -0.267700 0.469910 0.462620 
0.404907 -0.311615 0.269795 0.630783 4.511891 4.999065 4.914978 0.072786 
-0.024739 0.403806 1.403642 1.445465 4.637069 5.749256 4.716166 0.441774 
0.249764 0.749820 1.711276 1.709394 4.923029 4.798164 4.690582 0.046932 
-0.168480 0.841464 2.657456 0.530206 0.042476 0.582927 3.486846 0.240483 
1.052553 -1.995025 0.551773 1.559970 1.060110 0.911849 2.145911 0.596521 
0.706563 -0.590428 0.019259 5.380861 0.854160 1.016973 1.449790 0.665721 
1.628076 0.434808 1.979423 3.206463 0.512446 0.660467 1.283825 0.127071 
-0.267869 -0.127674 1.266834 -0.039048 -0.299967 0.130951 0.185547 0.425720 
0.192810 -0.079803 0.464570 0.945693 0.205219 0.813290 1.320966 1.051434 
-0.277345 0.039249 0.311371 0.101616 0.076242 0.351673 1.097841 1.435179 
0.054525 0.373380 0.423212 1.348366 0.192114 0.068115 -0.407776 -0.088289 
0.467594 0.675616 0.292690 0.939834 0.179187 -0.251152 -0.268127 -0.188660 
0.274276 0.085400 0.076882 0.031086 -0.102751 0.297340 -0.398102 -0.338411 
-0.020554 0.182617 -0.433009 0.053680 -0.038416 -0.246817 0.392586 0.185540 
0.136325 -0.225342 0.339858 -0.179826 -0.069641 0.305159 -0.136634 0.456883 
-0.127352 -0.444580 -0.325830 0.144028 -0.371368 -0.161377 -0.407318 -0.162610 
0.436127 -0.245483 0.377808 -0.476624 -0.155975 0.341827 0.352478 -0.108300 
-0.239685 -0.003604 -0.482910 -0.317993 -0.186615 0.304474 -0.234680 -0.424154 
0.026062 0.425678 0.464417 -0.088806 -0.198181 -0.260302 0.347595 0.203872 
0.305770 -0.326926 -0.280884 -0.494751 -0.334656 0.263882 0.270855 -0.122537 
-0.249622 0.058484 0.418152 -0.091292 0.414990 -0.155060 0.654506 0.081212 
-0.128606 0.351745 -0.013327 0.460863 -0.189792 -0.371857 0.013956 0.217543 
0.432449 0.592723 0.264055 -0.147938 -0.259155 0.167847 -0.012840 -0.059454 
0.047163 0.929522 0.338209 0.353027 0.168304 -0.074371 0.324097 0.334412 
0.831589 -0.271536 0.223253 -0.058886 0.134744 0.300038 0.782752 0.607158 
0.112782 0.236316 -0.506543 -0.594545 -0.269813 -0.050083 0.565702 0.434884 
-0.293234 -0.248412 -0.331961 -0.820630 0.069933 -0.787581 -0.657169 -0.880694 
-0.141107 -0.189181 0.090932 -0.184418 0.050021 0.452184 -0.190194 -1.083941 
0.033552 0.267876 1.622101 0.187072 -0.084269 -0.152803 -0.342702 -0.120339 
0.368790 0.008302 -0.006590 -0.277623 -0.357166 -0.234643 -0.465647 1.031242 
0.388858 0.153183 -0.319241 -0.885405 0.177440 -0.407898 0.166518 -0.592912 
-0.289381 -0.408228 -0.001372 0.164310 0.309674 0.459912 0.015624 -0.350830 
0.496162 -0.488159 -0.221710 -0.290566 0.371535 0.274110 0.065237 0.637494 
0.352522 -0.425284 -0.452766 0.221618 0.140709 0.576567 0.744230 2.156111 
3.229877 0.068078 -0.504824 -0.504464 0.931817 0.526321 1.415622 0.663575 
0.257146 -0.262253 0.086138 0.222533 0.175739 0.398123 0.320075 -0.408576 
0.805223 -0.573779 -0.610993 -0.677746 -0.895397 -0.226596 0.091454 -1.261056 
0.103899 0.225354 -0.167123 -0.973666 -1.915057 -1.554429 -0.584493 0.845223 
0.557379 -0.195434 -0.378232 -0.580153 0.292260 0.393323 -0.422700 -1.576952 
0.280685 -0.389676 -0.379244 -0.002885 0.313050 -0.445934 0.291077 0.464600 
0.476593 0.075500 -0.053833 -0.142963 -0.499961 0.459563 -0.085574 -0.370338 
-0.277013 -0.242057 0.049686 0.321801 -0.390596 -0.101018 0.249593 -0.055512 
-0.045338 -0.034426 -0.670783 0.335487 0.000300 -0.193763 -0.047974 -0.427490 
-0.455318 0.107063 0.348907 -0.875992 -0.410724 0.088945 0.026641 0.308594 
0.127411 0.203269 -0.298057 0.000305 -0.125270 -0.404407 0.177369 -0.038849 
0.262947 0.062264 0.460938 0.232965 -0.370679 0.113810 -0.129002 0.259601 
0.457793 0.303288 -0.180817 0.166811 -0.130836 -0.364777 0.308993 -0.422570 
-0.292948 -0.016836 -0.255981 -0.336243 -0.478502 0.165924 -0.207733 0.476013 
0.132043 -0.477112 -0.397125 0.154572 0.358246 -0.084290 0.038696 -0.169556 
-0.290799 -0.286560 -0.287092 -0.225006 0.469849 -0.464447 0.258942 0.315613 
0.519522 -0.183777 -0.096002 -0.443726 0.038513 0.181396 0.373748 -0.089081 
0.311865 -0.329275 0.211626 0.449005 -0.173492 -0.423523 -0.337465 -0.155657 
0.237073 -0.419191 -0.170756 0.393005 -0.306175 -0.007761 0.334266 -0.379208 
0.183852 -0.357279 -0.229628 0.371385 0.359040 -0.512843 0.052429 0.501474 
0.253385 -0.202178 -0.498593 -0.487585 -0.216726 0.313354 -0.452423 0.333660 
0.207612 -0.502994 -0.133028 0.058942 -0.405243 0.473480 0.148987 0.378784 
-0.492859 0.048446 -0.181722 -0.397396 0.002546 -0.985686 0.189748 0.699883 
-0.008024 0.071814 -0.166453 0.036704 0.063105 -0.927000 -0.070537 0.174790 
0.248137 -0.329631 -0.272739 -0.351890 1.376583 -1.616113 -0.568139 0.304830 
0.234667 0.036219 -0.277538 0.141081 -0.136546 -1.280223 -0.981338 -0.824914 
-0.668279 0.390721 -0.551145 -1.110713 -0.448277 -0.031992 -1.128671 0.132603 
-0.294586 0.157896 0.335425 0.354613 0.729720 -0.286793 -1.256803 0.133749 
-0.092396 -0.151570 1.054346 -0.109696 -0.446983 -0.086287 0.335611 -0.005291 
0.257696 -0.170069 -0.558865 -0.122322 0.289626 -0.404022 -0.001973 -0.133750 
-0.103088 0.309341 -0.086629 0.156169 -0.083369 -0.231696 -1.673840 -1.497533 
-2.502218 -1.513463 0.029957 0.122935 0.896082 -0.864171 -2.111446 -2.098884 
-1.133619 -0.670487 -0.127202 -0.844165 -1.014950 -0.970121 -1.681502 -2.392808 
-1.404131 -0.129981 -0.366795 -0.916980 -0.836330 -0.724925 -1.633105 -1.052722 
-2.724322 -0.711902 10.978045 9.862022 1.095151 -1.860356 -1.584386 -1.208883 
-2.785836 -1.227146 15.644034 11.393712 1.040849 -0.656406 -0.945276 -1.586737 
-0.638918 0.131635 13.192765 11.459684 -0.615789 -2.125277 -0.467043 -0.506513 
-0.401479 -0.017597 2.422743 1.357338 -1.694710 0.262154 -0.037307 -0.360565 
-0.453247 0.370697 0.334229 -0.236633 -0.381057 -0.805612 -0.206892 -0.225758 
-0.326687 -0.817153 0.160210 -0.138185 -0.686262 0.099440 -0.378437 0.057748 
-0.149954 -0.109359 0.304593 -0.439448 -0.151290 -0.470405 0.172785 0.307220 
-0.372223 0.199362 0.293178 0.033199 -0.506147 0.060215 0.018241 -0.521375 
-0.168976 0.204041 -0.474482 0.005069 -0.077578 -0.151304 0.225523 -0.165174 
0.325409 -0.313027 -0.601465 -0.086121 -0.501820 -0.175067 -0.248920 -0.281759 
0.421528 -0.323122 -0.072163 0.319000 -0.478427 -0.054541 -0.058380 0.232042 
0.227433 -0.536325 -0.429021 0.465363 -0.273435 0.080495 -0.319427 0.388000 
-0.285492 -0.467804 -0.225525 0.367065 -0.333344 -0.300232 0.179230 -0.079285 
-0.419495 -0.174165 0.121826 -0.146298 0.436127 -0.382538 -0.027466 0.096436 
-0.142181 -0.134912 -0.174896 -0.254637 0.100677 0.128021 0.389343 -0.446158 
0.349182 0.275113 0.187851 0.163634 0.328766 0.110962 0.114960 0.397976 
0.143750 -0.111144 0.176950 0.199483 -0.057800 0.016698 -0.283159 0.190236 
-0.414132 0.077843 -0.058369 0.320467 0.423691 -0.070827 0.164025 0.186737 
0.187466 -0.412551 0.373902 0.143839 -0.246590 -0.587930 0.157104 0.209473 
0.356588 0.114433 -0.275273 -0.289714 0.171103 -0.284119 -0.212372 -0.190887 
-0.342010 0.226990 -0.051407 -0.086782 -0.458632 0.505066 0.119875 0.162343 
-2.316367 -0.969843 -0.856006 -0.027014 0.303534 0.380485 -0.362065 -1.344238 
-1.412008 -0.538464 -0.862117 -1.943935 -0.504547 1.151963 -0.083025 -0.916085 
-0.595834 -1.276636 -0.300110 0.375264 -0.174519 0.205806 0.080030 0.312392 
-1.495484 -0.302139 0.035859 0.442738 0.231704 -0.362156 -0.197677 -0.281253 
-0.605803 -0.371941 0.021806 0.396680 0.226171 -0.636625 -2.152733 -3.087528 
-0.820910 -0.350023 -0.437907 0.095799 -0.308806 -0.866132 0.042766 -0.132836 
0.152277 -0.217842 -0.499380 -0.045255 -0.270805 0.243459 -0.073229 -0.407779 
-0.365021 -0.296570 0.012255 0.434887 -0.137739 -0.347748 -1.526494 -1.574922 
-1.248109 -0.232976 -0.588204 0.854123 0.335055 -3.008264 -4.355050 -4.624938 
-1.855435 -0.283072 -0.620667 0.543711 1.008283 -3.224860 -5.272367 -4.449244 
-1.873538 0.025664 -0.316972 0.568671 0.523452 -2.665542 -5.057357 -3.630268 
-1.639654 -0.689837 0.208786 -0.299438 -0.682582 0.021628 -0.036774 -0.227676 
0.096519 0.065920 0.236538 -0.787897 -0.169591 0.136822 0.435642 -0.365328 
-0.876152 -3.122489 -1.079959 -2.000653 -0.223558 -0.024936 0.114651 -0.237428 
-0.490506 -1.433081 -0.207451 0.361264 -4.022435 0.131223 -0.308907 0.448821 
-0.096710 0.305786 0.043854 -0.385040 -0.155090 0.162988 -0.447324 -0.095894 
-0.103107 -1.388188 -1.187056 -0.122868 -0.021836 0.043774 -0.464425 0.154113 
-0.368053 -1.234433 -1.039018 -0.401984 -0.079580 0.018027 -0.787445 0.196910 
-0.033508 -0.329590 0.005446 0.272549 -0.048984 0.172570 -0.808107 -0.140260 
-0.200635 0.410522 -0.249603 0.057678 -0.016104 0.128800 0.068649 -0.035657 
-0.265834 -0.263947 0.018476 0.441341 0.178833 0.281507 0.036978 0.262635 
0.064863 -0.576460 -0.867837 -0.241981 0.475220 -0.407948 -0.093006 -0.281921 
0.288115 -0.375794 -0.866265 -0.053796 -0.324554 0.033230 -0.236512 0.060974 
-0.279236 0.354370 0.263410 -0.339142 0.269257 0.194061 0.274139 -0.337372 
-0.118866 -0.168518 0.241426 0.376709 0.298490 0.050201 0.406097 0.419495 
-0.312347 -0.301605 -0.299314 0.434052 0.806163 0.066101 -0.111389 -0.376587 
-0.149632 0.074402 -0.452328 0.022182 -0.348367 0.277527 -0.186768 0.024261 
0.454155 -0.342210 0.058826 -0.444046 0.444366 0.350220 0.177418 -0.134901 
0.497070 -0.127600 -0.231868 0.256849 0.385622 -0.365409 -0.526725 -0.005248 
-0.488525 -0.361704 0.124311 -0.603765 -0.016808 0.255326 0.296499 0.090179 
0.062714 0.306802 -0.247131 -0.083091 -0.277988 0.076497 -0.260040 0.125458 
0.345215 0.169525 0.175507 0.232739 -0.178785 0.254379 0.073175 0.198206 
-0.033578 0.443621 0.141634 -0.456271 0.241093 -0.124054 0.456354 0.008413 
1.875719 1.170378 0.338329 -0.279013 -0.338220 -0.151657 -0.230948 0.236413 
0.404074 0.036605 0.176266 0.099618 0.415031 0.208728 0.428937 0.042978 
0.607135 -0.724878 0.149573 0.006633 0.514764 1.409186 0.491875 0.297392 
-0.598648 -0.616258 -0.256911 -0.496671 0.448190 0.072426 -0.377114 -0.453341 
-0.433040 -0.083466 0.575063 0.341248 -0.446979 0.241143 -0.702171 -0.585304 
-0.440457 -0.661198 -0.302076 -0.108321 0.326137 -0.446342 0.272197 0.341606 
0.035110 0.069759 0.275360 -0.244375 0.212097 0.488770 0.453721 0.243557 
0.746345 0.561780 -0.121582 0.183584 0.001869 -1.034867 4.013164 5.826367 
6.055960 3.684970 -0.467358 -0.763058 -0.187458 -0.935274 4.091465 6.284822 
6.491999 2.820749 0.788590 -0.294791 0.183855 -0.290750 3.448310 5.896020 
5.392117 3.077816 0.335411 -0.148391 1.322954 1.898732 0.343272 0.529639 
-0.222354 -0.656639 0.388786 -0.169135 0.880348 1.699125 0.272950 -2.191013 
-1.319119 -0.070318 0.544412 0.335196 2.501723 -0.223983 -0.003615 -1.740853 
-0.370002 0.129310 0.338643 0.475325 0.351414 -1.402976 -0.006177 0.499577 
0.096927 0.380768 -0.424988 -0.077148 -0.253723 -0.105896 -0.259910 0.273417 
-0.302343 0.593354 -1.007570 -0.974939 -0.111615 0.378645 -0.399632 -0.581411 
0.216783 0.529664 -0.739430 -0.798254 -0.163586 0.272205 0.190407 -0.269259 
0.337259 -0.424866 -0.162109 0.308696 0.126479 0.246255 0.018020 -0.726810 
-0.146675 0.465742 -0.143097 0.194092 0.096628 0.167872 0.510515 0.387792 
0.092047 -0.293935 0.036163 0.302557 0.058100 0.168274 -0.245243 -0.003090 
0.283058 -0.184835 -0.299540 -0.131693 0.169011 0.214386 -0.188584 -0.460439 
0.243439 -0.000804 0.268128 -0.532256 -0.088910 -0.434662 -0.476625 -0.005099 
-0.361603 0.417450 -0.042725 -0.542976 -0.333984 -0.101471 -0.176605 -0.443848 
0.108734 0.248779 -0.424805 -0.115495 0.298126 0.272582 0.059631 -0.215210 
0.460083 0.208710 0.096924 -0.353144 -0.298737 0.383851 0.373474 -0.371063 
0.307739 -0.427307 -0.353302 -0.202548 0.464320 -0.242549 0.262726 0.494751 
-0.361023 0.214963 -0.019377 0.185239 0.017892 0.536407 0.144196 0.268984 
0.324140 -0.329224 0.074114 -0.167240 -0.352955 0.469335 -0.110673 -0.568459 
-0.276512 0.199066 -0.295375 -0.238176 0.521434 -0.061405 -0.488472 0.406247 
-0.198944 -0.155090 -0.247746 0.217126 0.386823 -0.052920 -0.599000 -0.172241 
0.068817 -0.498047 0.304932 -0.345856 0.387069 0.060844 -0.443269 0.167844 
-0.134628 -0.132747 -0.867371 0.014964 -0.141919 0.284325 0.184528 0.314578 
-0.326767 -0.164422 -0.831008 -0.547398 0.412101 0.002892 0.140526 -1.528248 
0.421712 -0.594593 0.192499 0.048423 -0.138769 -0.154869 -0.314967 -0.902079 
0.375972 0.085327 -0.885920 -0.622288 0.143073 -0.514747 -0.376815 -0.583925 
-0.599181 -1.337655 -0.405979 0.427529 0.141701 0.166406 0.877648 1.083472 
-1.268026 -0.893709 -0.795621 -0.547612 0.209743 -0.180567 0.847670 0.111747 
0.328543 -0.475071 0.329810 0.359219 0.592235 -0.277712 -0.347956 -0.359394 
-0.711675 -0.050383 -0.499207 0.222748 -0.262343 -0.014160 0.174622 -0.161867 
0.087286 -0.129062 0.333571 -0.471100 -0.013115 -0.424555 -0.133576 -0.097965 
-0.029984 0.175947 -0.449860 -0.416986 0.137009 -0.449276 -2.212090 -3.210809 
0.121071 0.241803 0.107376 -0.081566 -0.395856 -0.350027 -0.489279 -1.145598 
-0.535978 -0.747477 -0.607529 -0.983749 -0.498213 -0.166383 -1.050696 -0.240392 
-0.011741 -0.660519 -0.205962 -1.839286 0.180546 -0.624722 -0.628046 -0.660338 
-2.075702 -2.910506 -0.445048 -1.092470 0.082334 -0.701115 -0.841341 -1.487544 
-3.314304 -0.567521 0.336703 0.029300 0.648126 -0.526682 0.310726 -0.316169 
0.472956 0.095604 0.427704 0.189825 -0.166468 0.209381 -0.290741 0.376556 
0.092018 -0.183838 -0.191001 -0.014781 0.207029 0.093048 0.266392 0.104596 
-0.450308 0.000610 -0.320160 -0.080905 -0.333788 -0.340179 -0.518397 -0.181886 
-0.326230 -0.458344 -0.429413 -0.315674 -0.373935 0.460179 -0.610152 -0.208940 
0.062198 0.365582 0.133998 -0.168243 0.221832 0.205345 -0.517936 -0.275257 
-0.296561 -0.444144 -0.584090 0.274841 -0.254332 -0.236848 -0.232544 -0.240733 
0.122620 -0.061160 -0.478223 -0.443634 0.226624 0.260346 0.132111 0.249112 
-0.456645 -0.109070 -0.026419 -0.143666 0.003075 0.170189 0.477844 -0.485201 
-0.291333 0.245422 -0.031525 0.492371 0.386329 0.313232 0.326965 0.101288 
-0.236664 -0.428406 -0.379852 -0.133881 0.193655 -0.031860 0.278259 -0.307678 
-0.324829 -0.234863 0.449493 -0.237946 0.235609 -0.083374 0.188714 0.067322 
0.224396 0.257782 -0.058574 -0.244232 -0.118519 -0.579719 -0.079781 0.288696 
0.304565 0.079956 0.096717 0.256089 -0.483963 -0.401315 0.009520 -0.060638 
-0.256295 -0.068074 0.060089 0.313858 -0.252947 0.232170 0.104212 0.184704 
-0.134575 0.216752 0.095032 0.263820 -0.101031 0.434937 0.265184 -0.161781 
0.059632 0.119720 -0.037689 0.151085 0.303798 -0.389404 -0.397004 0.405633 
0.328796 -0.275726 0.005890 0.084015 -0.178192 -0.400468 0.432664 0.329667 
-0.162959 -0.087085 0.479169 -0.342713 0.781415 0.510487 -0.253417 0.968584 
-0.247462 -0.986823 0.221186 0.737550 -1.073678 0.235040 -0.269410 0.073061 
0.816572 -0.855054 -0.160709 -1.589781 0.728661 0.562465 -8.561150 -0.652503 
0.434950 0.237994 -1.703195 -2.186198 0.173621 0.846792 -2.213147 -0.405311 
-0.570318 -0.229678 -0.446373 -0.552744 -0.343684 0.021886 0.018517 0.348927 
-0.379575 0.160232 -0.052958 0.230004 -1.767822 -1.548100 0.178273 -0.346760 
0.908943 -0.172455 0.609038 -0.085104 -0.705277 -0.565552 0.353486 -0.330950 
-0.425322 -0.594666 0.416672 -0.092712 -0.280945 0.422526 0.342896 -0.100555 
0.167004 -0.082881 0.505111 0.498771 -0.302679 -0.004670 0.257453 -0.113550 
-0.613186 0.514458 -0.257395 2.741249 0.864647 -0.480834 -0.419995 -0.119156 
-0.910573 -0.055974 0.272133 0.824708 2.860719 0.586682 -0.456912 0.229156 
-0.708748 -1.039948 -0.251149 -0.735239 2.039328 0.473322 -0.808121 -1.479211 
-0.452306 -0.355841 -0.885236 -1.286866 1.951568 0.160857 -0.164724 -0.247072 
0.107159 -1.601911 -1.141197 -0.260167 -0.822840 -1.710635 -0.403495 -0.727718 
-0.587148 -0.539969 -0.391562 0.455788 -2.326988 -1.826232 0.263659 -1.333028 
-3.487919 1.164100 0.119186 -0.092468 -0.443420 -0.390167 0.006714 0.363525 
0.395004 -0.057150 0.258974 0.251432 -0.868016 -0.332701 0.008655 -0.381997 
-0.143399 -0.104133 -0.170504 0.065203 -0.236394 -0.413008 -0.349137 0.239960 
-0.128816 -0.328611 -0.092709 -0.466248 0.347443 -0.313391 0.235754 -0.386453 
0.292499 -0.222508 -0.336655 0.361171 0.080353 -0.063110 0.091499 0.369772 
0.593327 0.116389 0.335529 -0.522378 -0.394714 -0.406557 0.119607 0.289124 
-0.381685 0.489274 0.489629 -0.137693 -0.260601 0.159060 0.375325 0.320160 
-0.196698 -0.083724 -0.434784 -0.400827 0.263127 0.256276 0.121194 -0.354248 
0.121874 0.211569 -0.073792 0.030060 -0.157837 -0.066178 0.284912 -0.201965 
0.344971 0.299957 -0.122772 -0.181305 0.399384 0.453395 0.026581 -0.348871 
-0.167114 -0.132294 0.279877 0.219849 -0.396393 -0.170228 0.299988 0.522906 
0.099304 -0.370392 0.070923 0.442996 -0.251617 -0.430209 0.270625 -0.327099 
-0.055969 -0.227661 -0.175140 -0.359736 0.500244 0.061780 -0.506793 0.107617 
0.101501 0.147141 0.321620 0.426621 0.468272 0.517087 -0.429649 0.394066 
-0.221484 0.213617 0.088566 -0.199860 0.589189 -0.246954 0.062714 -0.493811 
0.340226 -0.374430 -0.013306 0.463959 -0.297766 -0.858365 0.473239 -0.048923 
-0.658711 0.336487 -0.221619 0.220154 0.083618 -0.001709 0.021242 0.409640 
-0.242619 -0.489854 -0.339177 0.159978 -0.248529 0.178589 -0.107926 -0.497054 
-0.418699 0.265498 -0.152501 -0.166950 -0.482267 0.396169 -0.432939 0.303473 
0.210210 -0.289950 0.085218 -0.074384 0.345849 -0.143040 -0.167460 -1.235818 
-0.489573 0.156634 0.285074 -0.312709 0.344516 0.543742 -0.021225 -0.218066 
-0.511752 -0.344996 -0.000573 -0.721647 -0.401707 -0.106930 0.140056 0.200182 
0.351576 0.565653 -0.138594 -4.518298 -2.159022 -0.346888 -0.053683 0.056960 
-0.121560 0.105806 0.657006 -1.461051 -0.002828 -0.009040 -1.360956 -0.372136 
0.119364 0.154219 -0.547777 0.422729 -0.211182 0.360626 -0.039639 0.359497 
0.389648 0.472443 -0.008423 -0.434296 -0.479123 -0.329512 0.069915 -0.085938 
0.421448 -0.475161 0.405487 -0.259033 -0.437633 -0.948977 -0.555418 0.380280 
-3.407318 0.046291 0.422860 -0.476842 0.224261 -0.312091 -0.678120 0.302316 
-0.093825 0.457823 -6.106189 0.899437 0.105067 -0.397778 0.009788 -0.273289 
-0.212829 -0.479468 -2.361255 -0.930588 -1.948978 -0.894148 0.373166 0.400557 
-0.593539 -0.383269 0.518499 -1.211743 -2.675007 -7.960351 -1.689756 0.675194 
-2.414520 -5.547436 0.457367 -0.357574 -0.029290 -0.889942 -0.147272 0.061789 
-0.349000 -0.011817 0.097687 -0.415680 0.465485 -0.404480 0.133544 -0.122894 
0.002808 0.006836 0.260040 0.440491 0.047180 0.000969 0.361698 -0.421875 
-0.374798 0.010101 -0.139282 0.030468 0.037743 -0.225193 -0.309615 -0.369640 
-0.321127 -0.345230 0.394971 -0.466341 -0.202148 -0.308197 -0.262760 0.459984 
-0.546887 0.305672 0.489408 -0.338330 0.166799 -0.187897 -0.454895 -0.377388 
0.305485 0.313642 0.487067 -0.652814 0.242091 0.316589 -0.013529 -0.337077 
-0.222198 0.391977 -0.082904 -0.864051 -0.703527 -0.460410 -0.252558 0.268755 
0.426788 -0.404672 0.276069 -0.203583 0.314265 -0.397870 -0.352771 0.364631 
-0.140411 0.192289 0.324889 -0.350952 -0.378479 0.273224 0.098520 0.146362 
0.353577 -0.066193 -0.153534 0.243225 0.414734 0.289429 0.340517 0.134094 
-0.042917 0.016449 0.088013 -0.459778 0.292969 -0.267029 -0.247906 0.242706 
-0.043680 0.188232 0.398163 0.428162 0.454946 0.264618 0.119541 -0.151592 
0.046457 -0.207916 -0.242401 -0.215607 0.250184 0.205478 0.140013 -0.159316 
-0.064552 -0.167938 0.347290 -0.542421 -0.235901 0.449370 -0.168010 -0.292887 
0.243851 0.035828 0.110809 -0.497954 0.325348 -0.186083 0.393488 -0.412751 
0.123933 -0.082744 0.317017 -0.412689 0.128418 -0.165626 -0.390010 0.259960 
0.452031 -0.178313 0.122375 -0.437408 -0.235352 -0.035950 -0.460785 0.071077 
0.191532 -0.025904 -0.184412 -0.072709 -0.320068 -0.615445 -0.373961 -0.134670 
-0.399156 -0.207325 -0.503134 -0.110070 0.149024 -0.414301 -0.055821 -0.999074 
0.178556 -0.854807 -0.626824 -0.369047 0.037468 -0.724941 0.021977 0.005959 
-0.751468 -0.092574 -0.374762 -0.757981 -0.310599 -0.069112 -0.245802 -0.894135 
-0.015864 -0.364398 -0.401949 -0.061615 -0.206072 -0.403877 -0.155168 -0.228384 
-0.180026 -0.229191 -0.131264 -0.788088 -0.752108 -0.532742 -0.505731 -0.784499 
-0.226078 -0.111685 -0.047239 0.324555 -0.269687 -0.930503 0.031917 -0.108744 
0.068199 -0.327382 -0.007072 0.259631 -0.053579 0.229017 0.195696 -0.322474 
-0.226514 0.245620 -0.511936 0.059021 -0.355495 -0.224313 -0.184730 -0.139472 
-0.544677 -0.646555 0.352175 -0.316815 -0.845567 -0.045405 -0.876539 -0.451633 
-0.606229 0.373128 -0.342655 -0.706548 -0.294891 -0.327717 -0.415959 -0.257082 
0.335499 -0.092038 -0.259677 -0.076008 -0.352258 -0.585761 -0.077875 -0.188923 
-0.945421 -0.833405 -0.752068 0.338205 -0.302996 -0.601315 -0.228867 -0.411519 
-0.570198 -0.303824 -0.298609 -0.014223 -0.722768 -0.120795 -0.465181 -0.532716 
-0.271048 0.472487 -0.378027 -0.141629 0.196303 -0.332392 -0.671743 -0.493657 
-0.057473 -0.040945 -0.107602 -0.704713 0.039792 -0.795895 -0.410821 0.384873 
0.397575 -0.266702 0.088067 -1.516190 -1.058201 -1.159018 0.357199 -0.547842 
-0.043114 -0.933808 0.154536 -1.714847 -1.511955 -2.496256 -0.775030 -3.117346 
0.151871 -1.549798 1.187117 1.478133 -0.775396 0.747483 -0.662546 -0.254699 
-0.510372 -0.493344 -1.106618 -1.736511 -0.898626 -0.988794 -0.619226 -2.156919 
-0.421940 -1.551731 -0.968896 -0.095457 -0.290763 0.171974 -1.680619 -0.499923 
-2.437281 -0.187773 -2.198246 -1.225979 1.929383 -1.329333 -1.556889 -1.587219 
-0.688735 0.801062 5.454903 -0.204083 -0.386811 -2.674898 0.064598 -0.608864 
-1.303992 0.005041 -1.259863 -0.151509 2.092832 1.097173 -3.815122 -1.056260 
-0.377991 -0.279816 -1.328711 -0.404547 -0.338436 -0.716146 -0.339109 -0.579065 
-0.514595 -0.375321 -0.204376 -0.318050 -0.336167 -0.476641 -0.369880 -0.212112 
-0.620448 0.288631 -0.130269 -0.027465 -0.445113 -0.499471 -0.495121 -0.581730 
-0.365299 -1.006526 -0.565469 -0.412910 -0.127978 -0.197749 -0.445607 -0.272146 
-0.322216 0.090691 -0.936141 -0.041095 -0.718906 -0.204471 0.229956 -0.790960 
-0.346852 -0.582422 -0.580574 -0.785298 -0.231246 -0.163565 -0.438457 -0.701716 
-0.436093 0.067908 -0.366283 0.423475 -0.286987 -0.279547 -0.572335 0.321626 
-0.038514 -0.381501 -1.042966 -0.844656 0.139257 -0.041127 0.154717 -1.154826 
-0.350109 -0.162013 -0.099510 -0.917045 0.022363 -0.522196 -0.908044 -0.337962 
-0.425616 -0.408345 -0.461847 -0.419692 -0.953025 -0.221021 -0.194719 -0.928654 
0.289755 -0.504809 0.390481 -0.482473 -0.209115 -0.652637 -0.938348 -0.603755 
-0.891251 -0.658815 -0.763750 -0.770089 -0.269695 -0.469315 -0.633896 -0.770405 
-0.008375 -0.032532 0.169349 -0.366600 -0.717129 -0.328030 -0.416088 0.010470 
-0.551604 0.241865 -0.625317 -1.002618 -0.788394 -0.692484 0.156703 -0.448423 
-0.847629 -0.069328 0.255109 -0.947982 -0.162489 -0.617054 -0.029598 -0.427220 
0.026116 -1.162630 0.216997 -0.859755 -0.456762 -0.422021 -0.159258 0.496743 
-0.411228 -0.323826 -0.082369 0.123124 -0.495896 0.169269 0.133053 -1.980519 
-1.406907 -0.352693 -0.377140 1.295256 -0.933823 -0.534803 -0.701851 -0.737779 
-2.090792 -1.987191 -0.995841 -0.014525 -1.260251 -0.609870 0.279810 -0.758109 
-0.166798 0.105938 -0.940814 -0.696290 -0.794467 -0.450340 0.077543 -0.341452 
-1.280485 -0.628176 -0.060084 -0.031057 -0.575049 -0.707442 -2.345713 -0.127953 
-0.404927 -1.016282 -0.313024 -0.419041 -1.138908 -0.921957 -0.542121 0.395550 
-0.761033 -0.623479 0.841673 0.451043 -0.634834 -0.320897 0.340155 -0.328742 
-0.129564 0.280958 0.063506 -0.417708 -1.315262 -0.192852 -0.259658 -0.140702 
0.249393 -0.411742 0.009303 0.315794 -0.459619 -1.101083 -2.435711 -1.188409 
-2.015676 -0.418751 -0.419971 -1.256715 0.069662 0.238663 -1.573657 -4.334175 
-1.209824 -2.308408 -0.892425 -1.011154 -0.157071 -3.574901 -0.888215 -0.540601 
-1.467989 -0.327079 0.541606 -1.059445 -1.179491 -0.259813 0.081175 -0.465928 
-1.590122 -1.267803 0.625554 -0.066644 -0.593757 -1.357987 -0.438651 0.416514 
-0.156213 -0.359497 -0.002910 -0.203909 0.269646 2.244416 -0.597301 0.154805 
1.847636 -0.912835 -1.154801 -1.190104 -2.000601 -0.984573 2.442765 -0.417714 
0.211632 -0.720317 0.017219 -1.022954 -1.775914 -1.309631 -1.413021 1.249263 
-1.182468 -0.086765 -3.133436 -0.712428 -4.031959 -0.362396 -1.260412 -1.285559 
0.152859 -0.734045 -0.605163 -0.429233 -0.233910 -0.575747 -0.205969 -0.413919 
8.481493 -0.430837 -1.045389 0.045847 -0.068365 -0.478192 -1.949629 -0.964675 
-0.775329 -0.651249 0.913785 -0.741362 -0.257053 -0.643987 -0.026206 -0.691228 
-0.018868 -0.927745 -0.667395 -0.284721 0.286382 -0.898502 -0.840183 -4.053172 
-0.228198 0.177092 0.283858 -0.068970 0.265318 0.219186 -0.136776 -0.339783 
-0.308426 0.820051 -4.322072 -0.290323 -1.062875 -0.899883 -0.780672 1.179523 
-0.270619 -0.487974 -0.743039 -0.150530 0.024555 -4.624216 -0.341962 -0.663976 
1.191151 -0.669881 -0.404783 -1.337456 0.175892 -1.151134 -0.209152 -0.577025 
-0.101865 -0.529071 -1.666010 -0.564097 -0.142969 -0.762426 -0.409623 -0.377588 
-0.692043 0.029599 -0.387960 -0.321746 0.052566 -0.861309 0.136171 -0.309585 
-0.247466 0.123930 -0.459722 0.015596 -0.098615 -0.818052 -1.300304 -0.452222 
-0.236817 -0.225966 -0.607166 -0.673286 -0.884583 -0.605326 -0.380581 -0.759872 
-0.750393 -0.553554 -0.028350 0.200489 -0.592080 0.125978 -0.704456 -0.309908 
0.620663 -0.582608 0.110041 -0.600015 -0.579462 0.241675 -0.471432 -0.531843 
0.177004 0.270239 0.069222 -0.803204 0.093752 -0.556648 -0.015797 -1.073454 
-0.177436 0.145646 0.191066 0.133863 -0.710397 0.056433 -0.497836 0.116957 
-0.746002 0.436761 -0.183913 -1.352396 3.158646 -4.011825 -0.473730 -0.694754 
-0.533474 0.259404 1.858997 -0.295987 -0.366300 -1.290096 0.056914 3.781634 
-0.387174 -2.898787 0.094717 1.250149 -2.291427 0.625935 0.164724 -0.082588 
-2.679015 -2.896642 0.984657 -2.017151 -0.012147 -1.087115 -2.207435 -0.007371 
-0.175739 -1.354584 0.154600 2.007752 1.949669 -0.791806 -0.399058 -0.197968 
0.584103 -1.444938 -0.668869 -1.282127 -0.419620 -0.123461 1.049162 0.494643 
0.602174 -0.551802 4.005198 0.288422 -0.432184 -1.046516 -1.323029 -0.545475 
-1.368935 -0.383294 -1.166035 1.742209 0.419083 -1.954071 -0.078365 2.609845 
-0.567556 0.237449 -0.033054 -6.856584 -8.322937 12.226170 1.919055 -2.764231 
-6.937703 -6.754255 -0.221447 -6.671537 -2.128726 -1.997396 -5.106662 1.632107 
-0.580978 -3.269572 -5.236222 -8.777942 -1.714280 0.573974 2.342674 0.821219 
5.815131 -1.604573 -2.901167 -2.087052 3.363350 -2.446795 -2.469319 1.063824 
-2.077384 -1.126114 -3.119186 -1.030806 -3.870999 0.369694 -7.729356 0.281685 
-4.515824 2.714790 1.967271 -4.779352 -1.818633 -1.762543 -2.925813 -0.464803 
-3.843972 2.958495 -1.848144 -4.984362 -0.444309 0.395668 -3.634437 11.769854 
-2.104641 -0.698663 -0.947355 -2.655672 6.188430 -0.804649 4.066957 -1.058081 
-0.451446 -0.946942 -2.465980 -0.332467 0.211449 -0.552120 -0.129393 0.311766 
0.087865 -0.300198 -0.555229 -0.388369 -0.498121 -0.135523 -0.293767 -0.497289 
-0.067791 -0.165683 -0.728532 0.108351 0.602792 -0.387551 -0.177051 -0.425914 
-0.420609 -0.005778 0.034659 -0.616957 -0.293176 -0.135799 -0.061868 0.083069 
-0.513424 -0.332355 0.089525 0.011834 -0.130389 -0.422532 -0.391620 -0.361353 
-0.335176 -2.288749 -0.104400 -1.538237 -0.539487 -0.333625 -0.165205 -0.215558 
-0.039649 -0.400059 -0.513269 0.693342 0.178585 -0.138572 -0.159546 -0.180346 
-0.100896 -0.169903 -2.064298 -0.357033 -0.196080 -0.597985 0.157964 1.678203 
0.043395 0.138454 -0.057028 -0.677709 -0.143776 0.251310 -0.413170 -0.302239 
-0.448514 -0.751775 -0.091420 -0.281042 -0.535445 -0.510029 -0.569087 -0.789355 
-0.461292 0.182497 -0.257903 -0.555565 -0.493376 0.125561 -0.560988 0.050369 
-1.003106 -0.155233 -0.950013 0.063577 -0.553145 -0.976801 -0.886405 -1.083503 
-0.683572 -0.351659 -0.159711 -0.903709 -0.775013 -0.158837 0.238557 -0.022092 
-1.138511 -0.323363 -0.347418 -0.256270 -0.393569 -1.433023 0.002050 -0.097046 
-0.448243 -0.442619 -0.378032 -0.614265 -0.669444 -0.508888 -0.305328 -0.205683 
0.438441 -0.912446 -0.247826 -0.506047 -0.297266 0.049033 0.078211 0.309099 
-0.951124 -0.250654 -0.656653 0.057143 -1.160603 -0.137148 -5.353754 18.246544 
-3.687862 -1.016527 -0.144958 -0.448747 0.292954 -1.425055 -2.012686 -1.533988 
-8.692372 8.267317 -3.993903 -0.052509 1.317491 -2.840184 -1.244889 -0.883377 
-3.377049 1.902563 -6.639696 -4.994600 -6.336184 -0.886571 0.668911 -2.480562 
-1.859274 0.602558 1.702665 -3.808506 -10.356357 -0.461089 4.763891 -0.389790 
-0.456741 0.392322 -0.108614 0.679117 -3.605154 5.831853 1.427578 3.849082 
-0.678816 -1.124958 5.383674 -11.955471 -2.390315 7.314548 -0.722213 0.112250 
-0.621905 -2.263448 2.262626 -3.347957 -1.096458 -1.675122 -0.552823 -1.520593 
-0.273007 0.563019 0.424227 4.036422 -0.423504 -1.098376 0.351270 -0.267213 
-0.625650 -1.088257 -0.022280 -0.709370 -0.499038 -0.367962 -0.256949 0.003413 
-0.714397 -0.144904 -0.205416 -0.607095 -0.238418 -0.805652 -0.544082 -0.405189 
-0.868747 -0.065256 -0.279277 -0.305893 -0.324700 -0.658504 -0.566332 -0.556162 
-0.995168 -0.692011 -0.371086 0.133107 -0.004136 -0.794367 -0.636694 -0.718253 
-0.164239 0.393960 -0.577647 -0.372895 -0.097448 0.281736 -0.412867 -0.445984 
-0.613442 -0.094131 -0.226595 -0.518018 -1.018013 -0.621435 0.070517 0.007763 
-0.385522 -0.884371 -0.671653 -0.381944 -0.414571 -0.461189 -0.633042 0.401985 
-0.017856 -0.221770 -0.545707 0.396322 0.355950 0.188204 -0.278298 7.446886 
4.473531 -0.906545 -0.849425 0.040481 -1.419548 -0.398182 -5.936924 -0.859295 
1.630463 -1.479654 2.756532 3.421056 -2.116074 0.327411 -1.693780 -5.246591 
-4.056612 -1.256433 0.392715 2.270876 -0.469953 -3.776929 -3.229714 -2.876047 
-3.206408 2.021045 -2.464123 -10.134220 6.063447 0.231995 -1.464810 3.582648 
3.658189 -0.858031 -0.302393 -6.633955 -0.444824 0.382275 -3.729793 -3.376341 
1.955003 2.087717 7.807191 -2.548159 -3.540004 1.784201 -0.282636 0.648675 
0.286199 -0.398022 -0.736808 7.998487 -5.459777 5.773718 -1.834059 -0.193032 
13.574261 -4.456195 -0.531178 -4.155203 -1.015066 -1.112297 -0.872346 -2.672701 
0.207669 -0.404408 -0.467001 -1.325392 -0.615528 -1.719126 0.264645 -1.584003 
-1.632838 -1.050156 -1.351325 -1.490865 0.035945 -0.647067 -0.542867 -1.194431 
-1.744891 0.551756 -0.548400 -1.069764 -0.430620 1.078696 -1.434019 -0.683959 
1.382179 -0.034421 -0.305404 -1.411580 -0.900213 -0.711461 0.229412 -1.374918 
-0.992491 0.349395 1.079577 0.524607 -0.854323 -0.415934 -0.622878 -0.957993 
-1.717704 -1.513472 -0.703883 -0.177033 -1.126156 0.467539 -1.308695 -1.093256 
-1.123070 0.511973 0.069889 -1.794354 -0.140619 -0.705727 -0.094265 -3.855609 
-1.344102 0.033214 0.451266 -0.278908 0.067925 -0.149365 -0.553417 -0.000953 
-1.445439 0.169453 -1.213146 -0.247449 -1.599551 -8.918145 -0.684184 -0.417649 
0.835388 -1.688424 -0.087456 -0.726896 -1.367920 -0.344934 -1.151438 0.117284 
-1.196653 -1.166808 2.296469 -1.666767 -2.269200 0.172416 1.499602 -1.965965 
-0.008246 2.599970 -0.148980 -0.978488 -1.107156 -0.722805 -1.069750 -0.124847 
-1.452848 -2.328274 0.434880 -1.023653 -0.141537 -0.757793 5.193824 -1.111925 
-0.787687 -2.120251 -0.569021 -0.461864 -0.408050 -1.494322 0.139388 -0.524719 
-0.911547 -0.352439 -1.642776 0.067093 -0.896939 -0.366846 -1.994053 -0.122368 
-2.607442 -0.703715 -0.810592 -1.673414 3.911352 -2.090331 -0.306510 -0.303695 
-0.492844 -1.261500 0.007042 -1.231094 -2.518447 3.415698 1.243998 -1.043551 
-0.591075 -3.930918 -1.368912 -1.527908 -1.487234 -0.993318 -6.087601 -3.333257 
-0.897632 -0.689845 -2.209388 4.104321 -0.895124 5.873165 -12.318066 -6.848418 
-1.464665 -2.688351 -0.255473 9.735525 -0.666992 -1.075243 -3.253640 -10.670320 
-1.555480 0.759154 -6.655388 -3.202587 3.229548 -0.481690 -8.101180 -0.711101 
0.743556 0.343922 0.919824 4.694295 -5.083826 0.738707 -1.248507 1.283039 
-1.922653 -0.337318 1.927625 -2.255495 0.071160 -4.905067 6.874931 -3.266528 
2.540354 0.762833 2.096002 -3.775489 -1.828254 1.762023 1.017199 0.240293 
10.049699 12.663128 -0.949675 -0.457687 0.061143 -0.927127 -0.794708 -0.210425 
-0.012247 0.650096 -1.105730 -0.719227 -0.848145 -0.968288 -0.223852 0.081499 
0.139342 -0.228894 -1.078283 0.116579 0.469500 -0.682267 -0.591421 -0.030999 
-1.709095 0.060942 -0.409837 0.631283 -0.571168 -0.061005 -0.783076 0.255471 
-0.116574 -0.521433 -0.643561 -0.764906 -0.505016 -0.488902 -0.056217 -1.027829 
0.167202 0.396577 -0.787752 -1.347438 -0.511064 0.304921 0.257110 -0.395239 
0.491461 -0.252695 -0.900493 0.664491 0.275526 0.061167 0.421458 -0.005576 
-0.410845 -0.107023 -1.789694 -0.228703 -0.414155 -0.909459 -0.628333 -0.220644 
-0.416323 0.243526 0.333379 -1.178365 0.423863 -0.633728 0.520581 -0.545228 
0.410145 -0.309630 0.416401 -1.301637 -0.549150 0.142520 -0.685382 -0.804802 
0.060058 -0.279745 0.050954 -0.864593 -0.945123 -0.102001 -0.272941 0.347528 
-1.321383 -1.144176 -0.011255 -0.036752 -0.336769 -0.375401 -0.055993 -1.119906 
-0.046836 -0.050567 -0.164524 -0.781605 -0.892625 -0.731225 -0.818424 -0.516761 
-0.706751 -0.497291 0.411150 -0.877937 -0.584271 -1.200357 0.334463 -0.746870 
-1.346684 -0.562594 -0.174879 -1.136472 -0.566292 0.130095 0.175122 0.278431 
-0.444521 -1.816574 0.142669 -1.190542 -0.118511 0.156726 -0.455579 1.069759 
-1.045475 0.195294 0.121188 0.010279 -0.601285 -0.148552 -0.375139 -2.100655 
-0.837700 -0.531966 0.051576 2.086376 -0.626866 -0.693429 -0.283599 -0.544968 
0.425271 -0.448526 -0.705064 -0.301224 -0.703416 0.056283 0.478686 -1.292804 
0.471055 -2.176650 -0.817535 -2.626541 -2.128238 -0.715787 0.690952 -0.645385 
-0.462728 -0.740809 0.917281 0.074431 -0.711361 -0.989967 -1.688432 -0.490157 
0.241791 -0.256778 -0.182876 -0.967426 0.434217 -0.666475 -2.417710 -0.374699 
0.188687 -0.545928 -0.266753 -0.121669 -0.485058 -0.141129 -0.156491 -0.098804 
0.093154 -0.161983 -2.165743 0.057836 -0.626142 -0.599161 -0.308207 -0.621963 
-0.135977 -0.368278 -0.303455 -0.370203 -0.538847 -1.328784 -0.037808 0.077116 
-1.398165 -1.210181 -0.607838 -0.869539 -1.584723 0.143136 -0.937728 -1.133040 
-0.990717 -0.599763 -0.958044 -1.703924 -0.242053 -0.125190 -0.070608 -0.627812 
-1.647648 0.763165 0.150589 -0.859095 -0.970419 0.381647 -0.907153 -0.625052 
-0.147142 -1.847164 0.510061 -0.991554 0.700407 -1.192311 -0.269941 -1.331843 
0.445400 0.937713 -0.417534 0.649151 0.050225 -0.419384 -0.443375 -1.655949 
-0.145680 -1.799271 -1.151961 -0.526991 -1.314033 -1.443875 -0.022064 0.531800 
-0.218848 -0.867930 0.222284 -0.479648 0.160641 -0.699480 -0.597386 0.114640 
-0.248163 -0.019071 -0.383534 -1.179074 0.232033 -0.262874 -1.245119 0.285772 
-0.738666 -0.634698 -0.316129 0.321751 -0.845512 -0.103485 -0.264539 -1.017131 
-0.144781 -0.793025 -0.267022 -0.139866 -0.203614 0.031818 -0.941154 -0.311613 
-0.183494 -0.277674 0.062880 0.075006 -0.551815 -0.355426 -1.319295 -0.608063 
-0.779166 0.015797 -0.966059 0.171785 -0.056200 0.393825 -1.189312 -0.711343 
-0.434412 -0.471543 0.188645 -0.771418 -0.346847 0.101712 -0.891697 0.265289 
0.193439 0.057056 -0.682775 -0.279430 -1.230703 -0.236206 -0.317146 -0.228124 
-0.173254 -0.042063 -0.103263 -0.477940 -0.354988 -0.097481 -0.552170 -0.496298 
-1.277130 -0.343427 -0.137533 -0.707329 -0.289070 -0.023591 -0.049542 -0.280232 
0.029144 0.922675 -0.403655 -1.018573 -0.399794 -1.057215 -0.542277 -1.696939 
-0.492533 -0.618137 -2.245030 -0.628906 0.807914 -0.812885 0.325226 -0.695970 
-0.112444 -1.320409 -0.888666 -1.308423 -0.518422 -0.200234 0.208229 -1.001973 
-0.042777 0.116276 0.132575 -0.269463 -0.349533 -0.483296 -0.073477 -0.656686 
-0.342767 -0.734147 -0.224621 0.211432 -0.941524 -0.331889 0.270803 -1.427184 
-0.908051 -0.301376 -0.405506 -1.137107 -0.884269 -1.563917 -0.097144 0.117646 
-1.296348 0.198174 0.080146 -0.152777 -0.153111 -1.073101 0.690435 -0.823931 
-0.270025 -0.354338 -0.196632 0.012184 -0.805163 0.698378 -0.295515 -0.130000 
-1.135186 -0.318129 -0.052131 0.007020 -0.798969 0.065788 -0.121085 -0.219703 
-1.009681 -0.339950 -0.600294 -0.324962 -0.208368 -0.487350 -0.395221 -0.330646 
-0.631069 0.379133 -1.077888 -0.257415 -0.302912 -0.404948 -0.107511 -0.725994 
-0.549443 0.147258 -0.432400 -0.738627 -0.238781 -0.345168 -0.422822 0.124629 
-0.982596 -0.932460 -0.307597 0.097512 -0.434709 -0.912747 0.255491 -0.018215 
-0.902896 -0.629177 -0.722838 -0.145029 -0.357583 -0.331491 -0.001055 -0.100227 
-0.305103 -0.440890 -0.569603 0.006282 0.430225 0.001205 -0.834127 -0.017988 
-1.029164 -0.766176 0.004068 -0.435706 0.039579 -0.805095 0.424209 -0.075671 
0.116284 -0.671541 -0.432611 0.073330 -1.267908 0.358412 -1.057090 -1.091095 
0.025615 -0.630590 -1.390213 -0.904700 -1.126075 -0.938833 0.192739 -1.544846 
-0.249410 -0.578187 -1.880869 -2.142458 -0.458579 -1.297797 -1.002101 0.261992 
-1.179604 -1.764524 0.473140 -0.276559 -0.786836 -0.895575 -1.244418 -1.766533 
-0.674557 -1.200968 -1.957862 -0.718698 1.064674 -0.493656 0.617693 -0.401656 
1.352287 -3.268979 -2.566669 0.576041 -1.158909 -0.142542 -1.233021 -0.788616 
-0.723177 -1.160686 -2.724151 -0.281664 0.177456 -0.848249 0.694280 -1.552662 
-0.749094 -0.597964 -1.376763 -0.542862 -1.577427 0.322453 -0.691799 0.500916 
1.117319 -0.331968 -1.517869 -0.144127 -2.434891 0.765817 -0.771849 -1.759800 
-0.750186 0.369821 -0.044407 -1.243677 -0.828852 -3.718291 -2.470865 1.611949 
1.634830 0.480769 -0.816441 -3.286234 -2.393452 -1.929458 -1.626198 1.477147 
-0.831957 -3.917084 1.070216 -2.246887 0.057836 -1.942565 -2.109796 -0.922562 
-2.680260 -1.820146 -3.508153 -3.715294 -2.125148 -0.774624 0.345337 1.269144 
-0.276452 -2.475341 3.165468 -1.255800 0.768311 0.373219 -1.232660 -2.267796 
-1.053208 1.664827 -0.148839 -1.434685 0.221753 0.464085 -3.066426 -1.401708 
2.827074 0.356437 -1.273142 -1.213043 -0.133487 -2.172332 0.331850 -0.568293 
0.020418 -0.484721 -0.146842 -2.512433 -0.791188 -4.106645 -1.308563 -1.191917 
-0.191701 -0.596066 -0.692538 0.063829 -2.669017 -0.438310 -1.428121 -1.138689 
-0.866960 -0.775163 0.186029 -1.314481 0.601018 -0.387770 -0.772579 -1.258366 
-0.228571 -1.168625 0.085747 0.981468 -0.329736 -4.240868 0.463746 -1.023024 
-0.910232 -0.575515 -0.486327 -0.118481 -1.056480 -0.333607 -0.214351 0.896396 
-2.685603 0.016922 -9.677667 0.280685 -0.579949 -1.135480 -0.624288 -4.704671 
-1.270247 -1.209506 -0.567693 -1.724828 0.066639 -0.221070 0.212369 -0.598589 
-0.171340 0.265484 -0.583310 -1.206502 0.422823 -0.374751 0.062322 -0.344498 
-0.037712 -0.848209 -1.157805 -0.475543 -1.240359 -0.691551 -0.334312 -0.768576 
-1.287482 -1.789848 -1.096808 -0.636029 -0.893588 -0.651359 -0.626426 -1.857847 
-1.727207 -2.362765 2.394690 -0.287431 -1.614323 -0.431477 -2.567765 -1.872691 
-0.023704 -2.497427 -0.514867 1.094311 -0.594046 -0.533695 -1.681485 1.681093 
-2.075818 0.094926 -0.938557 -0.400232 -1.038399 -1.439556 -1.869603 -0.508324 
-0.284781 -0.243196 0.317044 0.531892 0.360731 -1.853241 0.098887 2.286558 
-1.273205 -1.717306 -0.659989 -0.532266 -3.252952 -0.450082 -0.154020 -0.129356 
-0.602967 -0.940796 0.294090 -1.023633 -1.406023 -1.425556 2.989426 -0.774856 
-0.256838 -1.906309 0.381583 -2.813027 -0.517274 -1.478796 0.381271 0.265048 
1.194718 -4.684662 0.052121 -1.113449 0.080268 -0.055730 -0.321427 -2.453815 
-0.526840 -0.131950 3.616753 -1.372991 0.219401 0.186854 -0.646096 -0.273755 
-0.451030 0.428633 -6.618926 -0.109168 -0.447319 -0.353302 -0.146534 -1.163454 
-1.764035 -0.569302 0.370657 -0.315595 1.681124 1.318194 -0.544337 -0.835957 
-0.410413 -0.454659 -1.711440 -0.357620 -0.331936 -1.471204 1.666455 -1.229709 
1.287746 -0.388677 -0.450331 -0.127218 -0.410175 -0.071262 -2.337593 0.129204 
-0.225590 0.213923 -0.769186 -0.933706 0.497405 -0.522755 -0.631421 1.586036 
-1.445985 -0.268819 -0.809367 -0.033168 1.948986 3.476754 -0.493620 0.020152 
-0.054546 -0.249877 -0.354763 -0.335956 -0.021659 -0.281291 -0.838509 -0.849690 
-0.446853 -1.010717 -0.959099 0.365856 -0.427236 -0.525291 -0.877816 0.185414 
-0.513499 -0.497883 -0.056099 -0.438388 -0.029321 -1.145813 -0.765678 -0.406604 
-0.409765 -0.546935 -0.358265 -0.704454 -0.128162 -0.520514 -0.608380 -0.801237 
-0.808378 -0.335850 0.074455 -0.951598 -0.187522 -0.621932 -1.032480 -0.431855 
-0.571574 -0.063542 -0.719269 -1.089363 -0.104780 0.018894 -0.689829 -0.486035 
0.070225 0.031365 -0.178667 -0.252009 -0.644980 0.280767 -1.179930 -0.253766 
-0.366565 -0.338071 -0.034666 -0.456821 -0.426734 -0.656327 -0.530597 -0.501028 
0.321674 1.483806 0.226455 -0.895740 -0.232454 0.402470 -0.418988 -2.634373 
-0.559136 -0.966740 -2.709467 -0.379133 -0.001353 -0.753041 0.889816 -0.538765 
0.142060 -1.313103 -1.008165 -0.816078 -0.962479 -1.279380 0.069496 0.192343 
0.004340 -0.562534 -0.854571 -0.628275 -1.019762 -0.751087 1.569932 -0.837364 
-1.287147 -0.040546 0.103034 0.182577 -1.285732 0.086653 0.151222 -1.519029 
-0.909367 -0.198884 -0.349621 -1.588861 -1.003066 -1.094252 -0.259896 -0.591918 
0.690710 0.033455 -0.159010 -0.296569 -0.456063 -0.404607 -0.507131 -0.854202 
-0.262876 -0.019457 -0.607449 -0.147459 -0.585098 1.254671 -0.429215 -0.409865 
-0.473534 -0.108034 1.089728 -0.510174 -1.412657 -0.024933 -0.795392 -0.584688 
0.851067 -0.957754 -0.832621 -1.014874 -1.076683 -0.293164 -0.870842 -0.535421 
-1.077919 0.298201 -0.756833 -0.326611 -1.395077 -0.389426 -0.840689 -0.747549 
-3.334654 -0.166454 -0.019593 2.935863 -2.384014 -0.813327 -0.243252 -0.094026 
-1.237796 -2.505407 0.419409 -0.508118 -0.355501 -1.687926 -0.363725 0.371549 
-2.672252 -1.067367 -0.691253 -0.171219 -0.517869 -0.715815 -0.169438 -0.338835 
0.486697 -0.216054 -0.067640 -0.226135 -1.496677 -0.375563 -0.134489 -0.199070 
-0.868732 -4.324516 2.736791 0.388054 0.057558 -1.138237 0.985058 -0.807776 
-0.631458 -1.178615 -0.190272 -0.831526 -0.829807 -0.299733 -0.085028 -1.538782 
0.208885 -0.472836 -1.102646 -0.214570 -0.139979 -0.270170 -0.358352 0.678211 
0.861496 -0.628865 -0.253824 -1.425173 -1.290490 -0.154279 0.134104 -0.458696 
-1.115016 -2.518478 -0.266938 -0.828370 -0.226522 -1.159038 -1.537991 -0.711987 
-0.484691 -1.356874 -1.195402 -0.789276 -0.302942 -0.005525 -0.089777 0.244400 
0.434656 1.359521 -0.916728 0.083317 -1.631019 -0.308995 -0.851243 -0.687915 
-1.393721 0.987015 -2.045759 -0.214764 0.135412 0.142920 0.324659 -1.472146 
-0.318266 -0.184624 -1.861914 -0.176101 -0.906110 -0.278363 -0.885648 -0.085561 
0.338338 -0.672567 -0.988635 -0.401479 -0.251076 -0.682161 -0.878819 -0.180233 
0.126507 0.233599 -1.009807 -0.918683 -0.108350 -0.636484 -0.926167 -0.453688 
-0.472455 -0.438545 -1.109504 -0.156924 -0.308230 -0.417078 0.153429 0.143396 
-0.708624 -0.749891 0.120828 0.078350 -0.420856 -0.600380 -0.972085 0.164380 
-0.752284 -0.208351 -1.083406 -0.756527 -0.821054 -0.151568 -0.430465 -0.321691 
0.012511 -0.662328 -0.233722 -0.726635 0.182857 0.170360 0.132630 -0.515655 
-0.152394 0.332854 -0.352732 -0.214849 -0.019936 -0.625633 -0.023845 -0.286103 
-0.339030 -0.089642 -0.857076 0.149353 0.302831 -0.390358 -0.325458 -0.280118 
-0.216832 -0.878797 -0.004951 -0.632961 0.014377 -0.830999 -1.804005 -1.515178 
-2.620636 -1.023856 -0.499965 1.117654 -1.319207 -0.619384 -0.911727 -1.209908 
-1.691096 -0.516726 0.142925 -1.002065 -2.376389 -0.998947 -0.935247 -1.969433 
-0.122267 1.078507 -1.132097 -0.811980 -0.500431 0.535223 -0.992450 -0.897990 
-0.222839 -0.226127 -0.684865 -1.238270 -3.421115 -1.645229 -0.635073 -0.410718 
-0.207649 -0.094237 -0.732315 -1.326253 1.082313 -0.539207 -0.085389 -0.835716 
-0.789976 1.266512 -3.986502 -0.381307 0.068628 -0.361301 -0.229435 -1.629715 
3.435546 -2.026108 -1.819697 -1.059232 -1.636000 0.791190 -1.008307 -0.619087 
-2.197964 0.045794 -0.616553 -0.507056 -1.409335 -0.034523 0.197156 0.078796 
0.894574 3.556885 -0.946759 1.319279 -0.508344 -0.654612 1.216113 -0.581429 
-1.793358 -0.807499 1.057464 0.310978 -1.552042 -1.408335 -0.188949 -1.601876 
-0.279000 -1.755897 -1.351033 -0.605459 -1.100945 -1.067481 -0.146087 -2.286330 
-1.847003 0.544885 -0.193163 -0.712367 -1.253614 -1.502482 -0.728374 -2.071175 
-0.297314 3.802783 0.025300 0.186965 -1.375570 -0.526620 -1.010638 -0.980866 
-0.958319 -1.553790 -2.383516 0.642446 -2.471540 -1.071376 -0.198087 0.211761 
-1.098926 -1.074380 -0.278868 -0.161333 -2.413487 -1.728742 -0.800607 -1.020980 
-0.443257 0.357750 0.217465 -0.794716 -0.321263 -1.211928 0.372528 -0.174196 
-0.204768 -0.265270 0.112175 -1.563700 0.096158 -3.667698 -0.416226 -2.351275 
0.341162 -2.253457 0.891067 -2.083060 -0.139747 -0.047323 -1.982883 -0.206761 
-0.145159 0.192333 -1.506775 0.312844 -0.905285 -2.606708 0.759646 0.665580 
0.340164 -0.296850 1.139824 0.609661 3.454348 -8.225380 1.197152 -0.270493 
-0.658065 0.041430 0.032109 1.590388 0.355191 -0.976172 -1.419268 0.941805 
0.186294 -0.137378 -0.330388 -0.914995 2.390982 -0.908428 -2.078252 -0.318115 
0.102276 0.152371 -1.519603 -4.286726 -0.502864 -0.560200 -0.092397 -0.765952 
0.159235 0.458405 -0.071821 -0.444843 -0.440346 0.093373 -0.020243 -0.399698 
-0.033473 -0.936742 -0.894344 -0.043482 -2.429936 -0.085273 -0.729792 -1.097860 
0.994575 -1.239300 3.624273 -0.028291 -0.153871 -0.333703 -1.136836 -0.530831 
-0.308286 -1.290838 -0.204307 -0.488874 -1.454972 -0.958707 0.017161 -0.704017 
-0.825335 -0.617382 -1.197024 -0.731903 -0.529718 0.399601 -0.786623 -0.384817 
-0.637900 0.286179 -0.076048 -0.340002 0.000172 -0.305301 -0.872192 -1.782930 
-0.927545 -2.939651 -0.242121 -1.298404 0.319162 -0.073347 -0.508778 -0.557745 
-0.455692 0.270578 -0.393261 -0.035956 -1.334384 -0.483595 -1.472430 -0.768817 
0.995262 -0.413146 0.130118 -0.866280 0.055429 -0.537396 0.294503 -0.862925 
0.415117 -1.686122 -0.086565 -0.617034 -0.398489 -2.291694 -1.258122 1.797456 
-6.009555 -0.517195 -1.285631 -0.635335 -2.349072 -0.003518 0.245276 -0.927020 
0.741930 0.147171 -1.020148 -1.957755 -0.703996 -0.852520 0.099748 0.072314 
-0.545284 0.250533 -2.870801 -1.260863 -0.067835 -1.397513 -0.757196 -0.922894 
-0.801066 3.290672 -0.398162 -0.380855 -4.653925 0.183122 -0.868128 0.490548 
3.404952 -0.418700 -0.652711 3.326143 3.322930 -0.693907 -0.352317 -2.049852 
3.173057 -0.304190 -0.353673 -0.783199 0.216343 -0.889144 5.030092 -0.601059 
1.091439 -0.538662 -0.073798 0.028559 -0.670546 4.024265 -0.384324 -0.103989 
-0.638110 -0.291043 0.834589 -0.236461 -0.955553 -0.604426 -0.827332 0.673749 
-0.592306 -0.714891 -0.241251 -1.063520 -0.969599 0.377441 -0.215208 -0.149589 
-1.305325 -0.183845 -0.391519 -0.582198 -0.433167 -0.489217 -0.523357 -0.277199 
-0.964009 -0.011667 -0.561532 -1.034565 -0.804442 -0.097623 -0.437089 -0.804544 
-0.593970 -0.012310 0.100951 0.141851 0.144424 0.016173 -0.262033 -0.367669 
-1.265597 -0.316097 -0.235206 -0.269572 -0.689601 -1.095420 -0.515025 -1.080153 
-0.710929 -0.233271 0.455466 -0.121012 0.047252 0.151422 -0.180804 0.333298 
-1.185758 -0.434927 -0.458398 -0.972961 -0.428157 -0.911985 -0.560638 0.292331 
0.016743 -0.620550 -0.536857 1.536428 -10.141637 -5.957042 -0.482822 0.341910 
-2.732915 2.579296 2.450502 -1.713987 -0.572723 1.355750 -7.837173 0.870783 
0.232267 -1.104814 6.383230 1.936771 -0.466454 -2.830182 0.041070 0.204093 
3.288243 -2.567719 -2.967532 1.275756 -1.700708 -1.114113 -7.278576 -3.397736 
-9.157817 -1.477231 -2.059745 0.993009 -1.878301 -0.630265 6.031660 -0.385669 
3.306289 1.529730 -7.046427 0.149359 -2.009044 -4.563546 0.873691 -4.927404 
-2.600702 2.397193 -1.229100 -1.751489 -0.486595 0.330396 -0.480977 -0.058400 
-12.954359 0.947937 -3.932713 -2.159320 3.936217 -1.833694 3.380531 5.450508 
-0.501920 -0.467994 -1.222592 -0.043033 0.322516 -1.354198 -2.509937 -2.861031 
0.151584 -0.731898 -0.358204 -0.602043 -0.689290 -3.135475 -0.289482 0.532286 
-0.738127 -0.118154 -0.954788 1.331240 -0.891017 -2.813762 -1.227845 -0.935051 
-0.283030 -2.606204 -0.091727 -0.672752 -0.944389 -0.276755 0.104213 -2.799514 
1.181141 3.562590 -0.175286 5.961811 -1.060468 -0.864046 -0.616752 -0.400374 
-0.146175 4.424254 0.370522 -1.260480 1.714353 -1.191100 -0.134718 -0.418388 
-1.782162 -1.104422 -0.948239 0.214538 -0.819637 0.027175 -0.915046 -0.295565 
-2.464859 2.326125 -0.106427 -0.919485 -0.299391 -0.559007 -0.007700 -3.725954 
-0.389306 -0.843613 6.876064 -0.705538 -0.416885 -0.794698 -0.248409 -1.330472 
-3.116933 0.181807 -0.366373 0.824534 -0.404394 -1.086913 -0.422257 -0.834261 
-1.949658 -0.885824 0.251454 -0.359987 1.260704 -1.271343 -1.001608 0.175545 
0.061626 -2.964482 0.206675 0.018478 -0.819712 -2.453834 -0.977980 -1.172938 
-0.780937 0.151132 -1.247028 -0.369478 -0.758877 -0.379470 -0.321687 -0.046649 
-0.921475 0.003592 -2.026547 -0.533273 2.476454 -0.689179 -0.206624 -0.646214 
-0.668267 0.654423 -2.796535 -0.537261 -0.138646 0.184370 0.101219 -0.590384 
-0.623622 -2.165430 0.724187 -1.040558 -0.291365 -1.924329 -1.701358 0.306291 
-2.552286 0.175859 -0.367720 -0.498601 -0.520739 0.157620 0.563412 2.421774 
-3.542599 -2.708544 0.251710 -0.283555 -0.284070 -0.333243 -0.264639 -0.716918 
-1.135864 0.167144 -1.004875 -0.457701 -1.332216 -0.323216 1.473031 -0.871611 
-0.538942 -0.325601 -1.009453 -0.291870 -0.188465 -1.859705 -1.991549 -0.591037 
-1.201672 -0.124801 -1.497819 -0.247676 -0.230249 1.203283 0.382949 -1.127558 
-0.815656 -0.676771 0.414780 0.158244 -0.964521 -1.482011 -1.733478 -0.215271 
-0.387209 -0.732876 -2.791163 1.115996 -0.214942 -1.138034 -1.119227 -0.429767 
-0.581278 -2.887814 -1.048677 -0.124323 -0.820250 -0.820491 -0.571866 -0.858661 
-0.670207 -0.959279 0.829877 -1.599646 0.051351 -0.983902 0.423423 0.039084 
-0.028525 -0.101119 -0.199938 -1.054445 -0.181529 0.101022 -1.096789 0.202936 
-0.893155 -0.556482 -0.066859 -0.223440 -0.145838 -0.608331 -0.808849 0.657885 
-1.144241 -0.424144 -0.091057 -0.110750 -0.816227 -0.208405 -0.284636 -0.031635 
0.039498 -0.646326 -0.090173 -0.198344 -0.580309 -0.795922 -1.252380 -0.479212 
0.073647 0.732786 -0.040211 -0.702155 -0.846425 -0.662073 -0.439488 0.130369 
0.395753 -0.859627 -1.080933 -0.130122 -0.341810 -0.967432 0.038669 -0.058034 
0.451154 -0.530494 -0.439044 -1.101675 -0.429598 -1.049853 -0.761051 -0.438181 
-0.275341 0.031185 -0.718658 -0.197629 -0.330340 -0.456203 -0.378314 -0.839964 
-1.966439 -2.111782 -6.273190 3.128884 -6.555162 -0.895127 1.154346 -1.905141 
-1.016046 -1.277516 -6.538632 3.910644 -1.430659 -0.339253 -5.660408 0.977391 
-1.534270 -0.964147 -2.053040 6.799894 -4.679094 -4.497884 3.190090 -0.919576 
-4.344277 -7.641033 1.543748 2.307014 -6.710275 2.228005 -3.628200 10.413583 
5.093396 2.739921 -0.159834 -4.864628 -1.254477 0.049812 -9.541127 -4.229826 
0.522093 4.716793 -0.342401 3.107967 4.690215 -0.831964 -3.195638 -3.260400 
-0.984507 0.329940 0.069433 2.118072 -4.870680 -1.641838 -1.511168 1.512248 
-7.749105 13.896104 -0.009280 -0.127657 -1.297905 -7.016194 0.449703 -2.324107 
0.966876 -0.333070 0.499410 -1.482046 0.366842 -2.944395 -0.502672 -1.312229 
1.258886 0.226319 -0.086159 -0.749412 1.089249 -0.710625 -0.019800 -0.227728 
5.435812 1.634729 -0.540793 -1.014102 -0.692860 -0.767074 -1.444023 0.096743 
-0.553766 1.233606 -0.722546 -0.439541 -3.199710 -3.683213 -2.567348 -0.279561 
-1.944461 0.766182 -0.646467 0.299826 -0.249412 0.283767 -0.137112 -0.150584 
2.873403 -1.192196 -2.477041 -1.201038 -9.345990 0.091509 2.900424 0.127538 
2.579751 -0.163322 -0.159691 0.945737 -1.038001 0.761673 3.106181 -3.030146 
0.302279 -0.968547 1.459051 -0.460305 -0.544063 -0.390089 -1.338611 2.691298 
-0.397259 0.414865 0.229209 -0.047926 -0.633292 0.132417 -0.076613 -0.093735 
0.257238 -0.976994 -0.037074 -0.469753 -0.687950 0.207722 -0.310288 -0.029311 
-0.744445 0.321932 -0.389844 -0.814392 -0.002338 -0.923286 0.962109 -0.535746 
-0.073285 -0.292203 -0.495007 -1.435141 -0.294097 0.156297 -0.100149 -0.190823 
-0.312286 -0.083446 -0.513500 0.654477 0.263512 -0.685690 0.411743 0.295521 
1.085328 0.085656 -0.438174 -1.281100 -0.197474 -0.483771 -0.099246 -0.550932 
-0.559317 0.148879 -0.347551 0.267325 -0.117694 -0.008543 -1.015649 -0.362227 
-0.501453 -0.969816 0.056387 0.046563 0.221498 -0.554563 -0.332756 -0.334056 
-0.171664 -1.090994 0.328944 0.204696 0.197362 -2.022678 -0.260901 -0.226022 
0.274586 -0.153083 -1.248676 1.089393 -0.470537 -1.220756 0.239373 0.772638 
-0.171419 -1.095655 0.650972 -0.589627 -1.287935 0.403275 0.188461 0.240446 
-0.920084 -0.935764 -1.259769 -0.262403 -0.120248 -0.913467 -0.935721 -0.803469 
-1.135580 -1.180556 -0.832227 0.175043 -1.239476 0.171094 0.783722 0.015856 
-1.075465 0.013359 -0.333695 -1.306392 -0.265546 -0.456407 -1.361601 -1.453635 
-0.727385 -0.993254 0.277626 -0.704342 -0.148200 -1.031073 -0.334624 -1.194775 
0.022884 0.031981 -1.086229 0.014205 -0.353591 0.282418 -0.561016 -0.265995 
-0.514782 0.101597 -1.203207 -0.082891 0.985313 0.865810 1.248529 1.238810 
-1.340196 1.084315 -2.525214 -1.209136 0.046121 -1.218339 8.495096 -2.236226 
-1.371060 -0.366977 -1.500398 -5.346349 2.930191 2.887885 2.854513 4.611339 
-1.137584 -5.253654 -0.638245 -1.708639 0.032537 0.470379 -1.410160 -4.328689 
-9.680588 -0.662315 -0.073625 2.830777 -5.423376 -0.523504 -0.427895 4.974306 
-0.153513 -1.392783 0.100462 -0.334011 1.933194 -1.708786 -0.969018 -1.258170 
0.353817 -3.422469 -2.880297 -2.186406 -0.022861 0.368352 1.198895 -0.539511 
0.539280 -0.572840 -1.613240 -1.091945 -0.832325 -4.266072 -3.846997 -6.299101 
0.166340 -1.117143 -0.032483 -1.866708 0.359839 0.239837 -0.703853 -0.334435 
-0.847309 -0.110926 -0.169768 -0.403399 -0.198698 -0.503578 -0.190618 -0.479022 
-0.125104 -0.394508 0.190978 -0.694073 -0.109431 -0.718563 -0.697253 0.867469 
-0.371730 -0.527296 -0.164475 -0.724342 -0.020634 -0.208380 -0.122738 -0.648327 
-0.871861 0.055119 -0.495951 -0.891625 -0.571132 -0.109683 -0.069980 -0.046641 
-0.599106 -0.304276 0.189923 -0.057507 -0.454577 -0.124504 -0.213363 0.086781 
-1.086725 -0.108457 -0.168128 -0.607922 -0.211447 -0.480740 -0.485532 -0.365444 
-0.077339 -0.958433 -0.376010 -0.832189 0.020721 0.125016 -0.604262 -0.037219 
-0.622593 0.283802 -0.181694 0.171011 -1.000402 -0.388945 -0.465881 -0.418845 
-0.102470 -0.580827 -0.638174 0.313254 -0.401230 -0.616806 -0.257619 -0.066125 
-0.239460 -0.304491 -0.439432 0.199438 -0.819095 -0.324983 -0.721755 0.103290 
-0.487034 0.036959 -0.599707 -0.843017 0.026187 -0.538476 -0.481679 -0.442173 
-0.387216 0.237783 0.247025 -0.403710 -0.176536 -0.334263 0.140238 -0.123441 
0.438174 -0.591947 0.382820 -0.537532 -0.596301 -0.588069 -0.578086 -0.402332 
-0.471515 -0.565954 -0.544477 -0.407558 -0.686097 0.396971 0.063575 -0.442239 
-0.236801 -0.476036 -0.736225 0.127430 -0.043399 -0.018267 -0.262291 -0.261773 
-0.328157 0.051554 0.150945 -0.490293 -0.072737 -0.165833 0.401553 0.096159 
-0.261190 -0.923062 -0.971920 -0.945978 0.309276 -0.972356 -0.679146 0.527982 
-0.444797 -0.203784 0.240970 -0.698648 -0.275623 -0.865279 0.225807 -0.610596 
-0.400186 -0.351347 -0.524827 -0.995871 -0.355796 -0.278103 -0.162427 -0.290998 
-0.418494 -1.128837 -0.755489 0.099620 -0.299928 0.585560 -0.051211 -0.247824 
0.272559 0.362795 -0.397238 0.805996 -0.023385 -0.281373 -0.467955 -0.127508 
0.248726 -0.702794 -1.452825 -0.668011 -0.399087 -0.197662 0.107788 -0.057371 
0.409510 -0.182016 -0.579555 -0.296122 -0.575704 -1.227988 -0.652612 -0.149048 
0.048673 0.376607 -0.661263 -0.046268 -0.500193 0.070561 -1.320664 0.170550 
0.106399 1.128317 0.627449 0.263480 -0.991175 0.079631 0.208725 -0.432456 
0.302429 -0.843748 -3.393816 -1.229208 0.818183 -0.241638 -0.520398 0.433185 
-0.234408 -0.573973 -0.945562 -0.542314 -1.723224 -0.227762 -1.426867 -0.633748 
-1.142588 -0.622418 -1.371619 -1.061237 0.693533 0.264399 -0.505338 -0.947236 
-0.878147 -0.012631 -0.457036 -1.385158 0.160112 -0.629664 -1.404397 0.678961 
-0.824663 0.774440 -0.055751 -0.799486 -1.839980 -0.531771 -1.159048 -1.105801 
-0.240140 -0.228497 0.184690 0.412686 -2.427203 -0.017042 -0.870788 -0.643434 
-0.285938 -0.671852 0.020858 -0.221810 -0.192700 0.113643 0.190135 -1.471359 
0.319669 -0.228853 1.359327 -1.012538 0.148078 0.070234 -0.379131 -0.449765 
-0.413567 -0.132452 -0.730428 -0.820752 -0.518792 -0.832684 -0.190669 -0.194056 
-0.547187 0.894199 -0.188280 0.130814 -0.218611 -1.049607 -1.335148 -0.032003 
-0.422742 -0.156803 -0.225218 -0.057157 -0.182418 0.105238 0.366261 -0.188185 
-0.807139 0.229715 0.120683 -0.470611 -0.610124 0.378534 0.293142 0.881410 
0.255237 -0.610256 0.000914 -0.464981 -0.662982 -0.219674 -0.144994 -0.952548 
0.024374 -0.160168 -0.233265 -0.008069 0.010895 -0.382409 -0.440061 -0.596961 
-0.754926 0.286508 0.123344 -0.214947 -0.216317 0.365708 0.117065 -0.680578 
-0.476107 -0.347838 -0.693629 -0.582317 -2.061350 -0.793879 -0.774583 -0.251834 
-0.569346 -0.295408 -0.403421 -0.896575 1.742071 -0.131918 -0.942595 -0.400705 
-0.768996 -0.876257 1.912696 -0.454889 -0.729226 -0.877329 -0.631569 -1.367618 
-0.809119 -0.512549 -1.035164 -1.011585 -0.447289 -0.670808 -0.415860 1.703076 
-0.789811 -0.878815 -0.312637 -0.451508 0.324347 -0.811694 0.360188 -2.283076 
-0.812227 1.902362 -0.966964 -0.467500 -0.154816 -0.951695 -0.090583 -1.004715 
-1.465748 -0.283963 -0.205208 0.398759 -0.142135 0.149542 -0.951434 -0.370282 
-0.669153 -0.068155 -0.457715 1.778014 -0.155560 -1.476200 0.039387 0.358952 
-0.191021 -1.109847 -0.211295 -0.614067 -0.602217 -1.181950 -0.197753 -1.909029 
-1.173202 0.308305 -1.001559 0.380337 -1.331914 -1.229113 0.454597 -1.278357 
-0.455027 -1.127653 -0.974145 -0.726908 -1.283150 -0.474813 -0.759500 -0.928334 
-0.472146 -0.515447 -0.521695 0.050727 -0.995057 -1.171022 0.316978 -0.741741 
-0.018495 -0.516930 -1.256808 -0.033258 -0.270532 0.368547 -1.215275 0.108016 
0.714275 -0.526789 -0.589517 0.154886 0.304043 0.264579 -0.315071 -0.622454 
0.597211 -1.013928 0.248005 -0.292666 0.145426 -0.022407 -0.185457 -1.190338 
0.650978 -0.973455 -1.194052 -0.168221 -0.489854 0.367489 0.223858 0.961556 
0.141873 0.520008 -1.080353 0.454886 -0.155848 -0.674163 -0.234512 0.013271 
-0.345370 -0.010761 -1.009362 -0.994150 -0.535010 -0.302261 -0.294307 -0.215243 
-0.416503 -0.420076 -0.461161 0.002603 -0.379941 -0.407875 0.098141 -0.061439 
-0.675302 -0.603361 -0.657836 -0.266692 -0.413572 -0.631748 -1.037850 -0.184620 
-0.677620 0.046540 -1.034156 -0.416386 0.008144 0.098982 0.332229 -0.940816 
0.156737 -0.157276 -0.420163 0.145969 -0.398842 0.491573 0.137591 -0.277963 
-0.190789 -0.384586 -0.218263 0.437676 -0.902197 0.002416 -0.181251 0.049874 
-0.311838 0.154679 -0.770888 -0.342886 -0.000586 -0.413270 0.449187 -1.229915 
0.285642 -0.546313 -0.209696 -0.995094 -0.087184 -0.406528 -0.347217 -0.128187 
0.078560 -0.598775 -0.361048 -0.651242 -0.074427 -0.111477 -0.242129 -0.205846 
-0.432398 -0.579273 0.450372 -0.216648 -0.355483 -0.503586 -0.558992 -0.416874 
-0.208642 -0.501602 -0.535283 0.191163 0.061087 -0.464116 -0.461990 -0.706137 
-0.030596 -0.682487 0.142941 -0.530083 -0.834772 0.035916 0.353142 0.090944 
-0.393850 0.438959 -0.079838 -0.177704 -0.619100 -0.230565 -0.410973 -0.550507 
-0.235406 0.291386 -0.049972 -0.894601 -0.198267 -0.136760 0.018443 -0.391280 
0.302994 -0.024205 -0.124754 -0.469606 -0.606078 0.013286 -0.629391 0.209102 
-0.293956 0.383141 -0.298845 0.431252 -0.482984 -0.047144 -0.169131 -0.597789 
-0.725096 -0.151621 -0.163321 -0.271592 -0.093595 -0.565259 -0.462234 -0.223740 
-0.514307 -0.377915 -0.329394 0.205398 -0.255453 0.269094 -0.333234 -0.583994 
-0.321236 -0.847792 -0.408664 -0.778263 0.199995 0.148146 -0.089151 0.061304 
-0.303071 -0.316763 -0.514971 -0.209122 -0.400216 -0.567966 -0.253359 0.051928 
-0.265282 -0.141546 0.448397 0.040921 -0.392877 -0.092449 -0.670857 -0.270721 
-0.573135 -1.000658 -0.214113 -0.207994 -0.841025 -0.478658 0.129286 -0.350404 
0.140713 0.012750 -0.302742 -0.369679 -0.130727 -0.214999 -0.089584 -0.017443 
0.218857 -0.526862 -0.473535 -0.509947 0.010667 -0.303550 -0.415470 0.111356 
-0.754530 -0.341537 0.173896 -0.024094 -0.304648 -0.186076 -0.301238 -0.482457 
-0.273195 -0.817850 -0.101702 -0.576577 -0.448461 -0.535487 -0.227185 -0.546890 
-0.341860 -0.496779 -0.555559 -0.105205 -0.304275 0.101330 -0.789405 -0.660368 
-0.030021 -0.912927 -0.428386 0.137425 0.166322 -0.460942 -0.100176 -0.419250 
0.059676 0.497463 -0.349307 0.018090 -0.424387 -0.666465 -0.078711 -0.360857 
-0.018642 0.020282 -0.532252 0.214277 0.307564 -0.851357 -0.434933 -0.495346 
-0.320499 0.166626 -0.020451 -0.067093 -0.502866 -0.816070 -0.553279 -0.499730 
-0.598155 -0.102525 -0.210574 0.098208 -0.556363 -0.183614 -0.576884 0.389333 
0.078834 0.012572 -0.769972 -0.604948 -0.730525 0.148236 -0.653218 -0.094149 
-0.319242 -0.429271 -0.364747 0.324785 -0.231494 -0.520567 -0.177747 0.071945 
-0.354707 -0.466881 0.246186 -0.376273 -0.474296 -0.776163 -0.327417 -0.355864 
-0.366964 -0.407576 0.008976 0.087587 -0.274343 -0.469006 -0.783397 -0.614869 
-0.351494 -0.239248 -0.182511 -0.598963 0.042239 -0.272848 -0.391983 -0.012655 
0.043110 0.131098 0.108976 -0.255178 -0.692893 -0.245771 -0.204537 -0.065340 
-0.478507 0.367419 0.173604 -0.360052 -0.331129 0.289414 -0.883257 0.081724 
-0.106922 -0.555086 0.100158 -0.514165 0.217309 -0.413981 0.111780 -0.370228 
-0.074959 -0.230704 -0.772232 -0.321507 -0.080770 -0.281753 -0.387145 -0.645222 
-0.225410 -0.107462 -0.368383 -0.852663 0.276889 -0.114578 -0.497677 -0.703562 
0.210720 -0.125053 -0.144612 -0.397649 -0.204404 -0.222813 -0.794031 -0.317718 
0.061018 -0.659550 -0.061023 -0.201503 -0.326281 -0.474660 -0.412140 -0.611011 
-0.830253 -0.398435 -0.291221 0.143729 -0.717667 -0.482986 0.097282 -0.428542 
-0.721767 -0.125995 0.384811 -0.297239 -0.693783 -0.331520 0.063163 -0.738502 
-0.076045 -0.240779 -0.036146 0.223383 -0.037006 -0.318115 0.290555 -0.606893 
-0.025958 0.229220 -0.711195 -0.097536 -0.175722 0.387813 -0.348669 -0.321969 
-0.505489 -0.341413 0.367186 -0.716946 -0.633756 -0.204449 -0.553972 -0.247391 
0.057497 -0.595759 0.000798 -0.218279 -0.365831 -0.091401 -0.629565 -0.185406 
-0.846972 -0.435910 -0.365470 -0.172642 -0.540817 0.121614 -0.736231 -0.773920 
-0.092199 -0.312556 -0.792501 -0.802593 -0.764932 -0.557994 -0.154523 0.161802 
-0.100870 -0.377976 -0.070421 0.389037 -0.101269 -0.583588 0.335347 -0.009901 
-0.673090 -0.232316 0.057350 0.078085 -0.765883 -0.720875 -0.483438 -0.146721 
-0.304366 -0.120809 0.393295 0.138072 0.074060 -0.185355 0.022391 0.404722 
-0.086738 0.134794 -0.000711 -0.232518 0.352660 -0.306842 0.193424 0.146949 
0.253424 -0.730875 -0.300819 0.236234 -0.763901 -0.316153 0.316684 -0.215113 
-0.317085 -0.575860 -0.226116 0.059255 0.107968 0.173341 -0.318284 -0.774354 
-0.274058 -0.336315 0.341272 0.547939 -0.503348 0.157600 0.102169 -0.304269 
-1.261633 -0.392421 -0.151115 -0.366616 0.125027 -0.598056 -0.708225 -0.692929 
-0.398041 -0.614856 0.123841 0.264797 -0.597832 -0.126642 -0.442047 -0.458183 
-0.935957 -0.149672 -0.261785 -0.258766 0.248616 -0.618277 -0.439525 -0.455029 
-0.013318 -0.312057 1.209408 -0.181226 -0.226536 -0.634834 -0.418455 -0.110871 
-0.169579 -0.138993 -0.315524 0.109827 0.311038 -0.328314 -0.927196 -0.030091 
-0.649541 -0.224297 -0.532420 0.224042 2.321430 -1.184530 2.215597 -0.017174 
-1.347000 -0.197146 -1.043619 -0.832517 -0.349866 -0.880731 -0.706997 -0.026102 
-0.178742 0.114026 -1.235445 3.065771 2.022460 -0.706712 -0.199916 1.247478 
-0.482016 -5.072533 -0.629173 -2.482564 -0.343538 -0.126145 -1.347334 -0.765328 
0.336935 -0.852948 -1.225421 1.359843 -4.779585 -0.270876 -0.075842 -2.267262 
-0.759253 -0.292265 -1.137007 -0.390733 -1.246177 -0.424038 -0.529447 -0.973467 
-2.698920 -1.279466 -3.497619 -6.067539 -0.374093 -0.378731 -1.304406 -0.211395 
1.291097 -1.256271 -1.047274 -1.224459 -0.404625 -0.594407 11.410801 -2.674557 
-0.176589 -0.547936 -0.366015 -1.470470 0.183228 -0.968878 0.944439 -0.254421 
0.041377 -0.928028 1.049277 -0.299852 -0.202199 -1.369079 0.997143 -1.151983 
-1.897640 -0.624673 -1.166665 0.227937 0.243487 -0.364231 -0.877573 -1.247536 
-0.308032 -0.396556 -0.842086 -1.184671 -0.196434 -1.844941 0.222652 -1.006927 
0.275690 -0.007596 -1.608871 -1.139610 0.189355 -0.688455 -1.050521 0.296226 
-0.642686 -0.799399 -0.736118 -0.949158 -0.493202 -0.623261 0.430775 0.594054 
-1.258375 -0.662765 -0.241104 -1.316307 -1.285227 1.066458 -0.204164 -0.395212 
-0.223806 -0.089471 -0.704102 -0.048076 -1.984390 0.321991 0.015075 0.983918 
-1.161805 -0.175755 -0.716927 -0.935472 -1.054747 0.015416 -0.063135 -0.238267 
-2.823308 -1.246016 -1.366754 -0.339179 -2.538169 -2.149658 -0.508823 -1.058749 
-1.976059 -2.887840 0.497854 -0.014251 -1.435134 -0.956785 1.819449 -1.328517 
-0.041896 -2.422443 -2.645860 -0.335999 0.134989 -0.607351 -3.418692 -1.047650 
-1.413351 -0.314175 -0.654053 -1.597064 -1.293295 -3.856407 -3.235310 -0.743497 
0.099963 -0.339147 -0.090592 -0.611722 -1.391401 -0.390747 -0.392707 1.073311 
-0.102142 -1.490244 1.243645 0.327290 -2.446438 0.661769 -0.015115 0.305049 
-0.929604 -0.091455 -0.961362 -1.095835 -1.835703 -1.585622 -0.870644 -1.096212 
-0.465448 -0.489853 0.071891 0.080307 -0.014407 -1.459805 -1.265693 -0.328448 
0.553041 -0.709460 -1.457210 -0.937111 2.046935 -0.666044 -1.164697 6.456708 
-1.066763 -1.379045 0.269623 -0.925493 -0.060376 -2.799602 -2.963056 -0.582096 
-0.662677 2.292119 -0.093860 0.196366 -0.830268 0.557685 -0.187705 -0.171167 
-0.134550 -0.585227 0.173170 -0.115658 -0.460549 -0.826181 -0.427754 0.163826 
-0.608681 -0.124426 0.369848 0.159473 -0.689800 2.543018 -0.437670 0.688734 
0.993739 -5.916044 -1.276686 -0.556253 -1.734733 -0.517781 0.952880 0.066831 
0.141810 -0.051926 -0.301563 -0.517214 -3.345859 -0.600395 -0.564496 1.713104 
-0.570846 0.321559 -0.808426 -0.107511 1.587599 -0.338858 -0.977785 1.819942 
-0.884137 0.764757 -0.692190 -2.967738 -1.159128 3.756704 1.645178 -1.792049 
-7.159928 -0.065389 -1.780344 0.471626 -1.209814 -0.347713 -5.899534 0.451364 
-2.344522 -0.682326 -0.183762 -0.066363 0.595445 -2.100998 1.662108 -0.623283 
1.741281 0.250013 -1.353046 0.170637 0.561267 -0.548297 -2.049152 -7.409218 
0.067688 -1.020311 0.150290 0.480115 0.147061 5.555428 3.316952 -1.636257 
-0.695470 5.204700 12.617465 -1.427057 -1.497355 -3.052073 -1.511302 4.768425 
-0.080130 -0.144231 -4.895619 -0.141189 -1.914227 6.541337 -2.199594 -1.024327 
5.344384 -2.254210 0.261306 -1.950106 0.300408 -11.493045 0.090192 -1.404029 
-0.571798 -1.574794 -2.650053 -1.792943 0.756715 0.318455 -0.405643 1.938700 
-0.567609 0.801737 0.298354 0.698415 0.593566 -1.453270 -0.044966 0.123057 
-0.321576 -0.541548 0.575860 -0.196132 0.697760 0.439337 -7.930020 1.033427 
1.157450 1.961192 -0.197580 -7.783748 -4.294333 -1.239385 2.190016 -0.594387 
-2.272524 0.220963 -0.148141 0.282417 -0.908640 -0.362952 1.104167 -1.634582 
-6.805039 -0.006706 -0.028375 -0.347809 0.848554 1.838901 0.076613 -1.554729 
1.627936 3.534806 0.052001 -0.998545 -1.076333 0.386872 -0.356901 -1.643545 
-0.164477 0.206180 1.343637 -0.827727 0.804044 -0.889801 -0.702588 -0.543740 
-0.189728 0.405599 -0.053875 -2.208089 -2.123271 -1.726013 -1.414467 -0.742695 
-1.234264 -1.421359 0.541441 -0.758449 -0.125555 0.302117 -0.611480 -0.179093 
-0.753760 -1.232849 -0.255908 -1.576231 -0.301431 -1.598295 -0.346532 -0.027301 
0.610288 0.123553 0.520945 -1.035245 -0.109100 -0.388158 -0.025861 -0.732787 
-0.890430 -0.618814 -0.587192 0.585643 0.526909 -0.831032 0.121978 -1.345215 
-0.586734 -0.054826 -0.545684 -0.407333 -1.146813 -0.865356 0.463189 -1.483368 
-0.029537 -0.363630 0.695545 -0.171044 -0.621702 -1.104949 -0.667822 -0.529471 
-2.866436 -0.982694 -0.563016 -0.422250 0.005048 -0.868006 -0.060664 -1.727733 
-0.129509 -1.624733 0.221422 -1.426068 -2.204736 0.419411 -0.070683 -0.750057 
-0.357603 -1.415417 -0.340243 -0.600977 -1.343805 -1.530208 -0.885523 -1.310293 
0.223314 -0.790222 0.271230 -0.034148 -1.317846 -0.669792 -0.655877 -0.636517 
-1.343618 -0.859553 -0.175985 -0.025375 -0.145867 -0.815003 -0.660167 -0.735796 
-2.009073 -0.639282 0.468536 -0.369025 -0.062483 0.487141 -1.136559 0.064004 
-0.917443 0.831182 -0.943656 -0.544981 -0.219934 -1.343317 -0.580998 -0.866077 
-1.260022 -1.476728 1.278741 -0.158703 0.172156 -0.471743 -0.479610 -0.693169 
-1.005269 -1.237481 -0.589307 -0.515217 -0.950458 0.118402 -2.256810 -0.547449 
-0.836011 -0.676560 -1.188350 0.209956 2.115957 -3.822749 0.118572 -1.094234 
-1.259018 0.024275 -1.364925 -0.109662 -0.248760 -1.388954 -0.658536 -0.590452 
-1.724682 0.079389 -1.635553 -0.334593 0.566799 -0.711506 -1.102806 -0.971717 
-0.839509 -1.754491 -0.091594 -0.624640 -0.132404 -0.756229 -1.326669 -1.491706 
-0.829095 -1.100156 -1.575810 -0.048618 0.369849 -0.130669 0.190381 -1.284103 
-0.344742 -1.049457 -0.016737 -0.679964 -1.096799 -0.620837 -1.597934 -0.873304 
-0.609364 -1.628723 -1.344776 2.358505 0.219394 0.282155 -1.142056 -0.272004 
0.331147 -0.798232 -1.155651 -0.642290 -0.419310 -1.694675 -0.427669 -1.924695 
0.132746 -0.757054 0.112654 -1.497494 0.130621 -0.084353 -2.410402 0.079541 
-0.720696 -1.053395 1.981943 -1.606996 -1.161174 -1.124082 -1.140494 -0.564635 
0.036259 -1.542154 -1.292308 -1.364500 -0.974799 0.195765 -1.214136 0.295478 
-1.545814 -1.811026 -2.344636 -1.755824 0.250405 -0.071221 -0.086389 -1.433911 
-0.320338 1.706672 0.012469 -1.135240 -1.487358 -0.938863 -1.031011 -0.610738 
-1.054417 -0.272088 1.779198 -0.502056 0.502862 -1.049759 0.440799 1.108259 
-0.898617 -0.801262 -0.947273 -1.430112 0.356879 -0.797120 -0.251246 -0.751627 
-1.846653 -2.377423 0.366678 -0.809127 -0.800435 -0.436672 -1.334564 -0.049826 
-1.073340 -0.247815 0.907831 -0.696612 -0.898912 -0.045887 -0.857244 -2.162401 
-2.180279 0.812510 -0.981901 0.762653 -1.532068 -0.103075 -0.999497 -2.304851 
-2.557986 0.009144 0.484613 0.633892 -1.856586 1.232681 -0.121540 -1.010182 
-1.780157 -1.074531 -1.621186 -1.735543 -1.738232 -0.091492 0.798837 0.129321 
-1.534077 -0.760815 0.091642 0.667905 -0.934309 -3.431198 -0.796592 -0.222006 
0.921828 0.101414 0.030677 -0.343548 -0.868674 -1.553730 0.469826 -0.537098 
0.929674 -0.597899 -1.196199 0.523274 -1.137883 1.226024 0.786916 0.301821 
-0.189064 -0.831520 0.634578 -0.580879 -2.995658 -1.450385 0.508204 -0.188256 
0.318140 -1.929218 -0.891395 -0.257026 0.001628 -0.978071 0.001095 -0.242650 
0.603775 -0.613876 -0.685996 -0.755169 0.581822 -1.057929 -0.656733 -3.136611 
-1.040837 -1.236280 2.656960 -0.023850 -1.176639 0.218501 -3.322569 -0.810307 
0.144956 -0.509381 -1.506259 2.110095 -2.421352 -5.907321 -0.610044 -1.146664 
-0.399002 -0.330910 2.303358 1.173885 0.990387 -2.604060 -4.027808 -5.287457 
-2.533042 -0.033443 1.473660 0.191125 1.157463 -1.952776 -1.878121 2.044667 
0.330101 -1.255451 -1.466338 -4.547975 -3.465206 1.092884 -2.856707 -1.718997 
-0.502692 -0.514037 -1.063891 2.192476 -0.292967 -0.010535 -0.919672 3.137404 
-1.484029 -0.110588 -0.998096 -0.119041 2.401713 -0.505605 -0.867171 -0.060064 
-0.430659 -1.603338 -3.236527 -1.473007 -1.134315 -1.209577 -0.253897 -1.583667 
-1.266733 -0.995725 -1.667218 -0.173480 -0.165881 -0.947426 -3.054299 -1.581918 
0.092260 -1.408661 -0.286945 -0.169833 0.813888 -1.849593 -0.995851 0.138904 
1.424463 -0.600364 -1.376884 0.283219 0.219719 -1.662717 -1.279095 0.371954 
-1.396420 -0.855087 0.130907 0.452354 -0.240626 0.056442 0.849275 -0.390419 
-0.600790 1.515205 -0.645035 -1.591601 -0.916282 -3.079331 -1.740084 0.716951 
-0.791413 0.245177 -0.778085 -0.694949 -0.570409 -0.184514 -1.593474 -1.183188 
1.419250 -1.034259 -0.231220 -1.418825 0.127469 -0.193639 0.271629 -1.353498 
-0.344694 -0.464734 0.090156 -0.634868 0.141298 -0.133935 -0.507086 -0.268308 
-0.425122 -0.433315 -0.436242 -0.114303 0.303832 -0.172124 0.409016 -0.991432 
0.308857 -0.943500 -0.395684 0.356110 -0.269711 0.199814 -0.358529 -0.920112 
-0.051372 -0.841474 -0.365709 -0.212646 -0.098804 -0.253463 0.281892 -0.619436 
-0.655214 -0.131425 -0.217392 0.026270 -0.327547 0.036880 0.050562 -0.514252 
0.206896 -0.058832 -0.252403 0.042188 -0.508715 -0.437739 -0.173441 -0.753408 
-0.049225 -0.898976 0.102729 0.080161 -0.169389 -0.786104 0.204594 -0.580656 
-0.398791 -0.442705 -0.443842 0.459957 -0.752992 -0.420152 -0.488414 -0.380977 
-0.404527 -0.205191 0.060800 -0.855132 -0.436169 1.369838 -0.604935 -0.295817 
-1.540969 -0.982619 0.559213 -1.153546 -0.636368 -0.732758 -0.956620 0.143008 
-1.315629 -0.762712 -1.346120 -0.739536 -1.765732 0.455282 0.602980 -0.525917 
1.867911 1.459050 -2.416427 -0.284559 -0.772143 -1.625254 -0.625059 -0.709371 
-0.443972 -1.232078 -0.218495 0.658703 1.672642 0.347130 -0.476320 -1.825585 
-0.761651 -1.606584 -0.491315 -0.938112 -0.770116 -1.010252 0.050175 -0.997584 
-0.551766 -1.333378 -1.536301 -0.334600 0.200895 0.738290 0.124385 0.112619 
-2.287526 -0.127685 0.381938 -1.079754 0.412357 -0.157641 -0.319097 -1.436614 
-0.169465 -1.313543 0.604778 -1.603424 0.845309 -1.556031 -0.921604 -1.612844 
0.068433 -2.523856 -0.382192 -1.241529 -1.817408 0.230620 -2.404201 -4.551133 
-0.355249 -1.130938 0.402986 -1.409857 -1.104187 0.886566 -2.642917 0.757047 
0.265052 0.390561 -3.215030 -1.818785 0.217347 -1.587256 0.231935 0.345615 
-2.309625 0.982512 -2.638620 -0.616889 -1.011981 -0.486964 0.938872 -0.502530 
0.655534 1.854249 -2.471300 0.965668 1.588987 -2.049486 -2.626909 1.414528 
-0.550641 -3.113895 -0.389697 -0.243876 -0.182097 -5.967576 -2.221059 -5.601688 
-0.908840 -2.394546 -2.715423 4.203402 0.090550 -0.312984 -1.979073 0.366939 
0.305418 -0.462411 -1.361653 -0.114280 -0.348787 -2.723858 0.530135 0.282043 
-0.032732 -1.183527 -1.879927 -0.312075 -3.034468 -1.142538 -1.357151 0.265655 
1.028267 1.409750 -3.555315 -1.328291 1.258942 -0.945757 1.659717 -1.223311 
0.278696 -2.245838 -2.014385 2.095676 -3.340645 1.339781 -0.645769 1.396731 
0.244406 -0.561328 0.481561 -0.544060 -1.050816 0.337905 -0.755769 -3.060230 
0.040123 -2.018198 1.068921 -3.931377 -1.663774 -0.041060 1.137428 -2.917018 
-3.471218 -2.898631 -0.017397 2.237628 -1.350996 0.171216 -2.204917 -0.176427 
0.380982 -0.585449 0.111053 -1.112314 3.867652 -1.928847 -2.468308 -0.309295 
-0.750147 0.481162 -0.530242 -0.653328 0.455849 -1.204511 -0.654437 -1.309287 
1.157914 0.058347 0.560536 -1.082241 0.338076 -0.583041 -0.939556 -0.452072 
0.101912 -0.290932 0.341984 -0.368824 0.698680 -0.175701 -0.978189 -0.007023 
-0.424301 -0.164719 -0.430160 -0.556240 -0.704815 -0.763507 -0.165035 -1.641090 
-0.379607 0.304977 -0.162203 -0.619551 -0.753583 -0.522815 -0.506512 0.516739 
-1.739362 0.049398 0.134840 -0.289901 -0.274825 0.144333 -0.725690 -0.127553 
-1.170167 -0.436054 0.294484 -1.052788 0.114401 0.464551 0.229122 -0.619259 
-0.005373 0.077779 -0.137518 -0.923045 -1.114396 -0.827518 0.359341 -0.486201 
-1.000877 -0.314283 -0.241435 0.335545 -0.887109 -0.130045 -0.436076 -0.331255 
-0.551974 -0.280289 -0.120631 -0.311426 -0.604517 -0.094542 -0.198182 -0.803134 
-0.410767 -0.175053 -0.101676 -0.206080 -0.187243 -0.674640 -0.587418 -0.670021 
0.070482 0.161872 -0.398099 -0.473430 -0.098578 0.055957 -0.508650 -0.175941 
-0.122013 -0.082648 -0.629727 -0.097503 -0.585425 -0.697798 -0.169189 -0.439390 
0.123131 -0.668457 0.189584 -0.267622 -0.136758 -0.006187 -0.518226 -0.350446 
-0.628040 -0.536114 -0.001608 -0.277501 -0.789576 0.337086 0.085187 -0.059589 
-0.515971 -0.328671 -0.130573 -0.254759 -0.609666 0.008873 0.173089 0.214238 
-0.445359 -0.564242 0.172119 -0.637744 -0.450062 -0.064752 0.146802 -0.007424 
0.011864 -0.764051 0.049051 -0.556391 -0.199519 -0.615280 -0.360451 -0.093552 
-0.280509 -0.344761 -0.107134 -1.101925 0.257937 -0.730979 0.200136 -0.681820 
-0.824195 -0.147603 -0.446406 -0.682316 -0.647681 -0.104983 -0.628359 -0.461355 
-0.923861 -0.297144 -0.444482 -0.754161 0.110774 -1.007332 -1.203702 -0.084347 
0.466913 0.027490 -0.521176 0.289946 -0.506926 -1.141884 -0.771876 -0.362275 
-0.390386 -0.234397 -0.427057 -0.555031 -0.189945 -0.545933 -0.496270 0.024487 
-0.579612 -0.336662 -0.549233 -0.928713 0.287476 -1.066137 -0.283198 0.186433 
-0.022878 0.172057 -1.031798 0.425255 -0.626264 -0.342785 -0.706911 0.050934 
-0.218278 -0.735613 0.967261 0.611921 -2.508106 -0.143424 -0.659826 -1.045771 
-0.378980 -1.109669 -0.908549 0.654282 -0.459685 -0.173439 -0.591109 0.506869 
-0.109842 -0.831506 0.174367 -1.416418 0.385664 -1.111786 -0.792819 0.210921 
0.167266 -2.266762 -1.213755 -1.893643 0.688231 -0.656907 -1.276561 -0.410926 
-0.649265 -0.902147 -0.489698 -0.753688 -0.639687 -0.140643 -2.393498 -0.576241 
0.076467 -0.545304 0.010300 -1.151100 -1.023692 -0.466323 -0.764303 -0.223823 
0.217165 -0.339810 0.391208 0.062981 -0.837511 0.015879 -1.016005 -0.755247 
0.663861 0.136266 -0.191952 -0.050599 -0.238883 0.288536 0.107863 -1.319409 
0.439364 0.220891 0.346876 0.988043 0.476595 0.324902 1.723589 -0.580584 
-2.215824 -0.539282 1.005908 0.040309 1.235639 2.064631 -0.032446 -1.357502 
0.889134 0.472218 -5.220853 -2.456018 0.091041 -3.216753 0.765500 6.717858 
-0.877798 -0.849011 -7.517534 0.018919 -0.789764 -0.234517 3.639929 -0.649043 
-0.617158 0.048866 2.063479 -0.257254 -4.478438 -0.237622 -3.805209 -5.664940 
-1.447803 -1.262287 1.595184 0.755696 -0.625620 -1.293188 1.693484 -0.269815 
-0.485956 4.005006 -0.365489 -0.010227 0.280258 -0.348225 -4.579312 -0.607197 
-1.941989 0.238059 0.295467 0.271495 -0.161790 -1.816195 -0.037540 -0.510544 
-0.495227 0.430588 -0.840754 -1.446410 -5.299752 -0.424398 -2.223237 -0.244145 
-0.995275 -0.453090 0.419818 -0.227400 0.556461 0.508606 -0.734779 1.041115 
-0.445213 -1.463533 -0.402046 0.103568 0.949324 0.391300 0.542087 0.079149 
-0.506914 -3.611467 -2.120821 -3.952603 -0.585301 -0.982226 -1.005744 -0.760882 
-0.311209 -0.404048 0.487941 -0.471653 -0.360913 0.790067 -0.551684 0.800603 
-2.857507 0.408177 0.044967 -2.414426 0.144783 -0.229982 -1.026874 -0.909190 
-0.915447 -1.524562 -1.058270 -0.159819 0.246816 -0.676322 0.736119 -0.019417 
-0.797842 -0.924798 -0.716108 -0.191940 -0.340441 -0.863759 -0.397875 0.974563 
0.131112 -1.014558 -0.385150 -0.498025 -0.660321 0.529942 0.505196 -1.550868 
-1.089505 -2.069952 -1.609650 -1.354076 -1.633771 0.288188 -1.636929 0.493566 
-0.591291 -1.375395 -0.858230 0.847409 -1.489285 -1.404451 -2.798830 -3.084897 
0.392536 -0.938013 1.408306 -1.517534 -1.194953 -2.015590 0.139972 -0.702911 
-0.933567 -1.291690 -0.210831 -0.307575 -0.982446 -0.247772 0.477463 -0.583791 
-0.712128 -0.263944 1.155343 1.133792 -2.305923 -0.115581 -2.171311 -3.011057 
-0.176816 -0.492993 1.811297 -0.458148 0.343511 -0.877784 -1.959645 -0.344346 
-0.088554 -1.492951 -1.697989 -2.231103 -1.182303 0.722191 -0.985491 -0.644036 
0.107007 -0.088483 -1.697442 -0.158052 -9.795736 -9.525593 2.905076 1.375565 
0.376071 -0.608492 -1.250112 -0.189440 2.027212 -1.456129 -18.661448 -2.131575 
-2.269499 -0.360865 0.285148 -1.900875 -1.966689 0.750932 -7.093544 0.458670 
-0.048008 -0.960208 0.961103 -0.701660 -1.439099 -0.889972 -0.103809 -9.096459 
-4.732099 -2.345055 0.044257 -5.581891 -6.528631 3.587918 0.098826 1.064223 
0.069012 -5.799380 0.158357 -1.182403 2.413328 -1.892588 -0.527077 0.104323 
-0.925645 11.584646 -3.045866 -0.358770 -1.072102 0.214978 -0.009531 -0.340999 
7.872626 2.122484 -0.292429 4.041336 -0.339313 -1.439325 -0.064433 -5.731909 
-0.251984 -0.715125 -4.584388 -0.758649 -0.025813 -1.050816 -1.578981 -1.126425 
-2.381053 -1.738861 -0.160045 -1.578644 -2.879838 -0.004464 -2.291730 -2.552239 
-5.114485 -3.738113 0.170875 -1.983942 -2.219331 -9.380702 -2.519532 1.968562 
-3.543706 3.059843 4.581648 -0.307801 4.197105 4.030801 8.992260 -2.033100 
0.578587 -3.929575 -1.559374 -1.926811 -3.787728 -1.508222 -0.394242 0.186456 
-5.136631 -0.195406 6.002547 -1.403230 -4.428359 1.289154 3.466755 -0.902781 
-3.125215 -1.474214 -0.534059 -3.667264 -6.637165 -0.565687 0.351532 1.721664 
4.759727 11.527126 -0.019623 -2.139671 -0.971219 3.017108 -1.539043 -0.489710 
-1.763215 0.363120 -5.347282 -8.444182 -2.819867 -0.058232 -0.076813 0.005936 
-0.514851 -0.458501 0.091457 -0.139656 -0.445636 -0.682959 -0.573281 -0.157621 
-0.180161 -0.182240 -1.063388 0.158156 -0.761165 0.113657 -0.341782 -0.425768 
-0.066739 -0.615673 -1.094326 -0.440931 -0.215101 -0.058695 -0.931713 -0.355776 
-0.626764 -0.013917 -0.293573 -0.281902 -0.901946 -0.554351 0.000211 0.382143 
0.378699 -0.596741 -0.258070 -0.442591 -0.723826 -0.637857 -0.129843 -0.440215 
-0.760800 -0.055503 -0.307366 -0.121290 0.318847 -0.364247 -0.106800 0.378671 
-0.291303 -0.391503 -0.175904 0.560304 -0.700530 -0.518330 0.264751 0.062612 
-0.145911 0.014921 -0.206910 -0.015600 -0.321094 -0.767225 0.229916 0.182702 
-2.202852 1.210413 0.346308 -1.643616 -0.951726 -0.828221 -1.445820 1.819336 
-0.470320 0.450299 2.667273 -2.979118 0.015179 -0.292942 1.384814 -1.062024 
-1.463862 1.422736 -2.079252 0.798200 -1.292600 -4.006973 -0.869907 0.928773 
0.777712 -0.940019 2.176128 -1.296951 4.042465 -7.031956 0.384223 -0.132892 
-1.545639 -1.031389 1.332479 2.751429 0.891826 -3.200107 -7.768065 1.216416 
1.518442 -0.188830 -1.099557 -1.684935 2.144399 -1.833077 -2.739752 -0.625483 
-0.137731 0.852870 -2.988506 -5.660925 0.010944 -0.796835 -0.539756 -1.303937 
-0.925583 0.229759 -1.445502 0.251985 0.307943 1.394040 -1.418180 -0.092631 
-0.471992 -0.178493 -0.846093 -0.476155 -0.237548 -0.016501 -0.643255 -0.458407 
-0.684394 -0.427063 -0.321718 0.299073 -0.425651 -0.322930 -0.586759 0.112434 
-0.886024 -0.222672 -0.151036 0.194773 -0.259840 -0.972997 0.015243 -0.669829 
-0.898816 0.192084 -0.752058 -0.232576 0.170758 0.218123 -0.202553 -0.752292 
0.014455 0.471532 0.458834 -0.291441 -0.337200 -0.272659 -0.893204 0.129658 
-0.281147 0.343516 0.137413 -0.163843 -0.304888 -0.395326 -0.456140 0.435171 
-0.022243 -0.553106 0.342458 -0.038021 -0.966287 -0.632039 -0.793460 -0.279679 
-0.488315 0.229764 -0.100100 -0.647478 0.377596 -0.206846 -0.100809 -0.826061 
0.144249 -0.256770 -1.002499 -1.022415 -0.377852 -0.173843 1.302590 -0.761195 
-1.852303 -0.954266 -1.024184 -0.436202 -0.147122 -0.559929 0.459736 -0.743995 
0.072344 0.134131 -0.334935 -0.899592 -0.050328 -0.702562 -0.043370 -0.318466 
-0.494892 -0.589555 -1.726539 -1.190368 -1.391135 -0.862698 -1.176009 0.025398 
-1.427756 -0.602449 0.430393 0.307051 -1.608785 -0.115959 -1.428126 -0.624507 
-0.715474 -0.351791 -0.763143 -0.374427 -1.061225 -0.368033 -1.428442 -0.259692 
0.193706 -0.292642 -0.002049 -0.258483 -0.001830 -0.773169 1.066722 -0.839364 
-1.292145 -0.060372 -0.278236 0.153481 -0.784225 -0.225721 -0.312486 0.182690 
-0.534219 0.149574 1.019739 0.594717 -0.956509 -0.908101 -0.682267 -1.840603 
0.365711 -1.127823 -0.688655 -0.836650 -0.317511 -0.731592 -0.210459 -1.006315 
-1.107408 -0.654890 0.723717 -1.037077 -1.385121 -0.751653 -2.151233 -0.653148 
-0.161801 -0.897480 -0.990004 -1.420426 -0.558799 0.020766 -0.941744 1.117053 
-0.800861 -1.400474 -0.155595 0.086951 -0.217258 -0.488075 -1.058784 -0.326037 
-2.239143 -0.158097 -0.851929 -0.265424 0.622194 -0.654783 -0.524654 -0.301285 
-1.077076 -0.237594 0.198548 -0.204341 -0.721062 -0.487146 -1.048076 -0.150064 
-0.347420 -0.324793 0.349523 -1.461210 -0.045921 0.092207 1.718893 0.056734 
-0.640790 -1.161995 0.138670 -0.452863 -1.127139 -0.163202 -0.920202 -0.616021 
-0.194203 -3.619789 -0.969894 -0.498740 -0.943391 -1.232107 0.127343 -0.254007 
-0.087859 -1.433869 -0.428313 -0.810854 -1.118830 1.039462 -2.327460 -0.576118 
-0.921474 -1.445386 4.447124 -4.044928 -0.938990 -1.109210 -2.815877 -1.096110 
-0.685677 -1.561369 -2.241703 -1.200925 -0.271368 0.099773 0.154255 0.417881 
-0.576062 2.400363 -1.080618 2.384882 -0.744414 -0.001751 -1.066353 -0.764876 
-0.591558 0.317404 -1.703151 0.117710 -0.190244 -0.276167 0.776190 -1.591448 
-0.788831 -1.064720 -8.735628 -1.114446 -0.654215 -0.534834 -1.283321 0.296832 
0.069413 -0.716466 -1.155852 -0.293852 -2.234614 1.571235 2.526888 -0.322647 
-2.222921 5.427529 -6.220701 -1.751674 -2.119299 -10.650459 0.705413 6.004135 
1.830519 -0.724260 -1.307829 -1.315951 3.220619 -1.398512 -8.584480 2.983390 
0.601964 -6.592380 1.671501 7.286542 1.422610 1.514046 -1.066705 -7.205213 
0.134220 -3.537282 1.634989 -1.576375 -1.327616 -1.381628 0.745122 2.735621 
-0.392952 1.474533 4.602586 -1.910122 -4.822511 0.381577 -0.291437 -1.152280 
-3.011643 -7.242058 4.161922 -4.324609 -0.298331 0.154841 -1.462857 -4.079273 
-2.879836 -1.168913 -1.534812 -4.025616 -2.000576 -1.948699 -0.774043 1.894340 
-0.385139 3.974303 -1.134648 -1.174036 -0.435475 1.330861 4.870337 6.864171 
-0.613787 -0.387527 -0.775521 2.542280 -0.948506 -1.364487 -0.536533 -1.070026 
2.634084 0.200242 -0.385848 -0.116430 -1.838042 -2.517609 0.772500 -2.175236 
1.503827 -0.392981 -1.886208 0.306122 0.607507 -3.458346 -5.821248 -0.634581 
0.317703 1.996292 -0.130213 -0.224089 -2.609316 -3.741831 -1.431121 0.762097 
0.207253 0.400918 -3.683214 -2.868745 -1.352242 -2.703374 -1.029843 -0.850394 
-0.701442 0.499281 -3.555880 -2.576059 -1.652275 -0.272529 0.465318 -0.920839 
0.799823 -12.808849 4.265294 -0.005856 0.080103 -0.547444 -3.221677 -0.442716 
-5.403028 -0.383236 -1.564833 -0.690261 -0.706431 0.646702 0.474684 -0.248786 
-1.516688 -0.075594 -0.316647 0.018610 -0.119321 -1.289376 -0.931014 -0.675519 
-1.375509 -0.098276 -0.096216 -1.354854 -1.212461 1.034982 -0.469280 -0.275293 
-0.541029 -0.943130 -1.449843 -0.622764 -0.029021 -0.194505 -1.301937 -0.776664 
-0.709212 -0.004171 -0.492355 -0.256036 -0.218706 -1.048745 -0.051193 -0.401710 
-0.085953 -0.830801 -0.029933 -0.546511 0.278714 0.153010 -1.261824 0.075117 
0.033213 -0.717364 -0.576045 0.557635 -0.919671 0.186940 -1.042132 -0.238318 
-0.179267 -0.007660 -0.985006 0.119884 -0.890134 -0.324187 0.125121 -1.588168 
-0.695269 -0.994525 0.765529 -0.871865 0.180704 -1.100296 -0.022469 -0.766699 
-0.336565 -0.228295 -0.251974 -0.386151 -0.547665 -0.137981 -0.774910 -0.091653 
-0.841701 -0.545530 0.158387 -0.422773 0.287660 -0.926546 0.010815 -0.874944 
-0.097012 0.067722 -0.479219 -0.419537 -0.890916 -0.189466 0.189731 -0.552410 
0.195917 -0.157674 0.088504 0.147933 -0.549325 -0.241498 -1.014114 -0.059328 
0.270344 -0.121813 -0.101560 -0.388927 -0.252779 -0.843012 0.233098 0.075449 
-0.417223 -0.168227 -0.909098 -0.103514 0.260209 -0.113681 0.258603 -0.471563 
-0.295329 -0.151043 -0.266457 -0.805992 0.250829 -0.195454 -0.484083 0.255024 
-0.259415 -0.151064 -0.373419 0.321795 -0.077054 -0.659609 -0.362313 -0.508593 
-1.144887 1.778890 -0.728760 -3.123178 -0.986760 1.441752 0.272465 -1.842859 
0.111203 -1.773115 -3.887946 -1.081878 0.078295 -1.864227 -0.738799 -0.097229 
-1.910970 -1.471376 -1.069492 -1.369025 -0.573896 -1.290867 -0.904602 -0.657186 
0.161277 1.757781 -2.332510 -0.965486 2.767507 0.227387 -0.452531 -1.877190 
1.220904 0.748887 -0.075324 -1.883685 1.216638 -0.302446 -1.532181 -1.131725 
-0.403706 -1.415713 2.051833 -1.554350 -0.419910 -0.584373 1.396537 -2.254895 
-0.592392 -0.321516 -0.060424 0.021967 -2.534064 -0.473458 -1.657137 -1.764850 
-0.511324 -0.189607 0.619157 -0.846262 0.833569 -0.758670 1.126673 -2.193923 
0.309495 -0.523607 0.226380 -2.035310 -1.134682 -0.620594 1.398372 0.229436 
-1.647515 0.063199 -0.848725 -1.365625 1.559831 -0.357165 -0.124981 -1.003915 
0.255474 -0.462345 -1.503970 -0.731702 -0.776193 0.086122 -0.141187 -1.894363 
0.204554 -2.290856 -2.522166 -1.074106 -1.151625 -0.179832 -5.037171 -0.588241 
-0.871101 -0.402325 -0.366466 -0.076902 -0.370573 -0.293311 -1.541449 0.093556 
-1.209706 -0.984202 -1.595753 1.799301 -1.492611 -0.340102 -2.414707 -1.195174 
-1.089945 0.120434 0.089963 -1.275272 -0.447654 0.219498 2.191752 -0.352906 
-2.245576 -0.301376 -0.048272 -0.057023 -1.083212 0.070616 -1.210308 -0.493252 
-1.123888 -0.776473 1.011901 2.839662 -6.358998 -1.285194 -1.121605 -2.630692 
0.062499 -2.882652 0.283397 -3.302857 -0.224692 -5.698722 0.666124 1.492689 
-1.078782 -3.574702 1.153607 -1.878483 -3.900047 -0.986333 -1.234047 2.261357 
-0.469680 -3.773893 2.659318 -2.866055 -0.954133 -5.600307 -0.768529 -1.426842 
-2.019737 0.797365 1.344866 -2.802408 -2.025289 1.318622 -0.353881 -1.264912 
-1.378966 1.167035 -1.785771 -0.417757 -0.697060 0.500294 -3.925477 -8.159123 
1.931569 -0.219931 -0.575914 0.102796 -0.700465 -0.078884 0.148668 -3.149722 
-0.663863 -1.417748 -0.753641 0.720587 -2.117833 2.678764 -0.727121 -3.023982 
-0.545448 -2.460323 -1.201527 -0.247287 -0.885478 -2.054632 -0.834224 -1.078621 
-1.301694 -1.754970 -0.697501 0.634148 -1.317723 -1.057508 -0.907216 1.816168 
1.032548 -1.412512 0.071727 -0.397185 -1.753105 -0.110322 -2.364952 -0.339649 
-1.053561 0.267665 -0.095138 1.136753 -0.380981 -1.797892 -1.595078 -0.213455 
-0.923390 -1.309756 -0.225668 1.726764 -3.021801 -0.481569 2.056711 0.373054 
-1.333205 -0.703772 0.509507 0.370262 -2.175760 -0.667240 -1.451433 -2.854157 
-1.247106 0.058841 -0.624810 -0.658154 0.229312 0.846973 -0.624090 -0.116718 
-0.756116 -0.980366 -1.362188 0.038579 -0.192007 -0.670157 -1.201984 0.206222 
-1.663029 -0.252180 -1.951075 0.088615 1.571565 -7.171818 1.214830 -8.194636 
0.213868 -0.642671 3.217967 0.179600 -1.687787 -0.033594 1.232160 -7.577491 
-0.622246 -0.456952 -0.357500 -1.862203 -4.057621 -0.069378 5.462259 1.868748 
1.172868 0.815525 -0.246673 -0.441787 0.688318 1.883169 -0.523491 -2.981618 
3.968080 -7.759298 -0.309282 -4.222729 -3.800697 0.556371 -0.955169 -2.972850 
-0.126887 6.469084 -0.173144 0.460682 -2.927562 -3.795122 0.025972 -0.075424 
-3.490943 2.130048 -5.390036 1.652546 0.188311 -0.453861 0.909876 -3.104725 
-4.146636 -0.685330 -0.475765 0.696837 -4.106602 -2.730163 -0.153128 -4.297931 
-0.432461 -1.674257 -0.263978 -0.736529 -0.788123 -0.850321 0.372637 -3.954786 
-7.881337 -1.067689 2.541135 -2.738302 -1.756550 -2.159029 -1.612289 -1.126615 
-0.924813 0.157587 -0.914290 -0.685386 -4.926121 0.326308 -0.869341 -3.036417 
-1.613421 1.398037 1.242420 0.267760 -3.006469 0.565928 -0.855248 -1.304364 
-2.376642 1.167683 -1.850955 -1.715724 -0.017245 1.139874 -6.302363 0.713728 
-3.759539 -0.043419 -1.165040 -1.404828 2.366453 -1.840975 -0.399316 1.121107 
-1.908305 -5.262270 -1.298554 -0.155099 -2.215083 -1.109049 -0.540659 -2.838925 
-2.269900 -0.522532 -0.600735 1.319817 -1.296086 0.079247 -3.368644 -5.679621 
-4.526781 -0.357254 -3.346809 -0.713315 -2.298320 -0.392810 -1.050785 -0.609341 
-1.613186 -1.530451 -1.272529 -0.128521 1.907501 -0.255280 -1.576539 -0.566853 
-0.490804 -16.371115 -4.427884 -0.538097 -0.479332 7.149209 -0.656174 0.288258 
1.418940 2.755903 -8.960729 0.284766 0.625884 -0.335611 -5.745367 -0.684292 
-0.547232 -1.500488 -1.748416 -1.059846 -1.027878 -6.543937 -2.502091 0.455481 
-0.370107 -0.747886 -0.229100 -6.012387 -1.055529 1.825031 -0.622994 -0.505024 
-1.757665 -0.208903 1.841308 10.859204 0.632517 -1.839992 -0.681801 0.456389 
0.868941 -5.634140 -1.439660 -0.786160 -0.681311 0.751953 -2.678252 -3.146697 
-0.637087 -3.394874 -0.660671 -0.606966 -0.536539 -1.068397 -0.198585 -1.121564 
-0.359549 -1.487527 -0.949611 -5.869568 -1.057814 0.659474 -1.890889 3.625740 
-2.090832 -2.785686 -0.618683 -0.731838 0.346775 -5.731225 0.699017 -0.532410 
-1.372608 -1.547641 0.759616 -1.982711 -1.360399 0.905152 -1.361739 -4.866708 
-4.359299 0.389314 3.235171 -3.461219 0.558960 -3.632679 7.834260 -0.959040 
1.600622 -1.397669 -3.066584 -0.939539 -0.185933 -3.140445 -3.211794 1.470835 
4.036904 -0.553874 -0.296562 0.656399 -0.918612 -0.712559 -2.334600 -1.016357 
0.214033 -1.002106 -0.100428 4.586184 -0.387363 -1.409096 -1.088182 -11.345804 
7.912312 -0.180107 -1.933107 -0.847425 -5.938100 -2.187200 -2.157901 0.226212 
-0.189274 0.075552 -1.407592 -0.579016 -0.967298 0.185017 -0.087907 -1.348319 
-0.209628 -1.406371 -1.433567 0.298551 -0.811660 -0.366776 -0.399210 -0.172879 
-0.937135 -0.926624 -0.061513 0.428231 -0.634080 -0.341744 -1.977558 -0.089430 
0.487638 -0.053833 -0.759237 -1.054456 0.759303 -0.918084 -1.152081 -1.534641 
0.272153 0.297011 0.094126 -1.422522 0.214125 -0.827779 -1.297945 0.362552 
-0.833207 -0.363152 -0.315759 -1.312570 -0.762645 -0.204754 -0.345359 -0.401508 
-0.732095 0.085850 -0.231692 -0.327009 -1.456685 0.027230 -1.036660 -0.540359 
0.135912 -0.375240 -0.360679 -0.794014 0.312811 -0.425044 -0.010673 -0.759801 
1.202339 -1.433526 0.294207 -1.019010 -0.498827 -0.658366 -0.886820 -0.343269 
-7.298733 0.112855 -0.825895 -1.289893 -0.741405 0.176854 0.072599 -0.838134 
1.531181 -0.267233 -1.134586 -3.303111 -0.886831 -0.482267 0.006153 -0.401068 
-0.288619 5.273931 -4.017164 -0.808929 -0.547329 -1.413936 0.353852 -1.186077 
-2.825784 0.810058 -0.284244 -0.077797 -2.088181 -0.150367 -1.334043 0.978896 
2.727661 -0.667735 -0.574858 0.907243 2.425357 -0.917234 0.332337 0.089549 
5.281266 -0.457606 -0.032756 0.178133 0.038202 -0.784891 3.315648 -0.660230 
-0.651429 -0.044650 -0.373285 -0.556716 -1.159956 2.081222 -0.275241 -0.879772 
-1.018722 0.024481 0.653527 -5.482992 -1.005425 -0.077362 -1.139937 -3.334826 
-2.892385 3.430512 2.130506 -0.444347 -3.315160 1.652655 4.690549 0.201272 
0.695724 7.851779 2.792790 -3.164249 0.626034 -0.431967 -2.146621 1.332513 
-0.838816 1.784789 4.302463 0.423458 -0.669241 -4.648352 1.013467 0.689161 
-3.046549 -2.776255 1.339623 -2.947197 0.068094 -4.858608 0.137139 5.474225 
1.844497 -3.921703 -1.113984 -5.116833 4.747963 -3.980261 10.076528 -1.262136 
0.146666 -3.354001 -3.903069 0.109500 2.326806 -0.454750 -0.457701 1.838625 
-4.988443 -4.721166 -2.504812 3.091477 -1.139034 -0.134131 3.891694 -1.174230 
1.857982 -2.787449 0.475885 0.628284 -1.670457 -1.118197 -0.424848 -0.533148 
0.280237 1.546664 -0.638050 -0.543606 -0.421295 1.037288 0.094529 -1.536036 
-0.340622 -0.565821 -0.801890 -0.586741 -0.845567 -1.246467 -0.782131 -0.417432 
0.109424 -0.837074 -0.270337 -0.494209 -0.744268 -1.156065 1.111750 -0.055450 
-0.116664 -0.720484 -1.090651 1.899577 0.069576 -0.095500 -0.491358 -0.434095 
-1.547055 -1.087839 -1.361936 -1.513973 0.194526 -0.317426 -1.101551 0.073683 
0.083041 -0.248485 -0.087122 -0.433018 0.266809 -0.493961 0.171552 -1.467847 
-0.479374 -1.022655 -0.911897 0.334076 -0.478853 -0.185171 -0.930753 -0.065049 
-0.162168 0.442555 -0.822637 -0.219490 1.112885 -2.276117 -2.475913 -0.745949 
-0.526379 -0.439303 -0.943198 -0.375423 0.386047 -0.993162 2.493521 0.598251 
-1.261473 -0.193102 1.041166 0.572015 -0.657544 -2.145338 -0.147723 -0.729367 
0.079300 -2.462595 0.585000 -0.669836 0.174422 -5.099520 -0.477451 0.658878 
-0.074776 -0.433388 -1.046258 3.989282 0.965003 -2.432772 -0.400000 2.928241 
0.369391 2.444748 0.706744 -3.157020 -1.438568 -3.253923 -0.691680 -0.929802 
-0.157968 -4.545870 -0.841765 -3.196429 0.051004 0.117844 -0.877474 -0.747708 
0.080821 -0.599716 -0.547645 -0.069737 3.697624 -2.238230 0.290152 -2.886831 
0.127891 2.625924 3.873104 -0.556291 0.222109 -0.833908 -0.578334 -1.558192 
-1.089634 -0.104045 0.414223 0.803593 -0.171429 -0.232560 -0.890978 0.025739 
-2.126486 -0.955751 0.086130 -0.299292 2.970099 -0.422134 -0.306349 -0.496494 
-1.515686 -3.914839 0.150711 -0.346235 -0.751978 -0.905335 -0.262208 -0.605582 
-1.031632 -0.478860 -1.029834 -0.157695 1.038867 -0.092372 0.131134 0.415937 
-0.323964 -0.146546 -0.953678 -0.032019 1.246455 -0.666591 -0.389154 -0.237341 
-0.929782 0.480103 -6.267906 0.469692 -0.367721 -0.144281 0.053672 0.075219 
-1.153391 -1.580725 -0.489741 -0.820297 -0.265384 -0.227684 -0.894939 0.174445 
-1.035444 -0.195570 -0.943413 0.269749 -1.012806 0.287554 -0.626550 -0.690100 
-0.589346 -0.621489 -0.792564 -0.080519 -0.732813 -1.054717 0.096620 -0.925306 
-0.433485 0.060026 -0.069079 0.768231 -0.183238 -0.421834 -0.758044 -0.432123 
0.005468 -0.520291 -0.431862 -0.232761 -0.174820 0.010159 -0.551042 -0.562230 
-0.914651 -0.234576 0.442650 0.077915 -0.499407 -0.463471 -0.235387 0.071668 
-0.171352 -0.788614 0.728496 0.153596 -0.352878 -0.102117 -0.275157 0.248978 
-0.109712 -0.489770 0.073974 -0.295568 -0.054863 0.135485 -0.067624 -0.192274 
0.090352 -0.717362 -0.841192 0.190255 -0.214635 -0.083578 -0.264338 0.144076 
0.306947 -0.841191 0.448394 -0.676064 -0.535898 -0.853993 -0.263413 2.191619 
-0.377992 -2.443244 -0.627831 4.090442 2.688914 0.457974 -8.830127 -0.262787 
-0.655359 -1.678485 -1.344064 -0.299853 0.313095 -1.069837 0.748895 -6.736286 
-0.808198 -1.258846 -0.050137 -0.378625 0.849517 0.480850 -1.079993 -2.597713 
0.286528 -1.442048 5.348679 -0.430529 1.402242 -0.501486 -1.855510 -1.738831 
0.189807 -0.163359 -2.317114 -2.660640 3.157743 1.377991 -1.330361 -0.660824 
-1.159659 3.913258 -1.089566 -1.168883 0.007794 -4.750196 -1.441316 0.058925 
0.022318 -0.176260 -0.115387 -0.112170 -0.628270 -1.506649 -0.009183 -0.041190 
1.265197 0.390011 -0.857565 0.352064 -1.429208 -0.117450 -1.766609 0.071111 
-0.199928 0.743806 -0.992631 -0.843495 -0.642165 -0.085672 -0.689480 -1.234891 
0.302125 -1.194772 -1.106893 -0.810304 -1.000293 0.207116 -0.925769 -0.775219 
-0.311073 -0.504768 -0.673947 0.050820 -0.702728 -1.252091 -1.045526 0.121026 
-0.949580 -0.339791 -1.304384 -0.504075 -0.512121 0.360001 -0.990471 -0.036321 
0.133399 -1.103646 0.389610 -1.650175 -0.464041 -0.377537 -0.702897 -0.134640 
-1.407138 -0.294016 0.131699 -0.879613 0.258033 -0.257733 -1.486056 0.350715 
0.165322 -0.309402 0.354109 -0.466792 -1.266687 0.115700 -1.009043 -0.796228 
0.489514 -0.138082 0.252325 -1.063985 0.315607 0.556089 0.330676 -1.558828 
-0.199685 0.437029 -0.055883 -0.890625 -0.743805 -1.072671 0.062013 0.007286 
-0.509208 -0.619513 -0.418867 -0.343948 -0.795869 -0.599863 -0.116654 -0.340115 
1.390107 -0.618950 -0.258341 -0.507148 -0.607613 -0.932677 0.044555 -0.383388 
-0.386107 -0.400780 -1.458075 -0.406055 -0.445147 -0.714275 -0.906996 -1.057268 
-1.088862 1.063560 0.419515 0.386071 0.124746 0.195380 -0.724332 -0.972825 
0.428220 -0.341719 -0.456852 -0.408294 -3.865090 -0.750965 0.334347 -0.488699 
0.504804 -0.243652 -0.627241 -0.609153 -0.191432 -0.493658 -0.130343 -0.217485 
-0.108045 -0.310194 -0.139093 0.033396 -0.846335 -0.313401 -0.059068 -0.673104 
-0.711158 0.144843 6.997133 -5.460154 4.480443 -0.795249 -5.276313 -0.271648 
0.050397 -2.414217 -4.457502 -3.712581 -9.330622 -2.230628 -4.820691 0.200466 
-6.030306 -2.458933 -1.686046 3.447075 8.438379 -2.358730 -1.732274 -0.674415 
-1.764253 -0.115143 -0.443772 -5.740976 -2.521021 2.448394 8.887750 3.043497 
-2.491530 -1.655596 -2.023327 0.474571 0.416658 -2.072274 0.189409 -6.958664 
-1.746026 7.237998 -4.641709 -2.170026 -0.576967 -2.337373 -0.657590 -1.736920 
-0.531698 -2.434265 -0.073950 0.399867 -1.537907 -0.383342 -0.014704 3.089798 
-1.860719 2.167471 -1.847001 -7.504073 0.034038 -3.264109 -0.193840 -0.141945 
0.130265 -2.350100 0.234827 4.170631 -3.698149 -3.087341 -1.095990 -0.403013 
-0.717548 -0.712595 -1.423244 -0.281653 -2.632959 3.319302 2.270058 -0.023740 
0.248831 -6.121289 -2.074645 8.506874 0.476018 2.557714 -1.351918 -1.809807 
-3.110499 -1.042579 -0.940104 -1.211268 -1.714659 -1.449497 0.334333 0.163722 
0.834189 -1.490945 -0.464413 3.540063 0.493943 -0.169392 -0.968213 0.339034 
-9.319005 -0.737041 4.152129 -1.979361 -0.597253 -0.717707 -1.490632 -0.986373 
-2.880700 -4.203311 -0.841822 -0.309954 0.426520 -0.486207 -0.132839 -1.929564 
0.367463 -1.724493 -1.256763 -0.468520 9.681367 -0.565480 -3.327165 0.146717 
-0.599311 0.052253 -1.601996 -0.141910 0.309906 -0.518003 -0.355251 0.098841 
0.261522 0.374943 -0.778912 -0.634489 -0.366939 -0.343889 -0.553205 0.111001 
-0.133739 -0.126007 -0.496713 -0.399032 -0.587145 -0.343855 0.380803 -0.553899 
0.080851 -0.605470 -0.467888 -0.350650 -0.611081 -0.642611 -0.668574 -0.321342 
-0.272141 -0.537732 -0.595114 -0.099447 -0.219687 -0.033420 -0.044504 -0.120581 
-0.459195 -0.106824 -0.172767 -0.053603 -0.271012 -0.013732 -0.277901 -0.357378 
0.254934 -0.348434 -0.370174 -0.416206 0.028029 0.123946 0.067035 -0.329237 
-0.307638 -0.413574 -0.742768 0.183980 0.057992 -0.178510 -0.483938 -0.159082 
0.468957 0.117906 -0.271790 -0.240123 -0.118587 -0.178663 -0.279923 -0.186507 
-0.389402 -0.740372 -0.038635 -0.587774 -0.506233 -0.604470 -0.260262 -0.744199 
0.397840 -0.211557 -0.351529 -0.309920 -0.272856 -0.664896 -0.631943 -0.175977 
-0.133383 -0.267709 -0.531670 0.171582 0.104056 -0.405679 0.087713 -0.193034 
-0.100080 -0.568251 -0.607130 -0.279797 -0.150097 -0.399388 -0.204107 0.331470 
0.044949 0.171064 -0.412815 -0.747098 -0.013051 -0.304471 -0.473915 -0.518988 
-0.544951 0.118284 0.161368 -0.546327 -0.416615 -0.072501 -0.322580 -0.281490 
0.022650 -0.076108 0.319063 -0.197291 -0.611563 0.137638 0.031416 0.094093 
-0.615659 -0.493250 -0.297087 0.229014 -0.704259 -0.015520 -0.281060 -0.208111 
-0.615703 -0.036945 -0.692528 -0.246103 -0.215021 -0.424575 -1.049545 -0.479154 
-0.319021 0.094549 -0.477719 0.205270 -0.517232 0.098174 -0.223864 -1.071570 
0.032263 -0.444909 -0.170073 -0.746765 -0.031805 0.108037 -0.439684 -0.379889 
-0.427805 0.149696 0.233806 -0.118376 -0.476283 -0.844094 0.001828 -0.632978 
-0.485660 -0.322530 0.356214 0.207963 -0.437445 -0.166326 -0.504671 0.039093 
-0.074586 -0.238360 -0.288530 -0.018482 -1.036932 0.317741 -0.543199 -0.361334 
-0.697091 -0.286579 -0.299024 0.149306 -0.353250 -0.083639 -0.043146 -0.551892 
0.311324 -0.928542 -0.099368 -0.120960 -0.246127 -0.848398 -0.238806 -0.161237 
-0.491463 -0.498860 0.351378 0.017506 -0.350541 -0.864893 -0.627157 -0.214786 
-0.515919 -0.793272 0.341959 -0.353175 0.261786 -0.881590 -0.222674 -0.938748 
-0.375926 -0.039102 0.025512 -0.600865 -0.236777 -0.183749 -0.260027 -0.554160 
-0.563823 -0.702335 -0.052243 -0.714282 -0.167725 -1.015339 -1.035611 -0.523830 
0.423484 0.398539 -0.370341 0.490813 -0.039323 -0.605519 -0.178472 -0.365057 
-0.439353 -0.293023 -0.822666 -0.725139 -0.318024 -0.692240 0.043576 -0.245278 
-0.147237 -0.203017 -0.425567 -0.604666 -0.422277 -0.507936 -0.009021 0.330292 
-0.387353 0.242673 -0.506705 0.304652 -0.056086 -0.055960 -1.064078 0.314647 
-1.163190 0.165967 0.857806 -0.221420 -0.677526 0.360755 0.439206 -1.120511 
1.988675 -1.083693 -2.920367 -2.949417 -0.703741 0.290412 -0.287358 0.978978 
-0.687960 -0.910638 -0.802600 0.295375 -1.035257 -0.572954 1.353543 -0.675053 
-0.850203 -0.470750 -0.968682 0.289922 4.603557 1.563109 -0.491544 0.222056 
-0.357255 0.086360 0.042297 -2.617736 -0.503130 -0.244648 -1.692763 1.075246 
-1.042132 1.770094 -0.386424 -0.884906 -7.988268 -0.014024 -0.824177 -1.398539 
-0.009818 -0.161200 -0.953931 -0.473516 -2.237544 0.253756 -0.829182 -0.623787 
2.203861 -0.279129 -0.185143 -0.083373 -0.138879 0.559516 0.124818 -1.230393 